{
	"__comment": "Designed by EFM",
	"textures": {
		"particle": "blocks/e_particle",
		"texture": "efm/skins/skin1"
	},
	"elements": [ 	 
		{
			"__comment": "Box1",
			"from": [ 4, 0, 3 ],
			"to": [ 9, 5, 22.5 ],
			"rotation": { "origin": [ 4, 0, 3 ], "axis": "y", "angle": -22.5 },
			"faces": {
				"down": { "uv": [ 10, 5, 11, 8 ], "texture": "#texture" },
				"up": { "uv": [ 10, 5, 11, 8 ], "texture": "#texture", "rotation": 180 },
				"north": { "uv": [ 12, 4, 13, 5 ], "texture": "#texture" },
				"south": { "uv": [ 11, 4, 12, 5 ], "texture": "#texture" },
				"west": { "uv": [ 11, 5, 12, 8 ], "texture": "#texture", "rotation": 90 },
				"east": { "uv": [ 12, 5, 13, 8 ], "texture": "#texture", "rotation": 270 }
			}
		},
		{
			"__comment": "Box1",
			"from": [ 7, -1, 10.5 ],
			"to": [ 12, 4, 32 ],
			"faces": {
				"down": { "uv": [ 10, 5, 11, 8 ], "texture": "#texture" },
				"up": { "uv": [ 10, 5, 11, 8 ], "texture": "#texture", "rotation": 180 },
				"north": { "uv": [ 12, 4, 13, 5 ], "texture": "#texture" },
				"south": { "uv": [ 11, 4, 12, 5 ], "texture": "#texture" },
				"west": { "uv": [ 11, 5, 12, 8 ], "texture": "#texture", "rotation": 90 },
				"east": { "uv": [ 12, 5, 13, 8 ], "texture": "#texture", "rotation": 270 }
			}
		}
	],
	"display": {
		"thirdperson_lefthand": {
			"scale":  [ 0.0001, 0.0001, 0.0001 ]
		},
		"firstperson_righthand": {
			"rotation":  [ 0, -23, 0 ],
			"translation":  [ -2.782, 5.5652, 0 ],
			"scale":  [ 0.0001, 0.0001, 0.0001 ]
		},
		"firstperson_lefthand": {
			"rotation":  [ 0, 2, 0 ],
			"translation":  [ -12.5, 6, -2.78 ],
			"scale":  [ 0.8, 0.8, 0.8 ]
		},
		"gui": {
			"scale":  [ 0.0001, 0.0001, 1 ]
		},
		"ground": {
			"scale":  [ 0.0001, 0.0001, 0.0001 ]
		}
	}
}