{
 "parent": "item/generated",
 "textures": {
 "layer0": "item/crossbow_standby"
 },
 
 "overrides": [
 {"predicate": {"custom_model_data":1}, "model": "efm/guns/ak_nomods"},
 {"predicate": {"custom_model_data":2}, "model": "efm/guns/mp5_nomods"},
 {"predicate": {"custom_model_data":3}, "model": "efm/guns/m4_nomods"},
 {"predicate": {"custom_model_data":4}, "model": "efm/guns/ak_nomods_fp_running"},
 {"predicate": {"custom_model_data":5}, "model": "efm/guns/ak_nomods_fp"},
 {"predicate": {"custom_model_data":6}, "model": "efm/guns/ak_nomods_fp_aim"}
 ]
}