{
 "parent": "item/generated",
 "textures": {
 "layer0": "minecraft:item/bow"
 },
 
 "overrides": [
 {"predicate": {"custom_model_data":1}, "model": "efm/items/aa"},
 {"predicate": {"custom_model_data":2}, "model": "efm/items/chain"},
 {"predicate": {"custom_model_data":3}, "model": "efm/items/dogtags"},
 {"predicate": {"custom_model_data":4}, "model": "efm/items/dryfuel"},
 {"predicate": {"custom_model_data":5}, "model": "efm/items/carbattery"},
 {"predicate": {"custom_model_data":6}, "model": "efm/items/dvd"},
 {"predicate": {"custom_model_data":7}, "model": "efm/items/horse"},
 {"predicate": {"custom_model_data":8}, "model": "efm/items/kektape"},
 {"predicate": {"custom_model_data":9}, "model": "efm/items/metalparts"},
 {"predicate": {"custom_model_data":10}, "model": "efm/items/raddetector"},
 {"predicate": {"custom_model_data":11}, "model": "efm/items/money"}
 ]
}