{
 "parent": "item/generated",
 "textures": {
 "layer0": "minecraft:item/bow"
 },
 
 "overrides": [
 {"predicate": {"custom_model_data":1}, "model": "efm/worldmodels/drawer"},
 {"predicate": {"custom_model_data":2}, "model": "efm/worldmodels/computer"},
 {"predicate": {"custom_model_data":3}, "model": "efm/worldmodels/wooden_crate"},
 {"predicate": {"custom_model_data":4}, "model": "efm/worldmodels/hanging_jacket"},
 {"predicate": {"custom_model_data":5}, "model": "efm/worldmodels/door"},
 {"predicate": {"custom_model_data":6}, "model": "efm/worldmodels/light"},
 {"predicate": {"custom_model_data":7}, "model": "efm/worldmodels/box1"},
 {"predicate": {"custom_model_data":7}, "model": "efm/worldmodels/box2"},
 {"predicate": {"custom_model_data":7}, "model": "efm/worldmodels/box3"}
 ]
}