{
 "parent": "item/generated",
 "textures": {
 "layer0": "minecraft:item/bow"
 },
 
 "overrides": [
 {"predicate": {"custom_model_data":1}, "model": "efm/backpacks/pillgrim"},
 {"predicate": {"custom_model_data":2}, "model": "efm/helmets/ryst"},
 {"predicate": {"custom_model_data":3}, "model": "efm/containers/playercontainer"},
 {"predicate": {"custom_model_data":4}, "model": "efm/arms/arm"},
 {"predicate": {"custom_model_data":5}, "model": "efm/backpacks/sling"},
 {"predicate": {"custom_model_data":6}, "model": "efm/backpacks/sportbag"},
 {"predicate": {"custom_model_data":7}, "model": "efm/backpacks/transformer"},
 {"predicate": {"custom_model_data":8}, "model": "efm/backpacks/money"}
 ]
}