{
 "parent": "item/generated",
 "textures": {
 "layer0": "minecraft:item/bow"
 },
 
 "overrides": [
 {"predicate": {"custom_model_data":1}, "model": "efm/backpacks/pillgrim"},
 {"predicate": {"custom_model_data":2}, "model": "efm/helmets/ryst"},
 {"predicate": {"custom_model_data":3}, "model": "efm/guns/ak_nomods"},
 {"predicate": {"custom_model_data":4}, "model": "efm/guns/mp5_nomods"},
 {"predicate": {"custom_model_data":5}, "model": "efm/guns/m4_nomods"},
 {"predicate": {"custom_model_data":6}, "model": "efm/containers/playercontainer"},
 {"predicate": {"custom_model_data":7}, "model": "efm/arms/arm"},
 {"predicate": {"custom_model_data":8}, "model": "efm/worldmodels/drawer"},
 {"predicate": {"custom_model_data":9}, "model": "efm/worldmodels/computer"},
 {"predicate": {"custom_model_data":10}, "model": "efm/worldmodels/wooden_crate"},
 {"predicate": {"custom_model_data":11}, "model": "efm/worldmodels/hanging_jacket"},
 {"predicate": {"custom_model_data":12}, "model": "efm/items/aa"},
 {"predicate": {"custom_model_data":13}, "model": "efm/items/chain"},
 {"predicate": {"custom_model_data":14}, "model": "efm/items/dogtags"},
 {"predicate": {"custom_model_data":15}, "model": "efm/items/dryfuel"},
 {"predicate": {"custom_model_data":16}, "model": "efm/items/tape"}
 ]
}