{
	"__comment": "Designed by EFM",
	"textures": {
		"texture": "efm/box"
	},
	"elements": [ 	 
		{
			"__comment": "Box1",
			"from": [ 2.5, 0, 4 ],
			"to": [ 13.5, 16, 15.5 ],
			"faces": {
				"down": { "uv": [ 0, 0, 16, 16 ], "texture": "#texture" },
				"up": { "uv": [ 0, 0, 16, 16 ], "texture": "#texture" },
				"north": { "uv": [ 0, 0, 16, 16 ], "texture": "#texture" },
				"south": { "uv": [ 0, 0, 16, 16 ], "texture": "#texture" },
				"west": { "uv": [ 0, 0, 16, 16 ], "texture": "#texture" },
				"east": { "uv": [ 0, 0, 16, 16 ], "texture": "#texture" }
			}
		}
	]
}