{
	"__comment": "Designed by EFM",
	"textures": {
		"texture": "efm/box"
	},
	"elements": [ 	 
		{
			"__comment": "Box1",
			"from": [ 3, 0, 2.5 ],
			"to": [ 14, 6, 14 ],
			"faces": {
				"down": { "uv": [ 0, 0, 16, 16 ], "texture": "#texture" },
				"up": { "uv": [ 0, 0, 16, 16 ], "texture": "#texture" },
				"north": { "uv": [ 0, 0, 16, 8.5 ], "texture": "#texture" },
				"south": { "uv": [ 0, 0, 16, 9.5 ], "texture": "#texture" },
				"west": { "uv": [ 0, 9, 16, 16 ], "texture": "#texture" },
				"east": { "uv": [ 0, 8.5, 16, 16 ], "texture": "#texture" }
			}
		}
	]
}