{
	"__comment": "Designed by EFM",
	"textures": {
		"particle": "blocks/e_particle",
		"texture": "blocks/e_texture",
		"untitled_atlas": "efm/computer"
	},
	"elements": [ 	 
		{
			"__comment": "Voxels",
			"from": [ 5, 0, 1.25 ],
			"to": [ 11, 15.75, 13.75 ],
			"faces": {
				"down": { "uv": [ 10.625, 12.875, 12.125, 16 ], "texture": "#untitled_atlas" },
				"up": { "uv": [ 9.125, 16, 10.625, 12.875 ], "texture": "#untitled_atlas" },
				"north": { "uv": [ 1.5, 4.1875, 0, 8.125 ], "texture": "#untitled_atlas" },
				"south": { "uv": [ 1.5, 4.1875, 3, 8.125 ], "texture": "#untitled_atlas" },
				"west": { "uv": [ 0, 8.125, 3.125, 12.0625 ], "texture": "#untitled_atlas" },
				"east": { "uv": [ 3.125, 12.0625, 0, 16 ], "texture": "#untitled_atlas" }
			}
		},
		{
			"__comment": "Voxels",
			"from": [ 5, 0, 13.75 ],
			"to": [ 10.75, 15.75, 15.25 ],
			"faces": {
				"down": { "uv": [ 9.125, 12.5, 10.5625, 12.875 ], "texture": "#untitled_atlas" },
				"up": { "uv": [ 10.625, 12.875, 12.0625, 12.5 ], "texture": "#untitled_atlas" },
				"south": { "uv": [ 3.125, 4.3125, 4.5625, 8.25 ], "texture": "#untitled_atlas" },
				"west": { "uv": [ 4.5625, 4.375, 4.9375, 8.3125 ], "texture": "#untitled_atlas" },
				"east": { "uv": [ 5.3125, 4.375, 4.9375, 8.3125 ], "texture": "#untitled_atlas" }
			}
		},
		{
			"__comment": "Voxels",
			"from": [ 5, 0.25, 0 ],
			"to": [ 11, 15.75, 1.25 ],
			"faces": {
				"down": { "uv": [ 0, 0, 1.5, 0.3125 ], "texture": "#untitled_atlas" },
				"up": { "uv": [ 1.5, 0.3125, 3, 0 ], "texture": "#untitled_atlas" },
				"north": { "uv": [ 1.5, 0.3125, 0, 4.1875 ], "texture": "#untitled_atlas" },
				"west": { "uv": [ 5.625, 4.4375, 5.9375, 8.3125 ], "texture": "#untitled_atlas" },
				"east": { "uv": [ 5.1875, 0.5, 4.875, 4.375 ], "texture": "#untitled_atlas" }
			}
		},
		{
			"__comment": "Voxels",
			"from": [ 5, 0.25, 15.25 ],
			"to": [ 11, 15.5, 15.5 ],
			"faces": {
				"down": { "uv": [ 12.5, 12.125, 14, 12.1875 ], "texture": "#untitled_atlas" },
				"up": { "uv": [ 14, 12.1875, 15.5, 12.125 ], "texture": "#untitled_atlas" },
				"north": { "uv": [ 6.125, 12.1875, 4.625, 16 ], "texture": "#untitled_atlas" },
				"south": { "uv": [ 3.125, 12.1875, 4.625, 16 ], "texture": "#untitled_atlas" },
				"west": { "uv": [ 14.625, 12.1875, 14.6875, 16 ], "texture": "#untitled_atlas" },
				"east": { "uv": [ 14.75, 12.1875, 14.6875, 16 ], "texture": "#untitled_atlas" }
			}
		},
		{
			"__comment": "Voxels",
			"from": [ 5, 0.25, 15.5 ],
			"to": [ 10.75, 15.75, 15.75 ],
			"faces": {
				"down": { "uv": [ 3.125, 0, 4.5625, 0.0625 ], "texture": "#untitled_atlas" },
				"up": { "uv": [ 7.375, 12.125, 8.8125, 12.0625 ], "texture": "#untitled_atlas" },
				"north": { "uv": [ 4.5625, 0.4375, 3.125, 4.3125 ], "texture": "#untitled_atlas" },
				"south": { "uv": [ 4.5625, 8.3125, 6, 12.1875 ], "texture": "#untitled_atlas" },
				"west": { "uv": [ 5.1875, 0.5, 5.25, 4.375 ], "texture": "#untitled_atlas" },
				"east": { "uv": [ 5.3125, 0.5, 5.25, 4.375 ], "texture": "#untitled_atlas" }
			}
		},
		{
			"__comment": "Voxels",
			"from": [ 5, 0.5, 15.75 ],
			"to": [ 11, 15.25, 16.25 ],
			"faces": {
				"down": { "uv": [ 6.125, 12.1875, 7.625, 12.3125 ], "texture": "#untitled_atlas" },
				"up": { "uv": [ 7.625, 12.3125, 9.125, 12.1875 ], "texture": "#untitled_atlas" },
				"north": { "uv": [ 9.125, 12.3125, 7.625, 16 ], "texture": "#untitled_atlas" },
				"south": { "uv": [ 6.125, 12.3125, 7.625, 16 ], "texture": "#untitled_atlas" },
				"west": { "uv": [ 3, 4.4375, 3.125, 8.125 ], "texture": "#untitled_atlas" },
				"east": { "uv": [ 3.125, 0.5, 3, 4.1875 ], "texture": "#untitled_atlas" }
			}
		},
		{
			"__comment": "Voxels",
			"from": [ 5, 15.25, 15.75 ],
			"to": [ 10.75, 15.5, 16.25 ],
			"faces": {
				"up": { "uv": [ 3.125, 0.3125, 4.5625, 0.1875 ], "texture": "#untitled_atlas" },
				"south": { "uv": [ 10.25, 12, 11.6875, 12.0625 ], "texture": "#untitled_atlas" },
				"west": { "uv": [ 3, 4.1875, 3.125, 4.25 ], "texture": "#untitled_atlas" },
				"east": { "uv": [ 3.125, 4.25, 3, 4.3125 ], "texture": "#untitled_atlas" }
			}
		},
		{
			"__comment": "Voxels",
			"from": [ 5, 15.5, 15.25 ],
			"to": [ 10.75, 15.75, 15.5 ],
			"faces": {
				"up": { "uv": [ 8.8125, 12.0625, 10.25, 12 ], "texture": "#untitled_atlas" },
				"west": { "uv": [ 10.5625, 12.6875, 10.625, 12.75 ], "texture": "#untitled_atlas" },
				"east": { "uv": [ 10.625, 12.75, 10.5625, 12.8125 ], "texture": "#untitled_atlas" }
			}
		},
		{
			"__comment": "Voxels",
			"from": [ 5.25, 0, 0 ],
			"to": [ 11, 0.25, 1.25 ],
			"faces": {
				"down": { "uv": [ 10.625, 12.1875, 12.0625, 12.5 ], "texture": "#untitled_atlas" },
				"north": { "uv": [ 13.125, 12, 11.6875, 12.0625 ], "texture": "#untitled_atlas" },
				"west": { "uv": [ 12.125, 12.5, 12.4375, 12.5625 ], "texture": "#untitled_atlas" },
				"east": { "uv": [ 12.4375, 12.5625, 12.125, 12.625 ], "texture": "#untitled_atlas" }
			}
		},
		{
			"__comment": "Voxels",
			"from": [ 5.25, 0.25, 15.75 ],
			"to": [ 10.75, 0.5, 16.25 ],
			"faces": {
				"down": { "uv": [ 3.125, 0.0625, 4.5, 0.1875 ], "texture": "#untitled_atlas" },
				"south": { "uv": [ 14.5625, 12.0625, 15.9375, 12.125 ], "texture": "#untitled_atlas" },
				"west": { "uv": [ 3, 4.375, 3.125, 4.4375 ], "texture": "#untitled_atlas" },
				"east": { "uv": [ 3.125, 4.3125, 3, 4.375 ], "texture": "#untitled_atlas" }
			}
		},
		{
			"__comment": "Voxels",
			"from": [ 5.25, 15, -0.25 ],
			"to": [ 10.75, 15.25, 0 ],
			"faces": {
				"down": { "uv": [ 14.5625, 12, 15.9375, 12.0625 ], "texture": "#untitled_atlas" },
				"up": { "uv": [ 6, 12, 7.375, 11.9375 ], "texture": "#untitled_atlas" },
				"north": { "uv": [ 8.75, 11.9375, 7.375, 12 ], "texture": "#untitled_atlas" },
				"west": { "uv": [ 3, 0.375, 3.0625, 0.4375 ], "texture": "#untitled_atlas" },
				"east": { "uv": [ 10.625, 12.625, 10.5625, 12.6875 ], "texture": "#untitled_atlas" }
			}
		},
		{
			"__comment": "Voxels",
			"from": [ 5.5, 15.75, 1 ],
			"to": [ 10.5, 16, 14 ],
			"faces": {
				"down": { "uv": [ 13.375, 12.75, 14.625, 16 ], "texture": "#untitled_atlas" },
				"up": { "uv": [ 12.125, 16, 13.375, 12.75 ], "texture": "#untitled_atlas" },
				"north": { "uv": [ 13.375, 12.625, 12.125, 12.6875 ], "texture": "#untitled_atlas" },
				"south": { "uv": [ 12.125, 12.6875, 13.375, 12.75 ], "texture": "#untitled_atlas" },
				"west": { "uv": [ 6, 12.125, 9.25, 12.1875 ], "texture": "#untitled_atlas" },
				"east": { "uv": [ 12.5, 12.125, 9.25, 12.1875 ], "texture": "#untitled_atlas" }
			}
		},
		{
			"__comment": "Voxels",
			"from": [ 10.75, 0.25, -0.25 ],
			"to": [ 11, 15, 0 ],
			"faces": {
				"down": { "uv": [ 3, 0.4375, 3.0625, 0.5 ], "texture": "#untitled_atlas" },
				"up": { "uv": [ 3.0625, 0.5, 3.125, 0.4375 ], "texture": "#untitled_atlas" },
				"north": { "uv": [ 15.375, 12.3125, 15.3125, 16 ], "texture": "#untitled_atlas" },
				"west": { "uv": [ 15.4375, 12.3125, 15.5, 16 ], "texture": "#untitled_atlas" },
				"east": { "uv": [ 15.4375, 12.3125, 15.375, 16 ], "texture": "#untitled_atlas" }
			}
		},
		{
			"__comment": "Voxels",
			"from": [ 10.75, 0.25, 13.75 ],
			"to": [ 11, 15.75, 15 ],
			"faces": {
				"down": { "uv": [ 3, 0, 3.0625, 0.3125 ], "texture": "#untitled_atlas" },
				"up": { "uv": [ 3.0625, 0.3125, 3.125, 0 ], "texture": "#untitled_atlas" },
				"south": { "uv": [ 5.3125, 0.5, 5.375, 4.375 ], "texture": "#untitled_atlas" },
				"east": { "uv": [ 5.625, 4.4375, 5.3125, 8.3125 ], "texture": "#untitled_atlas" }
			}
		},
		{
			"__comment": "Voxels",
			"from": [ 10.75, 0.25, 15 ],
			"to": [ 11, 15.5, 15.25 ],
			"faces": {
				"down": { "uv": [ 3.0625, 0.375, 3.125, 0.4375 ], "texture": "#untitled_atlas" },
				"up": { "uv": [ 3, 0.375, 3.0625, 0.3125 ], "texture": "#untitled_atlas" },
				"east": { "uv": [ 14.8125, 12.1875, 14.75, 16 ], "texture": "#untitled_atlas" }
			}
		},
		{
			"__comment": "Voxels",
			"from": [ 10.75, 0.5, 15.5 ],
			"to": [ 11, 15.5, 15.75 ],
			"faces": {
				"down": { "uv": [ 3.0625, 0.3125, 3.125, 0.375 ], "texture": "#untitled_atlas" },
				"up": { "uv": [ 10.5625, 12.875, 10.625, 12.8125 ], "texture": "#untitled_atlas" },
				"south": { "uv": [ 15, 12.25, 15.0625, 16 ], "texture": "#untitled_atlas" },
				"east": { "uv": [ 15.1875, 12.25, 15.125, 16 ], "texture": "#untitled_atlas" }
			}
		}
	],
	"display": {
		"thirdperson_righthand": {
			"scale":  [ 0.6, 0.6, 0.6 ]
		},
		"thirdperson_lefthand": {
			"scale":  [ 0.0001, 0.0001, 0.0001 ]
		},
		"firstperson_righthand": {
			"scale":  [ 0.6, 0.6, 0.6 ]
		},
		"firstperson_lefthand": {
			"scale":  [ 0.0001, 0.0001, 0.0001 ]
		},
		"gui": {
			"rotation":  [ 0, 50, 0 ],
			"scale":  [ 0.6, 0.6, 0.6 ]
		},
		"head": {
			"rotation":  [ 0, 180, 0 ],
			"translation":  [ 0, -36.86, 0 ],
			"scale":  [ 1.3, 1.3, 1.3 ]
		},
		"ground": {
			"translation":  [ 0, 4.8695, 0 ],
			"scale":  [ 0.5, 0.5, 0.5 ]
		}
	}
}