{
	"__comment": "Designed by EFM",
	"textures": {
		"untitled_atlas": "efm/door"
	},
	"elements": [ 	 
		{
			"__comment": "Voxels",
			"from": [ 0, 0, 8 ],
			"to": [ 16, 32, 9 ],
			"faces": {
				"down": { "uv": [ 6, 13.5, 10, 13.75 ], "texture": "#untitled_atlas" },
				"up": { "uv": [ 8.25, 14.5, 12.25, 14.25 ], "texture": "#untitled_atlas" },
				"north": { "uv": [ 4, 8, 0, 16 ], "texture": "#untitled_atlas" },
				"south": { "uv": [ 0, 0, 4, 8 ], "texture": "#untitled_atlas" },
				"west": { "uv": [ 5, 6.5, 5.25, 14.5 ], "texture": "#untitled_atlas" },
				"east": { "uv": [ 5.5, 6.5, 5.25, 14.5 ], "texture": "#untitled_atlas" }
			}
		},
		{
			"__comment": "Voxels",
			"from": [ 0, 0, 9 ],
			"to": [ 16, 2, 10 ],
			"faces": {
				"down": { "uv": [ 8.25, 14, 12.25, 14.25 ], "texture": "#untitled_atlas" },
				"up": { "uv": [ 8.25, 14, 12.25, 13.75 ], "texture": "#untitled_atlas" },
				"south": { "uv": [ 8, 15, 12, 15.5 ], "texture": "#untitled_atlas" },
				"west": { "uv": [ 4.5, 0, 4.75, 0.5 ], "texture": "#untitled_atlas" },
				"east": { "uv": [ 5, 0, 4.75, 0.5 ], "texture": "#untitled_atlas" }
			}
		},
		{
			"__comment": "Voxels",
			"from": [ 0, 2, 9 ],
			"to": [ 2, 32, 10 ],
			"faces": {
				"up": { "uv": [ 11.5, 15, 12, 14.75 ], "texture": "#untitled_atlas" },
				"south": { "uv": [ 4, 1, 4.5, 8.5 ], "texture": "#untitled_atlas" },
				"west": { "uv": [ 5.75, 7, 6, 14.5 ], "texture": "#untitled_atlas" },
				"east": { "uv": [ 5.75, 7, 5.5, 14.5 ], "texture": "#untitled_atlas" }
			}
		},
		{
			"__comment": "Voxels",
			"from": [ 0, 7, 7 ],
			"to": [ 2, 10, 8 ],
			"faces": {
				"down": { "uv": [ 11.5, 14.5, 12, 14.75 ], "texture": "#untitled_atlas" },
				"up": { "uv": [ 15.5, 16, 16, 15.75 ], "texture": "#untitled_atlas" },
				"north": { "uv": [ 6.5, 12.25, 6, 13 ], "texture": "#untitled_atlas" },
				"west": { "uv": [ 5, 2.75, 5.25, 3.5 ], "texture": "#untitled_atlas" },
				"east": { "uv": [ 5.25, 2, 5, 2.75 ], "texture": "#untitled_atlas" }
			}
		},
		{
			"__comment": "Voxels",
			"from": [ 0, 16, 7 ],
			"to": [ 2, 19, 8 ],
			"faces": {
				"down": { "uv": [ 15.5, 15.5, 16, 15.75 ], "texture": "#untitled_atlas" },
				"up": { "uv": [ 15.5, 13.75, 16, 13.5 ], "texture": "#untitled_atlas" },
				"north": { "uv": [ 4.5, 0.25, 4, 1 ], "texture": "#untitled_atlas" },
				"west": { "uv": [ 5, 1.25, 5.25, 2 ], "texture": "#untitled_atlas" },
				"east": { "uv": [ 5.25, 0.5, 5, 1.25 ], "texture": "#untitled_atlas" }
			}
		},
		{
			"__comment": "Voxels",
			"from": [ 2, 8, 7 ],
			"to": [ 3, 9, 8 ],
			"faces": {
				"down": { "uv": [ 5.25, 4.25, 5.5, 4.5 ], "texture": "#untitled_atlas" },
				"up": { "uv": [ 5.25, 2.75, 5.5, 2.5 ], "texture": "#untitled_atlas" },
				"north": { "uv": [ 5.5, 1.75, 5.25, 2 ], "texture": "#untitled_atlas" },
				"east": { "uv": [ 5.5, 1, 5.25, 1.25 ], "texture": "#untitled_atlas" }
			}
		},
		{
			"__comment": "Voxels",
			"from": [ 2, 17, 7 ],
			"to": [ 3, 18, 8 ],
			"faces": {
				"down": { "uv": [ 5.25, 1.25, 5.5, 1.5 ], "texture": "#untitled_atlas" },
				"up": { "uv": [ 5.25, 4.25, 5.5, 4 ], "texture": "#untitled_atlas" },
				"north": { "uv": [ 14, 12.25, 13.75, 12.5 ], "texture": "#untitled_atlas" },
				"east": { "uv": [ 5.5, 3.25, 5.25, 3.5 ], "texture": "#untitled_atlas" }
			}
		},
		{
			"__comment": "Voxels",
			"from": [ 2, 30, 9 ],
			"to": [ 16, 32, 10 ],
			"faces": {
				"down": { "uv": [ 12.25, 14, 15.75, 14.25 ], "texture": "#untitled_atlas" },
				"up": { "uv": [ 12.25, 14.5, 15.75, 14.25 ], "texture": "#untitled_atlas" },
				"south": { "uv": [ 8, 14.5, 11.5, 15 ], "texture": "#untitled_atlas" },
				"east": { "uv": [ 16, 14.5, 15.75, 15 ], "texture": "#untitled_atlas" }
			}
		},
		{
			"__comment": "Voxels",
			"from": [ 5, 9, 7 ],
			"to": [ 16, 10, 8 ],
			"faces": {
				"down": { "uv": [ 10, 13.5, 12.75, 13.75 ], "texture": "#untitled_atlas" },
				"up": { "uv": [ 12.75, 13.75, 15.5, 13.5 ], "texture": "#untitled_atlas" },
				"north": { "uv": [ 8.75, 13.25, 6, 13.5 ], "texture": "#untitled_atlas" },
				"west": { "uv": [ 15.75, 14.25, 16, 14.5 ], "texture": "#untitled_atlas" },
				"east": { "uv": [ 5.5, 0, 5.25, 0.25 ], "texture": "#untitled_atlas" }
			}
		},
		{
			"__comment": "Voxels",
			"from": [ 5, 10, 7 ],
			"to": [ 14, 13, 8 ],
			"faces": {
				"up": { "uv": [ 12, 14.75, 14.25, 14.5 ], "texture": "#untitled_atlas" },
				"north": { "uv": [ 14.25, 14.75, 12, 15.5 ], "texture": "#untitled_atlas" },
				"west": { "uv": [ 5.25, 5.75, 5.5, 6.5 ], "texture": "#untitled_atlas" },
				"east": { "uv": [ 5.5, 5, 5.25, 5.75 ], "texture": "#untitled_atlas" }
			}
		},
		{
			"__comment": "Voxels",
			"from": [ 6, 7, 7 ],
			"to": [ 12, 9, 8 ],
			"faces": {
				"down": { "uv": [ 9.5, 13, 11, 13.25 ], "texture": "#untitled_atlas" },
				"north": { "uv": [ 15.75, 14.5, 14.25, 15 ], "texture": "#untitled_atlas" },
				"west": { "uv": [ 15.75, 15, 16, 15.5 ], "texture": "#untitled_atlas" },
				"east": { "uv": [ 5.5, 4.5, 5.25, 5 ], "texture": "#untitled_atlas" }
			}
		},
		{
			"__comment": "Voxels",
			"from": [ 6, 13, 7 ],
			"to": [ 13, 14, 8 ],
			"faces": {
				"up": { "uv": [ 12.75, 13.5, 14.5, 13.25 ], "texture": "#untitled_atlas" },
				"north": { "uv": [ 12.75, 13.25, 11, 13.5 ], "texture": "#untitled_atlas" },
				"west": { "uv": [ 5.25, 3, 5.5, 3.25 ], "texture": "#untitled_atlas" },
				"east": { "uv": [ 5.5, 2.75, 5.25, 3 ], "texture": "#untitled_atlas" }
			}
		},
		{
			"__comment": "Voxels",
			"from": [ 6, 14, 7 ],
			"to": [ 12, 20, 8 ],
			"faces": {
				"up": { "uv": [ 11, 13.25, 12.5, 13 ], "texture": "#untitled_atlas" },
				"north": { "uv": [ 6.5, 14.5, 5, 16 ], "texture": "#untitled_atlas" },
				"west": { "uv": [ 5, 3.5, 5.25, 5 ], "texture": "#untitled_atlas" },
				"east": { "uv": [ 5.25, 5, 5, 6.5 ], "texture": "#untitled_atlas" }
			}
		},
		{
			"__comment": "Voxels",
			"from": [ 7, 0, 7 ],
			"to": [ 10, 1, 8 ],
			"faces": {
				"down": { "uv": [ 6.5, 12.5, 7.25, 12.75 ], "texture": "#untitled_atlas" },
				"up": { "uv": [ 6.5, 12.5, 7.25, 12.25 ], "texture": "#untitled_atlas" },
				"north": { "uv": [ 8.25, 12.75, 7.5, 13 ], "texture": "#untitled_atlas" },
				"west": { "uv": [ 5.25, 1.5, 5.5, 1.75 ], "texture": "#untitled_atlas" },
				"east": { "uv": [ 5.5, 0.25, 5.25, 0.5 ], "texture": "#untitled_atlas" }
			}
		},
		{
			"__comment": "Voxels",
			"from": [ 7, 31, 7 ],
			"to": [ 10, 32, 8 ],
			"faces": {
				"down": { "uv": [ 7.5, 12.25, 8.25, 12.5 ], "texture": "#untitled_atlas" },
				"up": { "uv": [ 8.25, 13, 9, 12.75 ], "texture": "#untitled_atlas" },
				"north": { "uv": [ 10.5, 12.75, 9.75, 13 ], "texture": "#untitled_atlas" },
				"west": { "uv": [ 15.75, 14, 16, 14.25 ], "texture": "#untitled_atlas" },
				"east": { "uv": [ 10.5, 12.5, 10.25, 12.75 ], "texture": "#untitled_atlas" }
			}
		},
		{
			"__comment": "Voxels",
			"from": [ 8, 1, 7 ],
			"to": [ 10, 2, 8 ],
			"faces": {
				"up": { "uv": [ 10.5, 13, 11, 12.75 ], "texture": "#untitled_atlas" },
				"north": { "uv": [ 11, 12.5, 10.5, 12.75 ], "texture": "#untitled_atlas" },
				"west": { "uv": [ 10.25, 12.25, 10.5, 12.5 ], "texture": "#untitled_atlas" },
				"east": { "uv": [ 13.75, 12.25, 13.5, 12.5 ], "texture": "#untitled_atlas" }
			}
		},
		{
			"__comment": "Voxels",
			"from": [ 8, 30, 7 ],
			"to": [ 10, 31, 8 ],
			"faces": {
				"down": { "uv": [ 11, 12.25, 11.5, 12.5 ], "texture": "#untitled_atlas" },
				"north": { "uv": [ 11.5, 12.75, 11, 13 ], "texture": "#untitled_atlas" },
				"west": { "uv": [ 14, 12.25, 14.25, 12.5 ], "texture": "#untitled_atlas" },
				"east": { "uv": [ 14.5, 12.75, 14.25, 13 ], "texture": "#untitled_atlas" }
			}
		},
		{
			"__comment": "Voxels",
			"from": [ 12, 8, 7 ],
			"to": [ 16, 9, 8 ],
			"faces": {
				"down": { "uv": [ 15, 13, 16, 13.25 ], "texture": "#untitled_atlas" },
				"north": { "uv": [ 15, 13, 14, 13.25 ], "texture": "#untitled_atlas" },
				"east": { "uv": [ 5.5, 3.5, 5.25, 3.75 ], "texture": "#untitled_atlas" }
			}
		},
		{
			"__comment": "Voxels",
			"from": [ 13, 17, 7 ],
			"to": [ 16, 18, 8 ],
			"faces": {
				"down": { "uv": [ 8.25, 12.25, 9, 12.5 ], "texture": "#untitled_atlas" },
				"up": { "uv": [ 9, 13, 9.75, 12.75 ], "texture": "#untitled_atlas" },
				"north": { "uv": [ 9.75, 12.5, 9, 12.75 ], "texture": "#untitled_atlas" },
				"west": { "uv": [ 5.25, 2.25, 5.5, 2.5 ], "texture": "#untitled_atlas" },
				"east": { "uv": [ 5.5, 2, 5.25, 2.25 ], "texture": "#untitled_atlas" }
			}
		},
		{
			"__comment": "Voxels",
			"from": [ 14, 2, 9 ],
			"to": [ 16, 30, 10 ],
			"faces": {
				"south": { "uv": [ 4.5, 2, 5, 9 ], "texture": "#untitled_atlas" },
				"west": { "uv": [ 5.5, 0, 5.75, 7 ], "texture": "#untitled_atlas" },
				"east": { "uv": [ 6, 0, 5.75, 7 ], "texture": "#untitled_atlas" }
			}
		},
		{
			"__comment": "Voxels",
			"from": [ 14, 7, 7 ],
			"to": [ 16, 8, 8 ],
			"faces": {
				"down": { "uv": [ 12, 12.75, 12.5, 13 ], "texture": "#untitled_atlas" },
				"north": { "uv": [ 12.5, 12.25, 12, 12.5 ], "texture": "#untitled_atlas" },
				"west": { "uv": [ 7.25, 12.5, 7.5, 12.75 ], "texture": "#untitled_atlas" },
				"east": { "uv": [ 7.5, 12.25, 7.25, 12.5 ], "texture": "#untitled_atlas" }
			}
		},
		{
			"__comment": "Voxels",
			"from": [ 14, 16, 7 ],
			"to": [ 16, 17, 8 ],
			"faces": {
				"down": { "uv": [ 12.5, 12.5, 13, 12.75 ], "texture": "#untitled_atlas" },
				"north": { "uv": [ 13.5, 12.75, 13, 13 ], "texture": "#untitled_atlas" },
				"west": { "uv": [ 14, 12.75, 14.25, 13 ], "texture": "#untitled_atlas" },
				"east": { "uv": [ 14.25, 12.5, 14, 12.75 ], "texture": "#untitled_atlas" }
			}
		},
		{
			"__comment": "Voxels",
			"from": [ 14, 18, 7 ],
			"to": [ 16, 19, 8 ],
			"faces": {
				"up": { "uv": [ 13, 12.5, 13.5, 12.25 ], "texture": "#untitled_atlas" },
				"north": { "uv": [ 14, 12.75, 13.5, 13 ], "texture": "#untitled_atlas" },
				"west": { "uv": [ 14.5, 12.75, 14.75, 13 ], "texture": "#untitled_atlas" },
				"east": { "uv": [ 14.75, 12.5, 14.5, 12.75 ], "texture": "#untitled_atlas" }
			}
		}
	],
	"display": {
		"head": {
			"translation":  [ 0, 19.476, -9.739 ],
			"scale":  [ 1.5, 1.5, 1.5 ]
		}
	}
}