{
	"__comment": "Designed by EFM",
	"textures": {
		"particle": "blocks/e_particle",
		"texture": "blocks/e_texture",
		"darwer_atlas": "efm/drawer"
	},
	"elements": [ 	 
		{
			"__comment": "Voxels",
			"from": [ 1.5, -0.25, 0.75 ],
			"to": [ 14.5, 2, 15.75 ],
			"faces": {
				"down": { "uv": [ 4.875, 14.125, 6.5, 16 ], "texture": "#darwer_atlas" },
				"up": { "uv": [ 0, 2.8125, 1.625, 0.9375 ], "texture": "#darwer_atlas" },
				"north": { "uv": [ 14.875, 10.84375, 13.25, 11.125 ], "texture": "#darwer_atlas" },
				"south": { "uv": [ 13.25, 11.125, 14.875, 11.40625 ], "texture": "#darwer_atlas" },
				"west": { "uv": [ 11.375, 11.125, 13.25, 11.40625 ], "texture": "#darwer_atlas" },
				"east": { "uv": [ 13.25, 10.84375, 11.375, 11.125 ], "texture": "#darwer_atlas" }
			}
		},
		{
			"__comment": "Voxels",
			"from": [ 1.5, 2, 0.75 ],
			"to": [ 2.5, 27.25, 15.75 ],
			"faces": {
				"up": { "uv": [ 1.6875, 6.25, 1.8125, 4.375 ], "texture": "#darwer_atlas" },
				"north": { "uv": [ 1.6875, 6.53125, 1.5625, 9.6875 ], "texture": "#darwer_atlas" },
				"south": { "uv": [ 1.6875, 6.53125, 1.8125, 9.6875 ], "texture": "#darwer_atlas" },
				"west": { "uv": [ 0, 12.84375, 1.875, 16 ], "texture": "#darwer_atlas" },
				"east": { "uv": [ 1.875, 9.6875, 0, 12.84375 ], "texture": "#darwer_atlas" }
			}
		},
		{
			"__comment": "Voxels",
			"from": [ 1.75, -0.5, 0.75 ],
			"to": [ 14.25, -0.25, 15.75 ],
			"faces": {
				"down": { "uv": [ 6.5, 14.125, 8.0625, 16 ], "texture": "#darwer_atlas" },
				"north": { "uv": [ 13.53125, 9.625, 11.96875, 9.65625 ], "texture": "#darwer_atlas" },
				"south": { "uv": [ 10.6875, 9.78125, 12.25, 9.8125 ], "texture": "#darwer_atlas" },
				"west": { "uv": [ 11.375, 10.8125, 13.25, 10.84375 ], "texture": "#darwer_atlas" },
				"east": { "uv": [ 8.21875, 9.625, 6.34375, 9.65625 ], "texture": "#darwer_atlas" }
			}
		},
		{
			"__comment": "Voxels",
			"from": [ 1.75, -0.25, 15.75 ],
			"to": [ 14.25, 27.25, 16 ],
			"faces": {
				"down": { "uv": [ 8.3125, 11.40625, 9.875, 11.4375 ], "texture": "#darwer_atlas" },
				"up": { "uv": [ 13.25, 10.84375, 14.8125, 10.8125 ], "texture": "#darwer_atlas" },
				"north": { "uv": [ 1.5625, 6.25, 0, 9.6875 ], "texture": "#darwer_atlas" },
				"south": { "uv": [ 0, 2.8125, 1.5625, 6.25 ], "texture": "#darwer_atlas" },
				"west": { "uv": [ 4.9375, 6.28125, 4.96875, 9.71875 ], "texture": "#darwer_atlas" },
				"east": { "uv": [ 4.96875, 2.84375, 4.9375, 6.28125 ], "texture": "#darwer_atlas" }
			}
		},
		{
			"__comment": "Voxels",
			"from": [ 1.75, 27.25, 0.75 ],
			"to": [ 14.25, 27.5, 15.75 ],
			"faces": {
				"down": { "uv": [ 11.1875, 14.125, 12.75, 16 ], "texture": "#darwer_atlas" },
				"up": { "uv": [ 9.625, 16, 11.1875, 14.125 ], "texture": "#darwer_atlas" },
				"north": { "uv": [ 14.0625, 9.78125, 12.5, 9.8125 ], "texture": "#darwer_atlas" },
				"south": { "uv": [ 8.875, 9.78125, 10.4375, 9.8125 ], "texture": "#darwer_atlas" },
				"west": { "uv": [ 8.21875, 9.625, 10.09375, 9.65625 ], "texture": "#darwer_atlas" },
				"east": { "uv": [ 11.96875, 9.625, 10.09375, 9.65625 ], "texture": "#darwer_atlas" }
			}
		},
		{
			"__comment": "Voxels",
			"from": [ 2.25, 1.75, -3.25 ],
			"to": [ 13.75, 8, -2.75 ],
			"faces": {
				"down": { "uv": [ 10.78125, 9.65625, 12.21875, 9.71875 ], "texture": "#darwer_atlas" },
				"up": { "uv": [ 12.21875, 9.71875, 13.65625, 9.65625 ], "texture": "#darwer_atlas" },
				"north": { "uv": [ 12.625, 13.34375, 11.1875, 14.125 ], "texture": "#darwer_atlas" },
				"south": { "uv": [ 11.9375, 12.0625, 13.375, 12.84375 ], "texture": "#darwer_atlas" },
				"west": { "uv": [ 5.59375, 8.375, 5.65625, 9.15625 ], "texture": "#darwer_atlas" },
				"east": { "uv": [ 5.59375, 8.375, 5.53125, 9.15625 ], "texture": "#darwer_atlas" }
			}
		},
		{
			"__comment": "Voxels",
			"from": [ 2.25, 8, -0.25 ],
			"to": [ 13.75, 14.25, 0 ],
			"faces": {
				"down": { "uv": [ 10.65625, 9.59375, 12.09375, 9.625 ], "texture": "#darwer_atlas" },
				"up": { "uv": [ 10.3125, 10.125, 11.75, 10.09375 ], "texture": "#darwer_atlas" },
				"north": { "uv": [ 14.8125, 12.0625, 13.375, 12.84375 ], "texture": "#darwer_atlas" },
				"south": { "uv": [ 3.375, 10.625, 4.8125, 11.40625 ], "texture": "#darwer_atlas" },
				"west": { "uv": [ 5.90625, 8.375, 5.9375, 9.15625 ], "texture": "#darwer_atlas" },
				"east": { "uv": [ 5.96875, 8.375, 5.9375, 9.15625 ], "texture": "#darwer_atlas" }
			}
		},
		{
			"__comment": "Voxels",
			"from": [ 2.25, 8.25, 0 ],
			"to": [ 13.75, 14, 0.25 ],
			"faces": {
				"down": { "uv": [ 9.21875, 9.59375, 10.65625, 9.625 ], "texture": "#darwer_atlas" },
				"up": { "uv": [ 11.8125, 10.125, 13.25, 10.09375 ], "texture": "#darwer_atlas" },
				"south": { "uv": [ 3.375, 7.65625, 4.8125, 8.375 ], "texture": "#darwer_atlas" },
				"west": { "uv": [ 5.96875, 8.4375, 6, 9.15625 ], "texture": "#darwer_atlas" },
				"east": { "uv": [ 11.9375, 11.4375, 11.90625, 12.15625 ], "texture": "#darwer_atlas" }
			}
		},
		{
			"__comment": "Voxels",
			"from": [ 2.25, 14.25, -2.25 ],
			"to": [ 13.75, 20.25, -1.75 ],
			"faces": {
				"down": { "uv": [ 13.65625, 9.65625, 15.09375, 9.71875 ], "texture": "#darwer_atlas" },
				"up": { "uv": [ 7.90625, 9.71875, 9.34375, 9.65625 ], "texture": "#darwer_atlas" },
				"north": { "uv": [ 11.5625, 11.40625, 10.125, 12.15625 ], "texture": "#darwer_atlas" },
				"south": { "uv": [ 3.375, 8.375, 4.8125, 9.125 ], "texture": "#darwer_atlas" },
				"west": { "uv": [ 11.71875, 11.40625, 11.78125, 12.15625 ], "texture": "#darwer_atlas" },
				"east": { "uv": [ 11.71875, 11.40625, 11.65625, 12.15625 ], "texture": "#darwer_atlas" }
			}
		},
		{
			"__comment": "Voxels",
			"from": [ 2.25, 20.25, -2 ],
			"to": [ 13.75, 20.5, -1.75 ],
			"faces": {
				"up": { "uv": [ 13.53125, 9.65625, 14.96875, 9.625 ], "texture": "#darwer_atlas" },
				"north": { "uv": [ 7.78125, 9.59375, 6.34375, 9.625 ], "texture": "#darwer_atlas" },
				"south": { "uv": [ 7.78125, 9.59375, 9.21875, 9.625 ], "texture": "#darwer_atlas" },
				"west": { "uv": [ 12.65625, 13.0625, 12.6875, 13.09375 ], "texture": "#darwer_atlas" },
				"east": { "uv": [ 12.6875, 13.03125, 12.65625, 13.0625 ], "texture": "#darwer_atlas" }
			}
		},
		{
			"__comment": "Voxels",
			"from": [ 2.25, 20.5, -0.5 ],
			"to": [ 13.75, 26.5, 0 ],
			"faces": {
				"down": { "uv": [ 11.9375, 11.40625, 13.375, 11.46875 ], "texture": "#darwer_atlas" },
				"up": { "uv": [ 13.375, 11.46875, 14.8125, 11.40625 ], "texture": "#darwer_atlas" },
				"north": { "uv": [ 4.8125, 9.875, 3.375, 10.625 ], "texture": "#darwer_atlas" },
				"south": { "uv": [ 3.375, 9.125, 4.8125, 9.875 ], "texture": "#darwer_atlas" },
				"west": { "uv": [ 11.78125, 11.40625, 11.84375, 12.15625 ], "texture": "#darwer_atlas" },
				"east": { "uv": [ 11.90625, 11.40625, 11.84375, 12.15625 ], "texture": "#darwer_atlas" }
			}
		},
		{
			"__comment": "Voxels",
			"from": [ 2.5, 2, 15.25 ],
			"to": [ 14.5, 27.25, 15.75 ],
			"faces": {
				"up": { "uv": [ 8.25, 9.78125, 9.75, 9.71875 ], "texture": "#darwer_atlas" },
				"north": { "uv": [ 3.375, 12.84375, 1.875, 16 ], "texture": "#darwer_atlas" },
				"south": { "uv": [ 3.375, 12.84375, 4.875, 16 ], "texture": "#darwer_atlas" },
				"east": { "uv": [ 1.875, 6.53125, 1.8125, 9.6875 ], "texture": "#darwer_atlas" }
			}
		},
		{
			"__comment": "Voxels",
			"from": [ 2.5, 7.75, 0.75 ],
			"to": [ 14.5, 8.25, 15.25 ],
			"faces": {
				"down": { "uv": [ 1.875, 1.96875, 3.375, 3.78125 ], "texture": "#darwer_atlas" },
				"up": { "uv": [ 1.875, 5.59375, 3.375, 3.78125 ], "texture": "#darwer_atlas" },
				"north": { "uv": [ 15.75, 9.71875, 14.25, 9.78125 ], "texture": "#darwer_atlas" },
				"east": { "uv": [ 12.5, 9.8125, 10.6875, 9.875 ], "texture": "#darwer_atlas" }
			}
		},
		{
			"__comment": "Voxels",
			"from": [ 2.5, 14, 0.75 ],
			"to": [ 14.5, 14.5, 15.25 ],
			"faces": {
				"down": { "uv": [ 1.875, 5.59375, 3.375, 7.40625 ], "texture": "#darwer_atlas" },
				"up": { "uv": [ 1.875, 9.21875, 3.375, 7.40625 ], "texture": "#darwer_atlas" },
				"north": { "uv": [ 12.75, 9.71875, 11.25, 9.78125 ], "texture": "#darwer_atlas" },
				"east": { "uv": [ 6.75, 9.71875, 4.9375, 9.78125 ], "texture": "#darwer_atlas" }
			}
		},
		{
			"__comment": "Voxels",
			"from": [ 2.5, 20.25, 0.75 ],
			"to": [ 14.5, 20.75, 15.25 ],
			"faces": {
				"down": { "uv": [ 1.875, 9.21875, 3.375, 11.03125 ], "texture": "#darwer_atlas" },
				"up": { "uv": [ 1.875, 12.84375, 3.375, 11.03125 ], "texture": "#darwer_atlas" },
				"north": { "uv": [ 15.8125, 9.8125, 14.3125, 9.875 ], "texture": "#darwer_atlas" },
				"east": { "uv": [ 13.375, 10.40625, 11.5625, 10.46875 ], "texture": "#darwer_atlas" }
			}
		},
		{
			"__comment": "Voxels",
			"from": [ 2.5, 26.25, 0.75 ],
			"to": [ 14.5, 27.25, 15.25 ],
			"faces": {
				"down": { "uv": [ 12.75, 14.1875, 14.25, 16 ], "texture": "#darwer_atlas" },
				"up": { "uv": [ 14.25, 16, 15.75, 14.1875 ], "texture": "#darwer_atlas" },
				"north": { "uv": [ 11.8125, 10.125, 10.3125, 10.25 ], "texture": "#darwer_atlas" },
				"east": { "uv": [ 15.1875, 10.46875, 13.375, 10.59375 ], "texture": "#darwer_atlas" }
			}
		},
		{
			"__comment": "Voxels",
			"from": [ 2.75, 1.75, -2.75 ],
			"to": [ 13.25, 2.75, 0.75 ],
			"faces": {
				"down": { "uv": [ 11.1875, 12.90625, 12.5, 13.34375 ], "texture": "#darwer_atlas" },
				"up": { "uv": [ 1.875, 0.53125, 3.1875, 0.09375 ], "texture": "#darwer_atlas" },
				"south": { "uv": [ 6.5, 12.875, 7.8125, 13 ], "texture": "#darwer_atlas" },
				"west": { "uv": [ 1.375, 0.09375, 1.8125, 0.21875 ], "texture": "#darwer_atlas" },
				"east": { "uv": [ 15.3125, 10.96875, 14.875, 11.09375 ], "texture": "#darwer_atlas" }
			}
		},
		{
			"__comment": "Voxels",
			"from": [ 2.75, 2, 0.75 ],
			"to": [ 13.25, 2.75, 8.75 ],
			"faces": {
				"up": { "uv": [ 8.0625, 14.125, 9.375, 13.125 ], "texture": "#darwer_atlas" },
				"south": { "uv": [ 14.125, 9.875, 15.4375, 9.96875 ], "texture": "#darwer_atlas" },
				"west": { "uv": [ 14.875, 11.3125, 15.875, 11.40625 ], "texture": "#darwer_atlas" },
				"east": { "uv": [ 15.875, 11.21875, 14.875, 11.3125 ], "texture": "#darwer_atlas" }
			}
		},
		{
			"__comment": "Voxels",
			"from": [ 2.75, 2.75, 8.25 ],
			"to": [ 13.25, 7.5, 8.5 ],
			"faces": {
				"up": { "uv": [ 11.5625, 10, 12.875, 9.96875 ], "texture": "#darwer_atlas" },
				"north": { "uv": [ 4.6875, 2.78125, 3.375, 3.375 ], "texture": "#darwer_atlas" },
				"south": { "uv": [ 3.375, 2.1875, 4.6875, 2.78125 ], "texture": "#darwer_atlas" },
				"west": { "uv": [ 4.78125, 5.15625, 4.8125, 5.75 ], "texture": "#darwer_atlas" },
				"east": { "uv": [ 12.75, 13.53125, 12.71875, 14.125 ], "texture": "#darwer_atlas" }
			}
		},
		{
			"__comment": "Voxels",
			"from": [ 2.75, 2.75, 8.5 ],
			"to": [ 13.25, 7.25, 8.75 ],
			"faces": {
				"up": { "uv": [ 10.25, 10, 11.5625, 9.96875 ], "texture": "#darwer_atlas" },
				"south": { "uv": [ 8.75, 10.84375, 10.0625, 11.40625 ], "texture": "#darwer_atlas" },
				"west": { "uv": [ 6.375, 12.84375, 6.40625, 13.40625 ], "texture": "#darwer_atlas" },
				"east": { "uv": [ 6.4375, 12.84375, 6.40625, 13.40625 ], "texture": "#darwer_atlas" }
			}
		},
		{
			"__comment": "Voxels",
			"from": [ 2.75, 4.25, -2.75 ],
			"to": [ 3.5, 5.5, 8.25 ],
			"faces": {
				"down": { "uv": [ 1.65625, 3, 1.75, 4.375 ], "texture": "#darwer_atlas" },
				"up": { "uv": [ 1.75, 4.375, 1.84375, 3 ], "texture": "#darwer_atlas" },
				"west": { "uv": [ 14.5625, 10.25, 15.9375, 10.40625 ], "texture": "#darwer_atlas" },
				"east": { "uv": [ 6.3125, 10.25, 4.9375, 10.40625 ], "texture": "#darwer_atlas" }
			}
		},
		{
			"__comment": "Voxels",
			"from": [ 2.75, 7, -2.75 ],
			"to": [ 3.5, 7.5, 8.25 ],
			"faces": {
				"down": { "uv": [ 3.28125, 0.59375, 3.375, 1.96875 ], "texture": "#darwer_atlas" },
				"up": { "uv": [ 14.8125, 12.84375, 14.90625, 11.46875 ], "texture": "#darwer_atlas" },
				"west": { "uv": [ 8.0625, 12.84375, 9.4375, 12.90625 ], "texture": "#darwer_atlas" },
				"east": { "uv": [ 6.34375, 9.46875, 4.96875, 9.53125 ], "texture": "#darwer_atlas" }
			}
		},
		{
			"__comment": "Voxels",
			"from": [ 2.75, 8, 0 ],
			"to": [ 13.25, 8.25, 0.75 ],
			"faces": {
				"down": { "uv": [ 10.1875, 9.875, 11.5, 9.96875 ], "texture": "#darwer_atlas" },
				"up": { "uv": [ 11.5, 9.96875, 12.8125, 9.875 ], "texture": "#darwer_atlas" },
				"west": { "uv": [ 12.5, 13.21875, 12.59375, 13.25 ], "texture": "#darwer_atlas" },
				"east": { "uv": [ 12.6875, 13.25, 12.59375, 13.28125 ], "texture": "#darwer_atlas" }
			}
		},
		{
			"__comment": "Voxels",
			"from": [ 2.75, 8.25, 0.25 ],
			"to": [ 13.25, 8.75, 11.75 ],
			"faces": {
				"down": { "uv": [ 1.875, 0.53125, 3.1875, 1.96875 ], "texture": "#darwer_atlas" },
				"up": { "uv": [ 3.375, 12.84375, 4.6875, 11.40625 ], "texture": "#darwer_atlas" },
				"south": { "uv": [ 4.96875, 7.25, 6.28125, 7.3125 ], "texture": "#darwer_atlas" },
				"west": { "uv": [ 6.46875, 9.65625, 7.90625, 9.71875 ], "texture": "#darwer_atlas" },
				"east": { "uv": [ 10.78125, 9.65625, 9.34375, 9.71875 ], "texture": "#darwer_atlas" }
			}
		},
		{
			"__comment": "Voxels",
			"from": [ 2.75, 8.75, 11 ],
			"to": [ 13.25, 13.5, 11.75 ],
			"faces": {
				"up": { "uv": [ 12.8125, 9.96875, 14.125, 9.875 ], "texture": "#darwer_atlas" },
				"north": { "uv": [ 4.6875, 1, 3.375, 1.59375 ], "texture": "#darwer_atlas" },
				"south": { "uv": [ 3.375, 0.40625, 4.6875, 1 ], "texture": "#darwer_atlas" },
				"west": { "uv": [ 11.5625, 11.5625, 11.65625, 12.15625 ], "texture": "#darwer_atlas" },
				"east": { "uv": [ 12.71875, 13.53125, 12.625, 14.125 ], "texture": "#darwer_atlas" }
			}
		},
		{
			"__comment": "Voxels",
			"from": [ 2.75, 10.5, 0.25 ],
			"to": [ 3.5, 11.5, 11 ],
			"faces": {
				"down": { "uv": [ 15.84375, 12.84375, 15.9375, 14.1875 ], "texture": "#darwer_atlas" },
				"up": { "uv": [ 15.09375, 12.84375, 15.1875, 11.5 ], "texture": "#darwer_atlas" },
				"west": { "uv": [ 6.28125, 9.96875, 7.625, 10.09375 ], "texture": "#darwer_atlas" },
				"east": { "uv": [ 14.65625, 10.125, 13.3125, 10.25 ], "texture": "#darwer_atlas" }
			}
		},
		{
			"__comment": "Voxels",
			"from": [ 2.75, 13.25, 0.25 ],
			"to": [ 3.5, 13.5, 11 ],
			"faces": {
				"down": { "uv": [ 15.1875, 11.5, 15.28125, 12.84375 ], "texture": "#darwer_atlas" },
				"up": { "uv": [ 14.0625, 14.1875, 14.15625, 12.84375 ], "texture": "#darwer_atlas" },
				"west": { "uv": [ 13.3125, 10.09375, 14.65625, 10.125 ], "texture": "#darwer_atlas" },
				"east": { "uv": [ 16, 10.09375, 14.65625, 10.125 ], "texture": "#darwer_atlas" }
			}
		},
		{
			"__comment": "Voxels",
			"from": [ 2.75, 14, 0 ],
			"to": [ 13.25, 15, 0.25 ],
			"faces": {
				"up": { "uv": [ 8.75, 10.84375, 10.0625, 10.8125 ], "texture": "#darwer_atlas" },
				"north": { "uv": [ 8.9375, 9.96875, 7.625, 10.09375 ], "texture": "#darwer_atlas" },
				"south": { "uv": [ 8.9375, 9.96875, 10.25, 10.09375 ], "texture": "#darwer_atlas" },
				"west": { "uv": [ 6.46875, 12.84375, 6.5, 12.96875 ], "texture": "#darwer_atlas" },
				"east": { "uv": [ 11.15625, 12.875, 11.125, 13 ], "texture": "#darwer_atlas" }
			}
		},
		{
			"__comment": "Voxels",
			"from": [ 2.75, 14.25, -1.75 ],
			"to": [ 13.25, 15, 0 ],
			"faces": {
				"down": { "uv": [ 8.8125, 10.59375, 10.125, 10.8125 ], "texture": "#darwer_atlas" },
				"up": { "uv": [ 7.5, 10.8125, 8.8125, 10.59375 ], "texture": "#darwer_atlas" },
				"west": { "uv": [ 1.5625, 6.34375, 1.78125, 6.4375 ], "texture": "#darwer_atlas" },
				"east": { "uv": [ 1.78125, 6.4375, 1.5625, 6.53125 ], "texture": "#darwer_atlas" }
			}
		},
		{
			"__comment": "Voxels",
			"from": [ 2.75, 14.25, 0.25 ],
			"to": [ 13.25, 15, 0.75 ],
			"faces": {
				"down": { "uv": [ 11.1875, 12.84375, 12.5, 12.90625 ], "texture": "#darwer_atlas" },
				"up": { "uv": [ 4.96875, 7.4375, 6.28125, 7.375 ], "texture": "#darwer_atlas" },
				"south": { "uv": [ 12.875, 10, 14.1875, 10.09375 ], "texture": "#darwer_atlas" },
				"west": { "uv": [ 1.8125, 0.125, 1.875, 0.21875 ], "texture": "#darwer_atlas" },
				"east": { "uv": [ 1.875, 0.25, 1.8125, 0.34375 ], "texture": "#darwer_atlas" }
			}
		},
		{
			"__comment": "Voxels",
			"from": [ 2.75, 14.5, 0.75 ],
			"to": [ 13.25, 15, 9.75 ],
			"faces": {
				"up": { "uv": [ 4.875, 14.125, 6.1875, 13 ], "texture": "#darwer_atlas" },
				"south": { "uv": [ 4.96875, 7.3125, 6.28125, 7.375 ], "texture": "#darwer_atlas" },
				"west": { "uv": [ 14.875, 11.09375, 16, 11.15625 ], "texture": "#darwer_atlas" },
				"east": { "uv": [ 16, 11.15625, 14.875, 11.21875 ], "texture": "#darwer_atlas" }
			}
		},
		{
			"__comment": "Voxels",
			"from": [ 2.75, 15, 9.25 ],
			"to": [ 13.25, 19.75, 9.75 ],
			"faces": {
				"up": { "uv": [ 4.96875, 7.5625, 6.28125, 7.5 ], "texture": "#darwer_atlas" },
				"north": { "uv": [ 4.6875, 1.59375, 3.375, 2.1875 ], "texture": "#darwer_atlas" },
				"south": { "uv": [ 4.8125, 10.8125, 6.125, 11.40625 ], "texture": "#darwer_atlas" },
				"west": { "uv": [ 4.75, 5.75, 4.8125, 6.34375 ], "texture": "#darwer_atlas" },
				"east": { "uv": [ 4.78125, 3.375, 4.71875, 3.96875 ], "texture": "#darwer_atlas" }
			}
		},
		{
			"__comment": "Voxels",
			"from": [ 2.75, 16.5, -1.75 ],
			"to": [ 3.5, 17.75, 9.25 ],
			"faces": {
				"down": { "uv": [ 14.90625, 11.46875, 15, 12.84375 ], "texture": "#darwer_atlas" },
				"up": { "uv": [ 3.1875, 1.96875, 3.28125, 0.59375 ], "texture": "#darwer_atlas" },
				"west": { "uv": [ 7.6875, 10.25, 9.0625, 10.40625 ], "texture": "#darwer_atlas" },
				"east": { "uv": [ 14.5625, 10.25, 13.1875, 10.40625 ], "texture": "#darwer_atlas" }
			}
		},
		{
			"__comment": "Voxels",
			"from": [ 2.75, 19.5, -1.75 ],
			"to": [ 3.5, 19.75, 9.25 ],
			"faces": {
				"down": { "uv": [ 15, 11.46875, 15.09375, 12.84375 ], "texture": "#darwer_atlas" },
				"up": { "uv": [ 1.5625, 4.375, 1.65625, 3 ], "texture": "#darwer_atlas" },
				"west": { "uv": [ 12.875, 10.59375, 14.25, 10.625 ], "texture": "#darwer_atlas" },
				"east": { "uv": [ 15.625, 10.59375, 14.25, 10.625 ], "texture": "#darwer_atlas" }
			}
		},
		{
			"__comment": "Voxels",
			"from": [ 2.75, 20.5, 0 ],
			"to": [ 13.25, 21.25, 0.75 ],
			"faces": {
				"down": { "uv": [ 6.25, 9.78125, 7.5625, 9.875 ], "texture": "#darwer_atlas" },
				"up": { "uv": [ 7.5625, 9.875, 8.875, 9.78125 ], "texture": "#darwer_atlas" },
				"south": { "uv": [ 4.9375, 9.875, 6.25, 9.96875 ], "texture": "#darwer_atlas" },
				"west": { "uv": [ 1.78125, 6.34375, 1.875, 6.4375 ], "texture": "#darwer_atlas" },
				"east": { "uv": [ 1.875, 6.4375, 1.78125, 6.53125 ], "texture": "#darwer_atlas" }
			}
		},
		{
			"__comment": "Voxels",
			"from": [ 2.75, 20.75, 0.75 ],
			"to": [ 13.25, 21.25, 11.5 ],
			"faces": {
				"up": { "uv": [ 12.75, 14.1875, 14.0625, 12.84375 ], "texture": "#darwer_atlas" },
				"south": { "uv": [ 4.96875, 7.625, 6.28125, 7.6875 ], "texture": "#darwer_atlas" },
				"west": { "uv": [ 4.96875, 9.34375, 6.3125, 9.40625 ], "texture": "#darwer_atlas" },
				"east": { "uv": [ 6.3125, 9.28125, 4.96875, 9.34375 ], "texture": "#darwer_atlas" }
			}
		},
		{
			"__comment": "Voxels",
			"from": [ 2.75, 21.25, 10.75 ],
			"to": [ 13.25, 25.75, 11.5 ],
			"faces": {
				"up": { "uv": [ 11.5625, 10.09375, 12.875, 10 ], "texture": "#darwer_atlas" },
				"north": { "uv": [ 7.4375, 10.84375, 6.125, 11.40625 ], "texture": "#darwer_atlas" },
				"south": { "uv": [ 7.4375, 10.84375, 8.75, 11.40625 ], "texture": "#darwer_atlas" },
				"west": { "uv": [ 6.1875, 12.84375, 6.28125, 13.40625 ], "texture": "#darwer_atlas" },
				"east": { "uv": [ 6.375, 12.84375, 6.28125, 13.40625 ], "texture": "#darwer_atlas" }
			}
		},
		{
			"__comment": "Voxels",
			"from": [ 2.75, 22.75, 0 ],
			"to": [ 3.5, 24, 10.75 ],
			"faces": {
				"down": { "uv": [ 15.5625, 12.84375, 15.65625, 14.1875 ], "texture": "#darwer_atlas" },
				"up": { "uv": [ 15.65625, 14.1875, 15.75, 12.84375 ], "texture": "#darwer_atlas" },
				"west": { "uv": [ 6.28125, 10.09375, 7.625, 10.25 ], "texture": "#darwer_atlas" },
				"east": { "uv": [ 6.28125, 10.09375, 4.9375, 10.25 ], "texture": "#darwer_atlas" }
			}
		},
		{
			"__comment": "Voxels",
			"from": [ 2.75, 25.5, 0 ],
			"to": [ 3.5, 26, 10.75 ],
			"faces": {
				"down": { "uv": [ 14.15625, 12.84375, 14.25, 14.1875 ], "texture": "#darwer_atlas" },
				"up": { "uv": [ 15.75, 14.1875, 15.84375, 12.84375 ], "texture": "#darwer_atlas" },
				"south": { "uv": [ 10.96875, 12.875, 11.0625, 12.9375 ], "texture": "#darwer_atlas" },
				"west": { "uv": [ 4.96875, 9.21875, 6.3125, 9.28125 ], "texture": "#darwer_atlas" },
				"east": { "uv": [ 6.3125, 9.15625, 4.96875, 9.21875 ], "texture": "#darwer_atlas" }
			}
		},
		{
			"__comment": "Voxels",
			"from": [ 2.75, 25.75, 10.75 ],
			"to": [ 3.5, 26, 11.25 ],
			"faces": {
				"up": { "uv": [ 11.0625, 13.0625, 11.15625, 13 ], "texture": "#darwer_atlas" },
				"south": { "uv": [ 1.65625, 2.8125, 1.75, 2.84375 ], "texture": "#darwer_atlas" },
				"west": { "uv": [ 7.875, 12.84375, 7.9375, 12.875 ], "texture": "#darwer_atlas" },
				"east": { "uv": [ 7.875, 12.84375, 7.8125, 12.875 ], "texture": "#darwer_atlas" }
			}
		},
		{
			"__comment": "Voxels",
			"from": [ 3, 2.75, -2.75 ],
			"to": [ 3.5, 4.25, 8.25 ],
			"faces": {
				"down": { "uv": [ 15.46875, 11.46875, 15.53125, 12.84375 ], "texture": "#darwer_atlas" },
				"west": { "uv": [ 4.8125, 10.40625, 6.1875, 10.59375 ], "texture": "#darwer_atlas" },
				"east": { "uv": [ 14.25, 10.625, 12.875, 10.8125 ], "texture": "#darwer_atlas" }
			}
		},
		{
			"__comment": "Voxels",
			"from": [ 3, 5.5, -2.75 ],
			"to": [ 3.5, 7, 8.25 ],
			"faces": {
				"west": { "uv": [ 3.375, 0, 4.75, 0.1875 ], "texture": "#darwer_atlas" },
				"east": { "uv": [ 15.625, 10.625, 14.25, 10.8125 ], "texture": "#darwer_atlas" }
			}
		},
		{
			"__comment": "Voxels",
			"from": [ 3, 8.75, 0.25 ],
			"to": [ 3.5, 10.5, 11 ],
			"faces": {
				"west": { "uv": [ 3.375, 0.1875, 4.71875, 0.40625 ], "texture": "#darwer_atlas" },
				"east": { "uv": [ 6.15625, 10.59375, 4.8125, 10.8125 ], "texture": "#darwer_atlas" }
			}
		},
		{
			"__comment": "Voxels",
			"from": [ 3, 11.5, 0.25 ],
			"to": [ 3.5, 13.25, 11 ],
			"faces": {
				"west": { "uv": [ 6.15625, 10.59375, 7.5, 10.8125 ], "texture": "#darwer_atlas" },
				"east": { "uv": [ 10.96875, 12.90625, 9.625, 13.125 ], "texture": "#darwer_atlas" }
			}
		},
		{
			"__comment": "Voxels",
			"from": [ 3, 15, -1.75 ],
			"to": [ 3.5, 16.5, 9.25 ],
			"faces": {
				"down": { "uv": [ 15.71875, 11.46875, 15.78125, 12.84375 ], "texture": "#darwer_atlas" },
				"west": { "uv": [ 10.125, 10.625, 11.5, 10.8125 ], "texture": "#darwer_atlas" },
				"east": { "uv": [ 12.875, 10.625, 11.5, 10.8125 ], "texture": "#darwer_atlas" }
			}
		},
		{
			"__comment": "Voxels",
			"from": [ 3, 17.75, -1.75 ],
			"to": [ 3.5, 19.5, 9.25 ],
			"faces": {
				"west": { "uv": [ 0, 0, 1.375, 0.21875 ], "texture": "#darwer_atlas" },
				"east": { "uv": [ 9.4375, 12.90625, 8.0625, 13.125 ], "texture": "#darwer_atlas" }
			}
		},
		{
			"__comment": "Voxels",
			"from": [ 3, 21.25, 0 ],
			"to": [ 3.5, 22.75, 10.75 ],
			"faces": {
				"down": { "uv": [ 5.15625, 7.8125, 5.21875, 9.15625 ], "texture": "#darwer_atlas" },
				"west": { "uv": [ 10.21875, 10.40625, 11.5625, 10.59375 ], "texture": "#darwer_atlas" },
				"east": { "uv": [ 7.53125, 10.40625, 6.1875, 10.59375 ], "texture": "#darwer_atlas" }
			}
		},
		{
			"__comment": "Voxels",
			"from": [ 3, 24, 0 ],
			"to": [ 3.5, 25.5, 10.75 ],
			"faces": {
				"west": { "uv": [ 7.53125, 10.40625, 8.875, 10.59375 ], "texture": "#darwer_atlas" },
				"east": { "uv": [ 10.21875, 10.40625, 8.875, 10.59375 ], "texture": "#darwer_atlas" }
			}
		},
		{
			"__comment": "Voxels",
			"from": [ 3.5, 25.75, 11 ],
			"to": [ 13.25, 26, 11.25 ],
			"faces": {
				"up": { "uv": [ 12.875, 10, 14.09375, 9.96875 ], "texture": "#darwer_atlas" },
				"north": { "uv": [ 15.40625, 9.96875, 14.1875, 10 ], "texture": "#darwer_atlas" },
				"south": { "uv": [ 5.09375, 7.1875, 6.3125, 7.21875 ], "texture": "#darwer_atlas" },
				"east": { "uv": [ 9.625, 12.84375, 9.59375, 12.875 ], "texture": "#darwer_atlas" }
			}
		},
		{
			"__comment": "Voxels",
			"from": [ 5.75, 4, -3.75 ],
			"to": [ 10.25, 4.25, -3.5 ],
			"faces": {
				"down": { "uv": [ 15.1875, 10.40625, 15.75, 10.4375 ], "texture": "#darwer_atlas" },
				"up": { "uv": [ 15.4375, 9.96875, 16, 9.9375 ], "texture": "#darwer_atlas" },
				"north": { "uv": [ 16, 9.90625, 15.4375, 9.9375 ], "texture": "#darwer_atlas" },
				"south": { "uv": [ 15.09375, 9.6875, 15.65625, 9.71875 ], "texture": "#darwer_atlas" },
				"west": { "uv": [ 12.71875, 13.03125, 12.75, 13.0625 ], "texture": "#darwer_atlas" },
				"east": { "uv": [ 12.71875, 13.03125, 12.6875, 13.0625 ], "texture": "#darwer_atlas" }
			}
		},
		{
			"__comment": "Voxels",
			"from": [ 5.75, 4, -3.5 ],
			"to": [ 6.5, 4.5, -3.25 ],
			"faces": {
				"down": { "uv": [ 12.59375, 13.1875, 12.6875, 13.21875 ], "texture": "#darwer_atlas" },
				"up": { "uv": [ 12.59375, 13.15625, 12.6875, 13.125 ], "texture": "#darwer_atlas" },
				"north": { "uv": [ 11.0625, 13.0625, 10.96875, 13.125 ], "texture": "#darwer_atlas" },
				"west": { "uv": [ 9.59375, 12.875, 9.625, 12.9375 ], "texture": "#darwer_atlas" },
				"east": { "uv": [ 9.5, 12.875, 9.46875, 12.9375 ], "texture": "#darwer_atlas" }
			}
		},
		{
			"__comment": "Voxels",
			"from": [ 5.75, 10, -0.5 ],
			"to": [ 6.5, 10.75, -0.25 ],
			"faces": {
				"down": { "uv": [ 12.5, 13.3125, 12.59375, 13.34375 ], "texture": "#darwer_atlas" },
				"up": { "uv": [ 12.59375, 13.25, 12.6875, 13.21875 ], "texture": "#darwer_atlas" },
				"north": { "uv": [ 1.65625, 6.25, 1.5625, 6.34375 ], "texture": "#darwer_atlas" },
				"west": { "uv": [ 9.46875, 13.125, 9.5, 13.21875 ], "texture": "#darwer_atlas" },
				"east": { "uv": [ 9.46875, 13.125, 9.4375, 13.21875 ], "texture": "#darwer_atlas" }
			}
		},
		{
			"__comment": "Voxels",
			"from": [ 5.75, 10.25, -1 ],
			"to": [ 10.25, 10.5, -0.5 ],
			"faces": {
				"down": { "uv": [ 15.3125, 10.84375, 15.875, 10.90625 ], "texture": "#darwer_atlas" },
				"up": { "uv": [ 15.3125, 11.03125, 15.875, 10.96875 ], "texture": "#darwer_atlas" },
				"north": { "uv": [ 15.75, 10.4375, 15.1875, 10.46875 ], "texture": "#darwer_atlas" },
				"south": { "uv": [ 15.4375, 9.875, 16, 9.90625 ], "texture": "#darwer_atlas" },
				"west": { "uv": [ 1.8125, 0.09375, 1.875, 0.125 ], "texture": "#darwer_atlas" },
				"east": { "uv": [ 1.875, 0.21875, 1.8125, 0.25 ], "texture": "#darwer_atlas" }
			}
		},
		{
			"__comment": "Voxels",
			"from": [ 5.75, 16.5, -2.75 ],
			"to": [ 10.25, 16.75, -2.5 ],
			"faces": {
				"down": { "uv": [ 15.1875, 10.46875, 15.75, 10.5 ], "texture": "#darwer_atlas" },
				"up": { "uv": [ 15.1875, 10.53125, 15.75, 10.5 ], "texture": "#darwer_atlas" },
				"north": { "uv": [ 15.75, 10.53125, 15.1875, 10.5625 ], "texture": "#darwer_atlas" },
				"south": { "uv": [ 15.1875, 10.5625, 15.75, 10.59375 ], "texture": "#darwer_atlas" },
				"west": { "uv": [ 11.15625, 12.96875, 11.1875, 13 ], "texture": "#darwer_atlas" },
				"east": { "uv": [ 11.1875, 12.875, 11.15625, 12.90625 ], "texture": "#darwer_atlas" }
			}
		},
		{
			"__comment": "Voxels",
			"from": [ 5.75, 16.5, -2.5 ],
			"to": [ 6.5, 16.75, -2.25 ],
			"faces": {
				"down": { "uv": [ 12.59375, 13.3125, 12.6875, 13.34375 ], "texture": "#darwer_atlas" },
				"up": { "uv": [ 12.5, 13.3125, 12.59375, 13.28125 ], "texture": "#darwer_atlas" },
				"west": { "uv": [ 12.71875, 13.375, 12.75, 13.40625 ], "texture": "#darwer_atlas" },
				"east": { "uv": [ 12.75, 13.34375, 12.71875, 13.375 ], "texture": "#darwer_atlas" }
			}
		},
		{
			"__comment": "Voxels",
			"from": [ 5.75, 22.5, -1.25 ],
			"to": [ 10.25, 23, -1 ],
			"faces": {
				"down": { "uv": [ 15.3125, 10.8125, 15.875, 10.84375 ], "texture": "#darwer_atlas" },
				"up": { "uv": [ 15.09375, 9.6875, 15.65625, 9.65625 ], "texture": "#darwer_atlas" },
				"north": { "uv": [ 15.875, 11.03125, 15.3125, 11.09375 ], "texture": "#darwer_atlas" },
				"south": { "uv": [ 15.3125, 10.90625, 15.875, 10.96875 ], "texture": "#darwer_atlas" },
				"west": { "uv": [ 11.15625, 13.3125, 11.1875, 13.375 ], "texture": "#darwer_atlas" },
				"east": { "uv": [ 8.0625, 12.84375, 8.03125, 12.90625 ], "texture": "#darwer_atlas" }
			}
		},
		{
			"__comment": "Voxels",
			"from": [ 5.75, 22.5, -1 ],
			"to": [ 6.5, 23, -0.5 ],
			"faces": {
				"down": { "uv": [ 11, 13.1875, 11.09375, 13.25 ], "texture": "#darwer_atlas" },
				"up": { "uv": [ 11, 13.1875, 11.09375, 13.125 ], "texture": "#darwer_atlas" },
				"west": { "uv": [ 6.4375, 13.40625, 6.5, 13.46875 ], "texture": "#darwer_atlas" },
				"east": { "uv": [ 9.4375, 13.15625, 9.375, 13.21875 ], "texture": "#darwer_atlas" }
			}
		},
		{
			"__comment": "Voxels",
			"from": [ 6, 4, -4 ],
			"to": [ 10, 4.25, -3.75 ],
			"faces": {
				"down": { "uv": [ 5.59375, 7, 6.09375, 7.03125 ], "texture": "#darwer_atlas" },
				"up": { "uv": [ 1.375, 0.09375, 1.875, 0.0625 ], "texture": "#darwer_atlas" },
				"north": { "uv": [ 1.875, 0.03125, 1.375, 0.0625 ], "texture": "#darwer_atlas" },
				"west": { "uv": [ 12.5, 13.03125, 12.53125, 13.0625 ], "texture": "#darwer_atlas" },
				"east": { "uv": [ 12.53125, 12.9375, 12.5, 12.96875 ], "texture": "#darwer_atlas" }
			}
		},
		{
			"__comment": "Voxels",
			"from": [ 6, 4.25, -3.75 ],
			"to": [ 6.25, 4.5, -3.5 ],
			"faces": {
				"up": { "uv": [ 12.5, 12.90625, 12.53125, 12.875 ], "texture": "#darwer_atlas" },
				"north": { "uv": [ 12.53125, 12.84375, 12.5, 12.875 ], "texture": "#darwer_atlas" },
				"west": { "uv": [ 12.5625, 13.03125, 12.59375, 13.0625 ], "texture": "#darwer_atlas" },
				"east": { "uv": [ 12.625, 13.03125, 12.59375, 13.0625 ], "texture": "#darwer_atlas" }
			}
		},
		{
			"__comment": "Voxels",
			"from": [ 6, 10, -1 ],
			"to": [ 10, 10.25, -0.75 ],
			"faces": {
				"down": { "uv": [ 15.5, 10.0625, 16, 10.09375 ], "texture": "#darwer_atlas" },
				"north": { "uv": [ 16, 10, 15.5, 10.03125 ], "texture": "#darwer_atlas" },
				"south": { "uv": [ 15.5, 9.96875, 16, 10 ], "texture": "#darwer_atlas" },
				"west": { "uv": [ 12.53125, 13, 12.5625, 13.03125 ], "texture": "#darwer_atlas" },
				"east": { "uv": [ 12.5625, 12.96875, 12.53125, 13 ], "texture": "#darwer_atlas" }
			}
		},
		{
			"__comment": "Voxels",
			"from": [ 6, 10, -0.75 ],
			"to": [ 6.25, 10.25, -0.5 ],
			"faces": {
				"down": { "uv": [ 12.53125, 12.9375, 12.5625, 12.96875 ], "texture": "#darwer_atlas" },
				"west": { "uv": [ 12.5625, 13, 12.59375, 13.03125 ], "texture": "#darwer_atlas" },
				"east": { "uv": [ 12.625, 13, 12.59375, 13.03125 ], "texture": "#darwer_atlas" }
			}
		},
		{
			"__comment": "Voxels",
			"from": [ 6, 10.5, -1 ],
			"to": [ 10, 10.75, -0.75 ],
			"faces": {
				"up": { "uv": [ 5.09375, 7, 5.59375, 6.96875 ], "texture": "#darwer_atlas" },
				"north": { "uv": [ 6.09375, 7.15625, 5.59375, 7.1875 ], "texture": "#darwer_atlas" },
				"south": { "uv": [ 5.09375, 7.125, 5.59375, 7.15625 ], "texture": "#darwer_atlas" },
				"west": { "uv": [ 12.5625, 12.96875, 12.59375, 13 ], "texture": "#darwer_atlas" },
				"east": { "uv": [ 12.59375, 12.9375, 12.5625, 12.96875 ], "texture": "#darwer_atlas" }
			}
		},
		{
			"__comment": "Voxels",
			"from": [ 6, 10.5, -0.75 ],
			"to": [ 6.25, 10.75, -0.5 ],
			"faces": {
				"up": { "uv": [ 12.71875, 13.25, 12.75, 13.21875 ], "texture": "#darwer_atlas" },
				"west": { "uv": [ 11.15625, 12.90625, 11.1875, 12.9375 ], "texture": "#darwer_atlas" },
				"east": { "uv": [ 11.15625, 12.84375, 11.125, 12.875 ], "texture": "#darwer_atlas" }
			}
		},
		{
			"__comment": "Voxels",
			"from": [ 6, 16.25, -2.75 ],
			"to": [ 10, 16.5, -2.5 ],
			"faces": {
				"down": { "uv": [ 5.59375, 7.125, 6.09375, 7.15625 ], "texture": "#darwer_atlas" },
				"north": { "uv": [ 6.09375, 7.09375, 5.59375, 7.125 ], "texture": "#darwer_atlas" },
				"south": { "uv": [ 5.09375, 7.0625, 5.59375, 7.09375 ], "texture": "#darwer_atlas" },
				"west": { "uv": [ 11.15625, 12.84375, 11.1875, 12.875 ], "texture": "#darwer_atlas" },
				"east": { "uv": [ 12.75, 13.5, 12.71875, 13.53125 ], "texture": "#darwer_atlas" }
			}
		},
		{
			"__comment": "Voxels",
			"from": [ 6, 16.25, -2.5 ],
			"to": [ 6.25, 16.5, -2.25 ],
			"faces": {
				"down": { "uv": [ 12.71875, 13.46875, 12.75, 13.5 ], "texture": "#darwer_atlas" },
				"west": { "uv": [ 12.71875, 13.28125, 12.75, 13.3125 ], "texture": "#darwer_atlas" },
				"east": { "uv": [ 12.71875, 13.25, 12.6875, 13.28125 ], "texture": "#darwer_atlas" }
			}
		},
		{
			"__comment": "Voxels",
			"from": [ 6, 16.5, -3 ],
			"to": [ 10, 16.75, -2.75 ],
			"faces": {
				"down": { "uv": [ 5.59375, 7.0625, 6.09375, 7.09375 ], "texture": "#darwer_atlas" },
				"up": { "uv": [ 5.09375, 7.0625, 5.59375, 7.03125 ], "texture": "#darwer_atlas" },
				"north": { "uv": [ 6.09375, 7.03125, 5.59375, 7.0625 ], "texture": "#darwer_atlas" },
				"west": { "uv": [ 12.71875, 13.25, 12.75, 13.28125 ], "texture": "#darwer_atlas" },
				"east": { "uv": [ 12.71875, 13.21875, 12.6875, 13.25 ], "texture": "#darwer_atlas" }
			}
		},
		{
			"__comment": "Voxels",
			"from": [ 9.5, 4, -3.5 ],
			"to": [ 10.25, 4.5, -3.25 ],
			"faces": {
				"down": { "uv": [ 12.5, 13.1875, 12.59375, 13.21875 ], "texture": "#darwer_atlas" },
				"up": { "uv": [ 12.625, 13.4375, 12.71875, 13.40625 ], "texture": "#darwer_atlas" },
				"north": { "uv": [ 11.125, 13.375, 11.03125, 13.4375 ], "texture": "#darwer_atlas" },
				"west": { "uv": [ 11.125, 13.3125, 11.15625, 13.375 ], "texture": "#darwer_atlas" },
				"east": { "uv": [ 1.875, 0.9375, 1.84375, 1 ], "texture": "#darwer_atlas" }
			}
		},
		{
			"__comment": "Voxels",
			"from": [ 9.5, 10, -0.5 ],
			"to": [ 10.25, 10.75, -0.25 ],
			"faces": {
				"down": { "uv": [ 12.625, 13.375, 12.71875, 13.40625 ], "texture": "#darwer_atlas" },
				"up": { "uv": [ 12.625, 13.375, 12.71875, 13.34375 ], "texture": "#darwer_atlas" },
				"north": { "uv": [ 1.84375, 6.25, 1.75, 6.34375 ], "texture": "#darwer_atlas" },
				"west": { "uv": [ 1.84375, 6.25, 1.875, 6.34375 ], "texture": "#darwer_atlas" },
				"east": { "uv": [ 9.625, 13.125, 9.59375, 13.21875 ], "texture": "#darwer_atlas" }
			}
		},
		{
			"__comment": "Voxels",
			"from": [ 9.5, 16.5, -2.5 ],
			"to": [ 10.25, 16.75, -2.25 ],
			"faces": {
				"down": { "uv": [ 12.5, 13.15625, 12.59375, 13.1875 ], "texture": "#darwer_atlas" },
				"up": { "uv": [ 12.5, 13.15625, 12.59375, 13.125 ], "texture": "#darwer_atlas" },
				"west": { "uv": [ 12.71875, 13.1875, 12.75, 13.21875 ], "texture": "#darwer_atlas" },
				"east": { "uv": [ 12.71875, 13.15625, 12.6875, 13.1875 ], "texture": "#darwer_atlas" }
			}
		},
		{
			"__comment": "Voxels",
			"from": [ 9.5, 22.5, -1 ],
			"to": [ 10.25, 23, -0.5 ],
			"faces": {
				"down": { "uv": [ 10.96875, 13, 11.0625, 13.0625 ], "texture": "#darwer_atlas" },
				"up": { "uv": [ 9.5, 12.9375, 9.59375, 12.875 ], "texture": "#darwer_atlas" },
				"west": { "uv": [ 1.8125, 4.375, 1.875, 4.4375 ], "texture": "#darwer_atlas" },
				"east": { "uv": [ 6.5, 13.46875, 6.4375, 13.53125 ], "texture": "#darwer_atlas" }
			}
		},
		{
			"__comment": "Voxels",
			"from": [ 9.75, 4.25, -3.75 ],
			"to": [ 10, 4.5, -3.5 ],
			"faces": {
				"up": { "uv": [ 12.71875, 13.125, 12.75, 13.09375 ], "texture": "#darwer_atlas" },
				"north": { "uv": [ 12.53125, 13.0625, 12.5, 13.09375 ], "texture": "#darwer_atlas" },
				"west": { "uv": [ 12.5625, 13.0625, 12.59375, 13.09375 ], "texture": "#darwer_atlas" },
				"east": { "uv": [ 12.625, 13.0625, 12.59375, 13.09375 ], "texture": "#darwer_atlas" }
			}
		},
		{
			"__comment": "Voxels",
			"from": [ 9.75, 10, -0.75 ],
			"to": [ 10, 10.25, -0.5 ],
			"faces": {
				"down": { "uv": [ 12.625, 13.0625, 12.65625, 13.09375 ], "texture": "#darwer_atlas" },
				"west": { "uv": [ 12.5, 12.96875, 12.53125, 13 ], "texture": "#darwer_atlas" },
				"east": { "uv": [ 12.5625, 13.03125, 12.53125, 13.0625 ], "texture": "#darwer_atlas" }
			}
		},
		{
			"__comment": "Voxels",
			"from": [ 9.75, 10.5, -0.75 ],
			"to": [ 10, 10.75, -0.5 ],
			"faces": {
				"up": { "uv": [ 12.625, 13.03125, 12.65625, 13 ], "texture": "#darwer_atlas" },
				"west": { "uv": [ 12.71875, 13, 12.75, 13.03125 ], "texture": "#darwer_atlas" },
				"east": { "uv": [ 11.1875, 13.03125, 11.15625, 13.0625 ], "texture": "#darwer_atlas" }
			}
		},
		{
			"__comment": "Voxels",
			"from": [ 9.75, 16.25, -2.5 ],
			"to": [ 10, 16.5, -2.25 ],
			"faces": {
				"down": { "uv": [ 11.09375, 12.84375, 11.125, 12.875 ], "texture": "#darwer_atlas" },
				"west": { "uv": [ 9.4375, 12.84375, 9.46875, 12.875 ], "texture": "#darwer_atlas" },
				"east": { "uv": [ 9.5, 12.84375, 9.46875, 12.875 ], "texture": "#darwer_atlas" }
			}
		},
		{
			"__comment": "Voxels",
			"from": [ 12.5, 2.75, -2.75 ],
			"to": [ 13, 7.5, 8.25 ],
			"faces": {
				"down": { "uv": [ 15.53125, 11.46875, 15.59375, 12.84375 ], "texture": "#darwer_atlas" },
				"up": { "uv": [ 15.84375, 12.84375, 15.90625, 11.46875 ], "texture": "#darwer_atlas" },
				"west": { "uv": [ 3.375, 6.34375, 4.75, 6.9375 ], "texture": "#darwer_atlas" },
				"east": { "uv": [ 14.75, 11.46875, 13.375, 12.0625 ], "texture": "#darwer_atlas" }
			}
		},
		{
			"__comment": "Voxels",
			"from": [ 12.5, 8.75, 0.25 ],
			"to": [ 13, 13.5, 11 ],
			"faces": {
				"up": { "uv": [ 5.40625, 9.15625, 5.46875, 7.8125 ], "texture": "#darwer_atlas" },
				"west": { "uv": [ 3.375, 5.15625, 4.71875, 5.75 ], "texture": "#darwer_atlas" },
				"east": { "uv": [ 4.71875, 4.5625, 3.375, 5.15625 ], "texture": "#darwer_atlas" }
			}
		},
		{
			"__comment": "Voxels",
			"from": [ 12.5, 15, -1.75 ],
			"to": [ 13, 19.75, 9.25 ],
			"faces": {
				"down": { "uv": [ 15.59375, 11.46875, 15.65625, 12.84375 ], "texture": "#darwer_atlas" },
				"up": { "uv": [ 15.28125, 12.84375, 15.34375, 11.46875 ], "texture": "#darwer_atlas" },
				"west": { "uv": [ 3.375, 5.75, 4.75, 6.34375 ], "texture": "#darwer_atlas" },
				"east": { "uv": [ 13.3125, 11.46875, 11.9375, 12.0625 ], "texture": "#darwer_atlas" }
			}
		},
		{
			"__comment": "Voxels",
			"from": [ 12.5, 21.25, 0 ],
			"to": [ 13, 26, 10.75 ],
			"faces": {
				"down": { "uv": [ 5.46875, 7.8125, 5.53125, 9.15625 ], "texture": "#darwer_atlas" },
				"up": { "uv": [ 15.9375, 14.1875, 16, 12.84375 ], "texture": "#darwer_atlas" },
				"south": { "uv": [ 1.8125, 0.34375, 1.875, 0.9375 ], "texture": "#darwer_atlas" },
				"west": { "uv": [ 3.375, 3.375, 4.71875, 3.96875 ], "texture": "#darwer_atlas" },
				"east": { "uv": [ 4.71875, 3.96875, 3.375, 4.5625 ], "texture": "#darwer_atlas" }
			}
		},
		{
			"__comment": "Voxels",
			"from": [ 12.5, 25.75, 10.75 ],
			"to": [ 13.25, 26, 11 ],
			"faces": {
				"up": { "uv": [ 10.96875, 12.875, 11.0625, 12.84375 ], "texture": "#darwer_atlas" },
				"north": { "uv": [ 12.71875, 13.46875, 12.625, 13.5 ], "texture": "#darwer_atlas" },
				"west": { "uv": [ 11.15625, 13.09375, 11.1875, 13.125 ], "texture": "#darwer_atlas" },
				"east": { "uv": [ 11.1875, 13.0625, 11.15625, 13.09375 ], "texture": "#darwer_atlas" }
			}
		},
		{
			"__comment": "Voxels",
			"from": [ 13, 4.25, -2.75 ],
			"to": [ 13.25, 5.5, 8.25 ],
			"faces": {
				"down": { "uv": [ 4.96875, 5.875, 5, 7.25 ], "texture": "#darwer_atlas" },
				"up": { "uv": [ 5, 7.25, 5.03125, 5.875 ], "texture": "#darwer_atlas" },
				"east": { "uv": [ 13.1875, 10.25, 11.8125, 10.40625 ], "texture": "#darwer_atlas" }
			}
		},
		{
			"__comment": "Voxels",
			"from": [ 13, 7, -2.75 ],
			"to": [ 13.25, 7.5, 8.25 ],
			"faces": {
				"down": { "uv": [ 5.03125, 5.875, 5.0625, 7.25 ], "texture": "#darwer_atlas" },
				"up": { "uv": [ 5.0625, 7.25, 5.09375, 5.875 ], "texture": "#darwer_atlas" },
				"east": { "uv": [ 6.34375, 9.53125, 4.96875, 9.59375 ], "texture": "#darwer_atlas" }
			}
		},
		{
			"__comment": "Voxels",
			"from": [ 13, 10.5, 0.25 ],
			"to": [ 13.25, 11.5, 11 ],
			"faces": {
				"down": { "uv": [ 5.65625, 7.8125, 5.6875, 9.15625 ], "texture": "#darwer_atlas" },
				"up": { "uv": [ 5.6875, 9.15625, 5.71875, 7.8125 ], "texture": "#darwer_atlas" },
				"east": { "uv": [ 6.28125, 9.96875, 4.9375, 10.09375 ], "texture": "#darwer_atlas" }
			}
		},
		{
			"__comment": "Voxels",
			"from": [ 13, 13.25, 0.25 ],
			"to": [ 13.25, 13.5, 11 ],
			"faces": {
				"down": { "uv": [ 5.71875, 7.8125, 5.75, 9.15625 ], "texture": "#darwer_atlas" },
				"up": { "uv": [ 5.75, 9.15625, 5.78125, 7.8125 ], "texture": "#darwer_atlas" },
				"east": { "uv": [ 6.3125, 5.8125, 4.96875, 5.84375 ], "texture": "#darwer_atlas" }
			}
		},
		{
			"__comment": "Voxels",
			"from": [ 13, 16.5, -1.75 ],
			"to": [ 13.25, 17.75, 9.25 ],
			"faces": {
				"down": { "uv": [ 1.84375, 3, 1.875, 4.375 ], "texture": "#darwer_atlas" },
				"up": { "uv": [ 15.96875, 12.84375, 16, 11.46875 ], "texture": "#darwer_atlas" },
				"east": { "uv": [ 10.4375, 10.25, 9.0625, 10.40625 ], "texture": "#darwer_atlas" }
			}
		},
		{
			"__comment": "Voxels",
			"from": [ 13, 19.5, -1.75 ],
			"to": [ 13.25, 19.75, 9.25 ],
			"faces": {
				"down": { "uv": [ 4.9375, 1.46875, 4.96875, 2.84375 ], "texture": "#darwer_atlas" },
				"up": { "uv": [ 4.9375, 1.46875, 4.96875, 0.09375 ], "texture": "#darwer_atlas" },
				"east": { "uv": [ 12.875, 10.59375, 11.5, 10.625 ], "texture": "#darwer_atlas" }
			}
		},
		{
			"__comment": "Voxels",
			"from": [ 13, 22.75, 0 ],
			"to": [ 13.25, 24, 10.75 ],
			"faces": {
				"down": { "uv": [ 5.78125, 7.8125, 5.8125, 9.15625 ], "texture": "#darwer_atlas" },
				"up": { "uv": [ 5.8125, 9.15625, 5.84375, 7.8125 ], "texture": "#darwer_atlas" },
				"east": { "uv": [ 8.96875, 10.09375, 7.625, 10.25 ], "texture": "#darwer_atlas" }
			}
		},
		{
			"__comment": "Voxels",
			"from": [ 13, 25.5, 0 ],
			"to": [ 13.25, 26, 10.75 ],
			"faces": {
				"down": { "uv": [ 5.84375, 7.8125, 5.875, 9.15625 ], "texture": "#darwer_atlas" },
				"up": { "uv": [ 5.875, 9.15625, 5.90625, 7.8125 ], "texture": "#darwer_atlas" },
				"south": { "uv": [ 11.15625, 13.375, 11.1875, 13.4375 ], "texture": "#darwer_atlas" },
				"east": { "uv": [ 6.3125, 9.40625, 4.96875, 9.46875 ], "texture": "#darwer_atlas" }
			}
		},
		{
			"__comment": "Voxels",
			"from": [ 13.5, 2, 0.75 ],
			"to": [ 14.5, 7.75, 15.25 ],
			"faces": {
				"north": { "uv": [ 9.625, 13.40625, 9.5, 14.125 ], "texture": "#darwer_atlas" },
				"west": { "uv": [ 4.6875, 11.40625, 6.5, 12.125 ], "texture": "#darwer_atlas" },
				"east": { "uv": [ 10.125, 12.125, 8.3125, 12.84375 ], "texture": "#darwer_atlas" }
			}
		},
		{
			"__comment": "Voxels",
			"from": [ 13.5, 8.25, 0.75 ],
			"to": [ 14.5, 14, 15.25 ],
			"faces": {
				"north": { "uv": [ 7.9375, 13.40625, 7.8125, 14.125 ], "texture": "#darwer_atlas" },
				"west": { "uv": [ 0, 0.21875, 1.8125, 0.9375 ], "texture": "#darwer_atlas" },
				"east": { "uv": [ 8.3125, 12.125, 6.5, 12.84375 ], "texture": "#darwer_atlas" }
			}
		},
		{
			"__comment": "Voxels",
			"from": [ 13.5, 14.5, 0.75 ],
			"to": [ 14.5, 20.25, 15.25 ],
			"faces": {
				"north": { "uv": [ 6.4375, 13.40625, 6.3125, 14.125 ], "texture": "#darwer_atlas" },
				"west": { "uv": [ 6.5, 11.40625, 8.3125, 12.125 ], "texture": "#darwer_atlas" },
				"east": { "uv": [ 6.5, 12.125, 4.6875, 12.84375 ], "texture": "#darwer_atlas" }
			}
		},
		{
			"__comment": "Voxels",
			"from": [ 13.5, 20.75, 0.75 ],
			"to": [ 14.5, 26.25, 15.25 ],
			"faces": {
				"north": { "uv": [ 11.1875, 13.4375, 11.0625, 14.125 ], "texture": "#darwer_atlas" },
				"west": { "uv": [ 8.3125, 11.4375, 10.125, 12.125 ], "texture": "#darwer_atlas" },
				"east": { "uv": [ 11.9375, 12.15625, 10.125, 12.84375 ], "texture": "#darwer_atlas" }
			}
		}
	],
	"display": {
		"thirdperson_righthand": {
			"scale":  [ 0.2, 0.2, 0.2 ]
		},
		"thirdperson_lefthand": {
			"scale":  [ 0.0001, 0.0001, 0.0001 ]
		},
		"firstperson_righthand": {
			"scale":  [ 0.2, 0.2, 0.2 ]
		},
		"firstperson_lefthand": {
			"scale":  [ 0.0001, 0.0001, 0.0001 ]
		},
		"gui": {
			"rotation":  [ 0, -142, 0 ],
			"translation":  [ 0, -3.478, 0 ],
			"scale":  [ 0.5, 0.5, 0.5 ]
		},
		"head": {
			"translation":  [ 0, -34.07, 0 ],
			"scale":  [ 1.5, 1.5, 1.5 ]
		},
		"ground": {
			"translation":  [ 0, 6.9565, 0 ],
			"scale":  [ 0.5, 0.5, 0.5 ]
		}
	}
}