{
	"__comment": "Designed by EFM",
	"textures": {
		"untitled_atlas": "efm/light"
	},
	"elements": [ 	 
		{
			"__comment": "Voxels",
			"from": [ 6.25, 6.75, -10 ],
			"to": [ 9.25, 7, -8.25 ],
			"faces": {
				"down": { "uv": [ 5.5625, 14.375, 6.3125, 14.8125 ], "texture": "#untitled_atlas" },
				"up": { "uv": [ 5.5625, 15.25, 6.3125, 14.8125 ], "texture": "#untitled_atlas" },
				"north": { "uv": [ 6.3125, 14.125, 5.5625, 14.1875 ], "texture": "#untitled_atlas" },
				"south": { "uv": [ 5.5625, 14.1875, 6.3125, 14.25 ], "texture": "#untitled_atlas" },
				"west": { "uv": [ 7.4375, 11.875, 7.875, 11.9375 ], "texture": "#untitled_atlas" },
				"east": { "uv": [ 7.375, 14, 6.9375, 14.0625 ], "texture": "#untitled_atlas" }
			}
		},
		{
			"__comment": "Voxels",
			"from": [ 6.25, 7, -10 ],
			"to": [ 6.75, 8.5, -9.75 ],
			"faces": {
				"up": { "uv": [ 7.875, 14.6875, 8, 14.625 ], "texture": "#untitled_atlas" },
				"north": { "uv": [ 3.375, 10.6875, 3.25, 11.0625 ], "texture": "#untitled_atlas" },
				"south": { "uv": [ 3.375, 10.6875, 3.5, 11.0625 ], "texture": "#untitled_atlas" },
				"west": { "uv": [ 5.9375, 10.3125, 6, 10.6875 ], "texture": "#untitled_atlas" },
				"east": { "uv": [ 6.0625, 10.3125, 6, 10.6875 ], "texture": "#untitled_atlas" }
			}
		},
		{
			"__comment": "Voxels",
			"from": [ 6.25, 7, -9.75 ],
			"to": [ 6.5, 8.5, -9.25 ],
			"faces": {
				"up": { "uv": [ 3.6875, 11.375, 3.75, 11.25 ], "texture": "#untitled_atlas" },
				"south": { "uv": [ 6.0625, 10.375, 6.125, 10.75 ], "texture": "#untitled_atlas" },
				"west": { "uv": [ 3.5, 10.6875, 3.625, 11.0625 ], "texture": "#untitled_atlas" },
				"east": { "uv": [ 3.75, 10.6875, 3.625, 11.0625 ], "texture": "#untitled_atlas" }
			}
		},
		{
			"__comment": "Voxels",
			"from": [ 6.25, 7, -9.25 ],
			"to": [ 6.5, 7.75, -8.5 ],
			"faces": {
				"up": { "uv": [ 6.875, 10.6875, 6.9375, 10.5 ], "texture": "#untitled_atlas" },
				"south": { "uv": [ 7.8125, 11.4375, 7.875, 11.625 ], "texture": "#untitled_atlas" },
				"west": { "uv": [ 2.875, 10.375, 3.0625, 10.5625 ], "texture": "#untitled_atlas" },
				"east": { "uv": [ 3.6875, 11.375, 3.5, 11.5625 ], "texture": "#untitled_atlas" }
			}
		},
		{
			"__comment": "Voxels",
			"from": [ 6.25, 7, -8.5 ],
			"to": [ 6.75, 7.5, -8.25 ],
			"faces": {
				"up": { "uv": [ 7, 11.3125, 7.125, 11.25 ], "texture": "#untitled_atlas" },
				"north": { "uv": [ 5.3125, 10.3125, 5.1875, 10.4375 ], "texture": "#untitled_atlas" },
				"south": { "uv": [ 4.9375, 10.3125, 5.0625, 10.4375 ], "texture": "#untitled_atlas" },
				"west": { "uv": [ 7.9375, 14.75, 8, 14.875 ], "texture": "#untitled_atlas" },
				"east": { "uv": [ 5.5, 10.3125, 5.4375, 10.4375 ], "texture": "#untitled_atlas" }
			}
		},
		{
			"__comment": "Voxels",
			"from": [ 6.5, 6.75, -10.25 ],
			"to": [ 8.5, 9, -10 ],
			"faces": {
				"down": { "uv": [ 6.9375, 12, 7.4375, 12.0625 ], "texture": "#untitled_atlas" },
				"up": { "uv": [ 7.5, 13.5, 8, 13.4375 ], "texture": "#untitled_atlas" },
				"north": { "uv": [ 1.625, 11.25, 1.125, 11.8125 ], "texture": "#untitled_atlas" },
				"south": { "uv": [ 1.125, 10.6875, 1.625, 11.25 ], "texture": "#untitled_atlas" },
				"west": { "uv": [ 3.875, 10.3125, 3.9375, 10.875 ], "texture": "#untitled_atlas" },
				"east": { "uv": [ 4, 10.3125, 3.9375, 10.875 ], "texture": "#untitled_atlas" }
			}
		},
		{
			"__comment": "Voxels",
			"from": [ 6.5, 6.75, -8.25 ],
			"to": [ 9.25, 7, 8.5 ],
			"faces": {
				"down": { "uv": [ 1.125, 11.8125, 1.8125, 16 ], "texture": "#untitled_atlas" },
				"up": { "uv": [ 1.8125, 16, 2.5, 11.8125 ], "texture": "#untitled_atlas" },
				"south": { "uv": [ 5.5625, 13.9375, 6.25, 14 ], "texture": "#untitled_atlas" },
				"west": { "uv": [ 0.875, 8.4375, 5.0625, 8.5 ], "texture": "#untitled_atlas" },
				"east": { "uv": [ 5.0625, 8.5, 0.875, 8.5625 ], "texture": "#untitled_atlas" }
			}
		},
		{
			"__comment": "Voxels",
			"from": [ 6.5, 7, -8.25 ],
			"to": [ 6.75, 7.75, 5.25 ],
			"faces": {
				"up": { "uv": [ 0.3125, 4.1875, 0.375, 0.8125 ], "texture": "#untitled_atlas" },
				"north": { "uv": [ 7.5625, 11.4375, 7.5, 11.625 ], "texture": "#untitled_atlas" },
				"south": { "uv": [ 7.4375, 11.4375, 7.5, 11.625 ], "texture": "#untitled_atlas" },
				"west": { "uv": [ 0.5, 9.3125, 3.875, 9.5 ], "texture": "#untitled_atlas" },
				"east": { "uv": [ 7.25, 9.3125, 3.875, 9.5 ], "texture": "#untitled_atlas" }
			}
		},
		{
			"__comment": "Voxels",
			"from": [ 6.5, 7, 5.25 ],
			"to": [ 6.75, 7.5, 6.5 ],
			"faces": {
				"up": { "uv": [ 6.4375, 11.25, 6.5, 10.9375 ], "texture": "#untitled_atlas" },
				"south": { "uv": [ 5.5625, 10.3125, 5.625, 10.4375 ], "texture": "#untitled_atlas" },
				"west": { "uv": [ 3.75, 10.875, 4.0625, 11 ], "texture": "#untitled_atlas" },
				"east": { "uv": [ 3.5625, 10.3125, 3.25, 10.4375 ], "texture": "#untitled_atlas" }
			}
		},
		{
			"__comment": "Voxels",
			"from": [ 6.5, 7, 6.5 ],
			"to": [ 7, 7.25, 7.25 ],
			"faces": {
				"up": { "uv": [ 7.75, 15.4375, 7.875, 15.25 ], "texture": "#untitled_atlas" },
				"north": { "uv": [ 7.25, 11.25, 7.125, 11.3125 ], "texture": "#untitled_atlas" },
				"south": { "uv": [ 7.25, 11.25, 7.375, 11.3125 ], "texture": "#untitled_atlas" },
				"west": { "uv": [ 7.6875, 11.6875, 7.875, 11.75 ], "texture": "#untitled_atlas" },
				"east": { "uv": [ 7.6875, 11.625, 7.5, 11.6875 ], "texture": "#untitled_atlas" }
			}
		},
		{
			"__comment": "Voxels",
			"from": [ 6.5, 7.25, -8.75 ],
			"to": [ 6.75, 8, -8.5 ],
			"faces": {
				"down": { "uv": [ 7.875, 10.875, 7.9375, 10.9375 ], "texture": "#untitled_atlas" },
				"up": { "uv": [ 7.6875, 10.9375, 7.75, 10.875 ], "texture": "#untitled_atlas" },
				"north": { "uv": [ 6.8125, 10.875, 6.75, 11.0625 ], "texture": "#untitled_atlas" },
				"south": { "uv": [ 6.75, 11.0625, 6.8125, 11.25 ], "texture": "#untitled_atlas" },
				"west": { "uv": [ 6.75, 11.25, 6.8125, 11.4375 ], "texture": "#untitled_atlas" },
				"east": { "uv": [ 7, 11, 6.9375, 11.1875 ], "texture": "#untitled_atlas" }
			}
		},
		{
			"__comment": "Voxels",
			"from": [ 6.5, 7.5, -9.5 ],
			"to": [ 6.75, 9.25, -9.25 ],
			"faces": {
				"down": { "uv": [ 7.9375, 11.375, 8, 11.4375 ], "texture": "#untitled_atlas" },
				"up": { "uv": [ 7.9375, 12.0625, 8, 12 ], "texture": "#untitled_atlas" },
				"north": { "uv": [ 5.125, 10.5, 5.0625, 10.9375 ], "texture": "#untitled_atlas" },
				"south": { "uv": [ 5.375, 10.8125, 5.4375, 11.25 ], "texture": "#untitled_atlas" },
				"west": { "uv": [ 5.3125, 10.375, 5.375, 10.8125 ], "texture": "#untitled_atlas" },
				"east": { "uv": [ 5.375, 10.8125, 5.3125, 11.25 ], "texture": "#untitled_atlas" }
			}
		},
		{
			"__comment": "Voxels",
			"from": [ 6.5, 7.5, -9.25 ],
			"to": [ 6.75, 9, -9 ],
			"faces": {
				"down": { "uv": [ 6.25, 10.3125, 6.3125, 10.375 ], "texture": "#untitled_atlas" },
				"up": { "uv": [ 6.1875, 10.375, 6.25, 10.3125 ], "texture": "#untitled_atlas" },
				"south": { "uv": [ 6.3125, 10.8125, 6.375, 11.1875 ], "texture": "#untitled_atlas" },
				"west": { "uv": [ 6.25, 10.375, 6.3125, 10.75 ], "texture": "#untitled_atlas" },
				"east": { "uv": [ 6.3125, 10.75, 6.25, 11.125 ], "texture": "#untitled_atlas" }
			}
		},
		{
			"__comment": "Voxels",
			"from": [ 6.5, 7.5, -9 ],
			"to": [ 6.75, 8, -8.75 ],
			"faces": {
				"down": { "uv": [ 7.9375, 12.1875, 8, 12.25 ], "texture": "#untitled_atlas" },
				"up": { "uv": [ 7.9375, 12.75, 8, 12.6875 ], "texture": "#untitled_atlas" },
				"west": { "uv": [ 6.3125, 10.3125, 6.375, 10.4375 ], "texture": "#untitled_atlas" },
				"east": { "uv": [ 6.4375, 10.3125, 6.375, 10.4375 ], "texture": "#untitled_atlas" }
			}
		},
		{
			"__comment": "Voxels",
			"from": [ 6.5, 7.5, -8.5 ],
			"to": [ 6.75, 8, -8.25 ],
			"faces": {
				"up": { "uv": [ 7.9375, 12.875, 8, 12.8125 ], "texture": "#untitled_atlas" },
				"south": { "uv": [ 6.9375, 10.75, 7, 10.875 ], "texture": "#untitled_atlas" },
				"west": { "uv": [ 6.9375, 10.625, 7, 10.75 ], "texture": "#untitled_atlas" },
				"east": { "uv": [ 7, 10.5, 6.9375, 10.625 ], "texture": "#untitled_atlas" }
			}
		},
		{
			"__comment": "Voxels",
			"from": [ 6.5, 8.25, -9.75 ],
			"to": [ 6.75, 9.25, -9.5 ],
			"faces": {
				"down": { "uv": [ 7.9375, 12.875, 8, 12.9375 ], "texture": "#untitled_atlas" },
				"up": { "uv": [ 7.9375, 13.125, 8, 13.0625 ], "texture": "#untitled_atlas" },
				"north": { "uv": [ 6.5625, 10.6875, 6.5, 10.9375 ], "texture": "#untitled_atlas" },
				"west": { "uv": [ 6.5625, 10.75, 6.625, 11 ], "texture": "#untitled_atlas" },
				"east": { "uv": [ 6.625, 11.25, 6.5625, 11.5 ], "texture": "#untitled_atlas" }
			}
		},
		{
			"__comment": "Voxels",
			"from": [ 6.5, 8.5, -10 ],
			"to": [ 6.75, 9.25, -9.75 ],
			"faces": {
				"up": { "uv": [ 7.9375, 13.25, 8, 13.1875 ], "texture": "#untitled_atlas" },
				"north": { "uv": [ 3.125, 10.375, 3.0625, 10.5625 ], "texture": "#untitled_atlas" },
				"west": { "uv": [ 7.9375, 15.625, 8, 15.8125 ], "texture": "#untitled_atlas" },
				"east": { "uv": [ 6.625, 10.3125, 6.5625, 10.5 ], "texture": "#untitled_atlas" }
			}
		},
		{
			"__comment": "Voxels",
			"from": [ 6.75, 6.75, 8.5 ],
			"to": [ 9.25, 7, 26.25 ],
			"faces": {
				"down": { "uv": [ 3.125, 11.5625, 3.75, 16 ], "texture": "#untitled_atlas" },
				"up": { "uv": [ 2.5, 16, 3.125, 11.5625 ], "texture": "#untitled_atlas" },
				"south": { "uv": [ 6.3125, 13.8125, 6.9375, 13.875 ], "texture": "#untitled_atlas" },
				"west": { "uv": [ 0.75, 8.75, 5.1875, 8.8125 ], "texture": "#untitled_atlas" },
				"east": { "uv": [ 5.1875, 8.6875, 0.75, 8.75 ], "texture": "#untitled_atlas" }
			}
		},
		{
			"__comment": "Voxels",
			"from": [ 6.75, 7, 6.25 ],
			"to": [ 7, 8, 6.5 ],
			"faces": {
				"up": { "uv": [ 7.9375, 14.0625, 8, 14 ], "texture": "#untitled_atlas" },
				"north": { "uv": [ 6.6875, 11.25, 6.625, 11.5 ], "texture": "#untitled_atlas" },
				"south": { "uv": [ 6.625, 11, 6.6875, 11.25 ], "texture": "#untitled_atlas" },
				"west": { "uv": [ 6.625, 10.75, 6.6875, 11 ], "texture": "#untitled_atlas" },
				"east": { "uv": [ 6.75, 11.25, 6.6875, 11.5 ], "texture": "#untitled_atlas" }
			}
		},
		{
			"__comment": "Voxels",
			"from": [ 6.75, 7, 7.25 ],
			"to": [ 7, 8, 17.5 ],
			"faces": {
				"down": { "uv": [ 0.5625, 1.0625, 0.625, 3.625 ], "texture": "#untitled_atlas" },
				"up": { "uv": [ 0.5, 3.625, 0.5625, 1.0625 ], "texture": "#untitled_atlas" },
				"north": { "uv": [ 6.5, 10.4375, 6.4375, 10.6875 ], "texture": "#untitled_atlas" },
				"south": { "uv": [ 6.625, 10.5, 6.6875, 10.75 ], "texture": "#untitled_atlas" },
				"west": { "uv": [ 4.9375, 13.5625, 7.5, 13.8125 ], "texture": "#untitled_atlas" },
				"east": { "uv": [ 7.5, 13.3125, 4.9375, 13.5625 ], "texture": "#untitled_atlas" }
			}
		},
		{
			"__comment": "Voxels",
			"from": [ 6.75, 7, 17.5 ],
			"to": [ 7, 7.75, 26.25 ],
			"faces": {
				"up": { "uv": [ 0.875, 6.125, 0.9375, 3.9375 ], "texture": "#untitled_atlas" },
				"south": { "uv": [ 2.4375, 10.5625, 2.5, 10.75 ], "texture": "#untitled_atlas" },
				"west": { "uv": [ 5.5625, 15.25, 7.75, 15.4375 ], "texture": "#untitled_atlas" },
				"east": { "uv": [ 7.75, 15.4375, 5.5625, 15.625 ], "texture": "#untitled_atlas" }
			}
		},
		{
			"__comment": "Voxels",
			"from": [ 6.75, 7.25, 5 ],
			"to": [ 7, 8, 6.25 ],
			"faces": {
				"down": { "uv": [ 2.4375, 10.9375, 2.5, 11.25 ], "texture": "#untitled_atlas" },
				"up": { "uv": [ 5.8125, 10.625, 5.875, 10.3125 ], "texture": "#untitled_atlas" },
				"north": { "uv": [ 6.875, 10.5, 6.8125, 10.6875 ], "texture": "#untitled_atlas" },
				"west": { "uv": [ 3.4375, 11.0625, 3.75, 11.25 ], "texture": "#untitled_atlas" },
				"east": { "uv": [ 3.4375, 11.0625, 3.125, 11.25 ], "texture": "#untitled_atlas" }
			}
		},
		{
			"__comment": "Voxels",
			"from": [ 6.75, 7.25, 6.5 ],
			"to": [ 7, 8, 7.25 ],
			"faces": {
				"up": { "uv": [ 7.9375, 11.625, 8, 11.4375 ], "texture": "#untitled_atlas" },
				"west": { "uv": [ 4, 10.6875, 4.1875, 10.875 ], "texture": "#untitled_atlas" },
				"east": { "uv": [ 4.1875, 10.5, 4, 10.6875 ], "texture": "#untitled_atlas" }
			}
		},
		{
			"__comment": "Voxels",
			"from": [ 6.75, 7.5, 1.75 ],
			"to": [ 7, 8, 5 ],
			"faces": {
				"down": { "uv": [ 5.25, 10.4375, 5.3125, 11.25 ], "texture": "#untitled_atlas" },
				"up": { "uv": [ 5.1875, 11.25, 5.25, 10.4375 ], "texture": "#untitled_atlas" },
				"north": { "uv": [ 7, 10.375, 6.9375, 10.5 ], "texture": "#untitled_atlas" },
				"west": { "uv": [ 7.125, 14.75, 7.9375, 14.875 ], "texture": "#untitled_atlas" },
				"east": { "uv": [ 7.125, 14.75, 6.3125, 14.875 ], "texture": "#untitled_atlas" }
			}
		},
		{
			"__comment": "Voxels",
			"from": [ 6.75, 7.75, -9.25 ],
			"to": [ 7, 9.25, -9 ],
			"faces": {
				"down": { "uv": [ 7.9375, 14.0625, 8, 14.125 ], "texture": "#untitled_atlas" },
				"up": { "uv": [ 7.9375, 14.1875, 8, 14.125 ], "texture": "#untitled_atlas" },
				"north": { "uv": [ 6.25, 10.375, 6.1875, 10.75 ], "texture": "#untitled_atlas" },
				"south": { "uv": [ 6.1875, 10.75, 6.25, 11.125 ], "texture": "#untitled_atlas" },
				"west": { "uv": [ 6.125, 10.375, 6.1875, 10.75 ], "texture": "#untitled_atlas" },
				"east": { "uv": [ 6.1875, 10.75, 6.125, 11.125 ], "texture": "#untitled_atlas" }
			}
		},
		{
			"__comment": "Voxels",
			"from": [ 6.75, 7.75, -9 ],
			"to": [ 8.5, 9, -8.75 ],
			"faces": {
				"down": { "uv": [ 6.9375, 13.8125, 7.375, 13.875 ], "texture": "#untitled_atlas" },
				"up": { "uv": [ 6.9375, 14, 7.375, 13.9375 ], "texture": "#untitled_atlas" },
				"north": { "uv": [ 2.25, 10.9375, 1.8125, 11.25 ], "texture": "#untitled_atlas" },
				"south": { "uv": [ 1.8125, 11.25, 2.25, 11.5625 ], "texture": "#untitled_atlas" },
				"west": { "uv": [ 6.4375, 11.25, 6.5, 11.5625 ], "texture": "#untitled_atlas" },
				"east": { "uv": [ 5.9375, 10.3125, 5.875, 10.625 ], "texture": "#untitled_atlas" }
			}
		},
		{
			"__comment": "Voxels",
			"from": [ 6.75, 7.75, -8.75 ],
			"to": [ 9.25, 8, -8.25 ],
			"faces": {
				"down": { "uv": [ 2.5, 10.6875, 3.125, 10.8125 ], "texture": "#untitled_atlas" },
				"up": { "uv": [ 2.5, 10.9375, 3.125, 10.8125 ], "texture": "#untitled_atlas" },
				"north": { "uv": [ 8, 14.4375, 7.375, 14.5 ], "texture": "#untitled_atlas" },
				"south": { "uv": [ 7.375, 14.25, 8, 14.3125 ], "texture": "#untitled_atlas" },
				"west": { "uv": [ 7.875, 11.25, 8, 11.3125 ], "texture": "#untitled_atlas" },
				"east": { "uv": [ 7.1875, 11.1875, 7.0625, 11.25 ], "texture": "#untitled_atlas" }
			}
		},
		{
			"__comment": "Voxels",
			"from": [ 6.75, 7.75, -8.25 ],
			"to": [ 9, 8, 1.75 ],
			"faces": {
				"down": { "uv": [ 3.75, 11, 4.3125, 13.5 ], "texture": "#untitled_atlas" },
				"up": { "uv": [ 3.75, 16, 4.3125, 13.5 ], "texture": "#untitled_atlas" },
				"south": { "uv": [ 7.0625, 13.25, 7.625, 13.3125 ], "texture": "#untitled_atlas" },
				"west": { "uv": [ 5.4375, 12.6875, 7.9375, 12.75 ], "texture": "#untitled_atlas" },
				"east": { "uv": [ 7.9375, 12.75, 5.4375, 12.8125 ], "texture": "#untitled_atlas" }
			}
		},
		{
			"__comment": "Voxels",
			"from": [ 6.75, 7.75, 24.5 ],
			"to": [ 9.5, 8, 25 ],
			"faces": {
				"down": { "uv": [ 5.5625, 14.25, 6.25, 14.375 ], "texture": "#untitled_atlas" },
				"up": { "uv": [ 1.125, 10.4375, 1.8125, 10.3125 ], "texture": "#untitled_atlas" },
				"north": { "uv": [ 6.25, 14.0625, 5.5625, 14.125 ], "texture": "#untitled_atlas" },
				"south": { "uv": [ 5.5625, 14, 6.25, 14.0625 ], "texture": "#untitled_atlas" },
				"west": { "uv": [ 7.6875, 11.1875, 7.8125, 11.25 ], "texture": "#untitled_atlas" },
				"east": { "uv": [ 7.3125, 11.125, 7.1875, 11.1875 ], "texture": "#untitled_atlas" }
			}
		},
		{
			"__comment": "Voxels",
			"from": [ 6.75, 7.75, 25 ],
			"to": [ 7.25, 8.75, 25.25 ],
			"faces": {
				"down": { "uv": [ 7.8125, 11.125, 7.9375, 11.1875 ], "texture": "#untitled_atlas" },
				"up": { "uv": [ 7.0625, 11.125, 7.1875, 11.0625 ], "texture": "#untitled_atlas" },
				"north": { "uv": [ 3.875, 10.3125, 3.75, 10.5625 ], "texture": "#untitled_atlas" },
				"south": { "uv": [ 2.375, 10.3125, 2.5, 10.5625 ], "texture": "#untitled_atlas" },
				"west": { "uv": [ 6.5, 10.4375, 6.5625, 10.6875 ], "texture": "#untitled_atlas" },
				"east": { "uv": [ 6.75, 11.5, 6.6875, 11.75 ], "texture": "#untitled_atlas" }
			}
		},
		{
			"__comment": "Voxels",
			"from": [ 6.75, 7.75, 25.25 ],
			"to": [ 7, 9, 26 ],
			"faces": {
				"up": { "uv": [ 6.75, 11.625, 6.8125, 11.4375 ], "texture": "#untitled_atlas" },
				"north": { "uv": [ 2.5, 11.25, 2.4375, 11.5625 ], "texture": "#untitled_atlas" },
				"south": { "uv": [ 6.5, 11.25, 6.5625, 11.5625 ], "texture": "#untitled_atlas" },
				"west": { "uv": [ 2.25, 11.25, 2.4375, 11.5625 ], "texture": "#untitled_atlas" },
				"east": { "uv": [ 2.4375, 10.9375, 2.25, 11.25 ], "texture": "#untitled_atlas" }
			}
		},
		{
			"__comment": "Voxels",
			"from": [ 6.75, 7.75, 26 ],
			"to": [ 9.5, 8.75, 26.25 ],
			"faces": {
				"down": { "uv": [ 5.5625, 13.8125, 6.25, 13.875 ], "texture": "#untitled_atlas" },
				"up": { "uv": [ 5.5625, 13.9375, 6.25, 13.875 ], "texture": "#untitled_atlas" },
				"north": { "uv": [ 1.8125, 10.4375, 1.125, 10.6875 ], "texture": "#untitled_atlas" },
				"south": { "uv": [ 1.8125, 11.5625, 2.5, 11.8125 ], "texture": "#untitled_atlas" },
				"west": { "uv": [ 6.5625, 10.5, 6.625, 10.75 ], "texture": "#untitled_atlas" },
				"east": { "uv": [ 6.625, 11.5, 6.5625, 11.75 ], "texture": "#untitled_atlas" }
			}
		},
		{
			"__comment": "Voxels",
			"from": [ 6.75, 8.75, -10 ],
			"to": [ 7, 9.25, -9.75 ],
			"faces": {
				"down": { "uv": [ 7.9375, 14.1875, 8, 14.25 ], "texture": "#untitled_atlas" },
				"up": { "uv": [ 7.9375, 14.9375, 8, 14.875 ], "texture": "#untitled_atlas" },
				"north": { "uv": [ 7.0625, 10.75, 7, 10.875 ], "texture": "#untitled_atlas" },
				"south": { "uv": [ 7, 10.625, 7.0625, 10.75 ], "texture": "#untitled_atlas" },
				"east": { "uv": [ 7.1875, 10.9375, 7.125, 11.0625 ], "texture": "#untitled_atlas" }
			}
		},
		{
			"__comment": "Voxels",
			"from": [ 6.75, 9, -10.25 ],
			"to": [ 7.5, 9.25, -10 ],
			"faces": {
				"up": { "uv": [ 7.5, 11.75, 7.6875, 11.6875 ], "texture": "#untitled_atlas" },
				"north": { "uv": [ 7.5, 11.625, 7.3125, 11.6875 ], "texture": "#untitled_atlas" },
				"south": { "uv": [ 7, 11.5, 7.1875, 11.5625 ], "texture": "#untitled_atlas" },
				"west": { "uv": [ 7.9375, 14.9375, 8, 15 ], "texture": "#untitled_atlas" },
				"east": { "uv": [ 8, 15, 7.9375, 15.0625 ], "texture": "#untitled_atlas" }
			}
		},
		{
			"__comment": "Voxels",
			"from": [ 6.75, 9, -9.75 ],
			"to": [ 9, 9.25, -9.25 ],
			"faces": {
				"down": { "uv": [ 2.5, 10.5625, 3.0625, 10.6875 ], "texture": "#untitled_atlas" },
				"up": { "uv": [ 3.125, 11.375, 3.6875, 11.25 ], "texture": "#untitled_atlas" },
				"north": { "uv": [ 7.625, 13, 7.0625, 13.0625 ], "texture": "#untitled_atlas" },
				"south": { "uv": [ 7.0625, 12.9375, 7.625, 13 ], "texture": "#untitled_atlas" },
				"west": { "uv": [ 7.0625, 10.875, 7.1875, 10.9375 ], "texture": "#untitled_atlas" },
				"east": { "uv": [ 7.1875, 10.8125, 7.0625, 10.875 ], "texture": "#untitled_atlas" }
			}
		},
		{
			"__comment": "Voxels",
			"from": [ 7, 7, 26 ],
			"to": [ 9.5, 7.75, 26.25 ],
			"faces": {
				"down": { "uv": [ 7.3125, 15.0625, 7.9375, 15.125 ], "texture": "#untitled_atlas" },
				"north": { "uv": [ 2.4375, 10.5625, 1.8125, 10.75 ], "texture": "#untitled_atlas" },
				"south": { "uv": [ 1.8125, 10.75, 2.4375, 10.9375 ], "texture": "#untitled_atlas" },
				"east": { "uv": [ 2.5, 10.75, 2.4375, 10.9375 ], "texture": "#untitled_atlas" }
			}
		},
		{
			"__comment": "Voxels",
			"from": [ 7, 7.75, 1.75 ],
			"to": [ 9.25, 8, 24.5 ],
			"faces": {
				"down": { "uv": [ 0.5625, 10.3125, 1.125, 16 ], "texture": "#untitled_atlas" },
				"up": { "uv": [ 0, 16, 0.5625, 10.3125 ], "texture": "#untitled_atlas" },
				"north": { "uv": [ 7.625, 12.875, 7.0625, 12.9375 ], "texture": "#untitled_atlas" },
				"west": { "uv": [ 0.5, 9, 6.1875, 9.0625 ], "texture": "#untitled_atlas" },
				"east": { "uv": [ 6.1875, 8.9375, 0.5, 9 ], "texture": "#untitled_atlas" }
			}
		},
		{
			"__comment": "Voxels",
			"from": [ 7, 8, 24.75 ],
			"to": [ 9.25, 8.75, 25 ],
			"faces": {
				"up": { "uv": [ 7, 12.1875, 7.5625, 12.125 ], "texture": "#untitled_atlas" },
				"north": { "uv": [ 2.375, 10.375, 1.8125, 10.5625 ], "texture": "#untitled_atlas" },
				"south": { "uv": [ 2.5, 10.9375, 3.0625, 11.125 ], "texture": "#untitled_atlas" },
				"west": { "uv": [ 6.75, 10.5, 6.8125, 10.6875 ], "texture": "#untitled_atlas" },
				"east": { "uv": [ 6.8125, 10.3125, 6.75, 10.5 ], "texture": "#untitled_atlas" }
			}
		},
		{
			"__comment": "Voxels",
			"from": [ 7, 8.5, 25.75 ],
			"to": [ 7.25, 9.25, 26 ],
			"faces": {
				"down": { "uv": [ 6.25, 13.9375, 6.3125, 14 ], "texture": "#untitled_atlas" },
				"up": { "uv": [ 6.25, 14.0625, 6.3125, 14 ], "texture": "#untitled_atlas" },
				"north": { "uv": [ 6.875, 11.4375, 6.8125, 11.625 ], "texture": "#untitled_atlas" },
				"south": { "uv": [ 7.3125, 11.4375, 7.375, 11.625 ], "texture": "#untitled_atlas" },
				"west": { "uv": [ 4.4375, 10.3125, 4.5, 10.5 ], "texture": "#untitled_atlas" },
				"east": { "uv": [ 7.4375, 11.4375, 7.375, 11.625 ], "texture": "#untitled_atlas" }
			}
		},
		{
			"__comment": "Voxels",
			"from": [ 7, 8.75, -9.25 ],
			"to": [ 9, 9, -9 ],
			"faces": {
				"down": { "uv": [ 7.5, 13.75, 8, 13.8125 ], "texture": "#untitled_atlas" },
				"up": { "uv": [ 6.4375, 12, 6.9375, 11.9375 ], "texture": "#untitled_atlas" },
				"north": { "uv": [ 7.4375, 11.9375, 6.9375, 12 ], "texture": "#untitled_atlas" },
				"south": { "uv": [ 7.4375, 11.9375, 7.9375, 12 ], "texture": "#untitled_atlas" },
				"east": { "uv": [ 7.9375, 10.5625, 7.875, 10.625 ], "texture": "#untitled_atlas" }
			}
		},
		{
			"__comment": "Voxels",
			"from": [ 7, 8.75, 25 ],
			"to": [ 9.25, 9, 25.25 ],
			"faces": {
				"down": { "uv": [ 6.4375, 12.0625, 7, 12.125 ], "texture": "#untitled_atlas" },
				"up": { "uv": [ 7, 12.125, 7.5625, 12.0625 ], "texture": "#untitled_atlas" },
				"north": { "uv": [ 2.375, 10.3125, 1.8125, 10.375 ], "texture": "#untitled_atlas" },
				"south": { "uv": [ 7.375, 14.1875, 7.9375, 14.25 ], "texture": "#untitled_atlas" },
				"west": { "uv": [ 7.9375, 10.625, 8, 10.6875 ], "texture": "#untitled_atlas" },
				"east": { "uv": [ 7.9375, 10.625, 7.875, 10.6875 ], "texture": "#untitled_atlas" }
			}
		},
		{
			"__comment": "Voxels",
			"from": [ 7, 8.75, 25.25 ],
			"to": [ 7.25, 9.25, 25.5 ],
			"faces": {
				"down": { "uv": [ 7.6875, 10.625, 7.75, 10.6875 ], "texture": "#untitled_atlas" },
				"up": { "uv": [ 7.625, 10.6875, 7.6875, 10.625 ], "texture": "#untitled_atlas" },
				"north": { "uv": [ 7.125, 10.5625, 7.0625, 10.6875 ], "texture": "#untitled_atlas" },
				"south": { "uv": [ 7.125, 10.5625, 7.1875, 10.6875 ], "texture": "#untitled_atlas" },
				"west": { "uv": [ 7.0625, 10.4375, 7.125, 10.5625 ], "texture": "#untitled_atlas" },
				"east": { "uv": [ 7.1875, 10.4375, 7.125, 10.5625 ], "texture": "#untitled_atlas" }
			}
		},
		{
			"__comment": "Voxels",
			"from": [ 7, 8.75, 26 ],
			"to": [ 9.5, 9, 26.25 ],
			"faces": {
				"up": { "uv": [ 6.3125, 14, 6.9375, 13.9375 ], "texture": "#untitled_atlas" },
				"north": { "uv": [ 6.9375, 14, 6.3125, 14.0625 ], "texture": "#untitled_atlas" },
				"south": { "uv": [ 7.375, 14.375, 8, 14.4375 ], "texture": "#untitled_atlas" },
				"west": { "uv": [ 7.5625, 10.3125, 7.625, 10.375 ], "texture": "#untitled_atlas" },
				"east": { "uv": [ 7.625, 10.625, 7.5625, 10.6875 ], "texture": "#untitled_atlas" }
			}
		},
		{
			"__comment": "Voxels",
			"from": [ 7, 9, -10 ],
			"to": [ 9, 9.25, -9.75 ],
			"faces": {
				"down": { "uv": [ 7.4375, 12, 7.9375, 12.0625 ], "texture": "#untitled_atlas" },
				"up": { "uv": [ 7.5, 13.75, 8, 13.6875 ], "texture": "#untitled_atlas" },
				"north": { "uv": [ 8, 13.625, 7.5, 13.6875 ], "texture": "#untitled_atlas" },
				"east": { "uv": [ 7.9375, 10.6875, 7.875, 10.75 ], "texture": "#untitled_atlas" }
			}
		},
		{
			"__comment": "Voxels",
			"from": [ 7, 9, -9.25 ],
			"to": [ 8.75, 9.25, -9 ],
			"faces": {
				"up": { "uv": [ 6.875, 11.875, 7.3125, 11.8125 ], "texture": "#untitled_atlas" },
				"south": { "uv": [ 6.9375, 14.0625, 7.375, 14.125 ], "texture": "#untitled_atlas" },
				"east": { "uv": [ 7.6875, 10.6875, 7.625, 10.75 ], "texture": "#untitled_atlas" }
			}
		},
		{
			"__comment": "Voxels",
			"from": [ 7, 9, 25.5 ],
			"to": [ 9.5, 9.25, 25.75 ],
			"faces": {
				"down": { "uv": [ 7.3125, 14.875, 7.9375, 14.9375 ], "texture": "#untitled_atlas" },
				"up": { "uv": [ 6.3125, 14.125, 6.9375, 14.0625 ], "texture": "#untitled_atlas" },
				"north": { "uv": [ 7.9375, 15.125, 7.3125, 15.1875 ], "texture": "#untitled_atlas" },
				"south": { "uv": [ 7.375, 14.3125, 8, 14.375 ], "texture": "#untitled_atlas" },
				"west": { "uv": [ 7.5625, 10.6875, 7.625, 10.75 ], "texture": "#untitled_atlas" },
				"east": { "uv": [ 7.5625, 10.3125, 7.5, 10.375 ], "texture": "#untitled_atlas" }
			}
		},
		{
			"__comment": "Voxels",
			"from": [ 7.25, 7.5, -8.5 ],
			"to": [ 8.5, 7.75, 0.25 ],
			"faces": {
				"down": { "uv": [ 4.9375, 13.8125, 5.25, 16 ], "texture": "#untitled_atlas" },
				"up": { "uv": [ 5.25, 16, 5.5625, 13.8125 ], "texture": "#untitled_atlas" },
				"north": { "uv": [ 7.9375, 13.125, 7.625, 13.1875 ], "texture": "#untitled_atlas" },
				"south": { "uv": [ 7.625, 13, 7.9375, 13.0625 ], "texture": "#untitled_atlas" },
				"west": { "uv": [ 5.4375, 12.3125, 7.625, 12.375 ], "texture": "#untitled_atlas" },
				"east": { "uv": [ 7.625, 12.375, 5.4375, 12.4375 ], "texture": "#untitled_atlas" }
			}
		},
		{
			"__comment": "Voxels",
			"from": [ 7.25, 8, -8.75 ],
			"to": [ 7.5, 8.75, 0.75 ],
			"faces": {
				"down": { "uv": [ 0.75, 1.9375, 0.8125, 4.3125 ], "texture": "#untitled_atlas" },
				"up": { "uv": [ 0.8125, 4.3125, 0.875, 1.9375 ], "texture": "#untitled_atlas" },
				"south": { "uv": [ 6.625, 10.3125, 6.6875, 10.5 ], "texture": "#untitled_atlas" },
				"west": { "uv": [ 5.5625, 15.8125, 7.9375, 16 ], "texture": "#untitled_atlas" },
				"east": { "uv": [ 7.9375, 15.625, 5.5625, 15.8125 ], "texture": "#untitled_atlas" }
			}
		},
		{
			"__comment": "Voxels",
			"from": [ 7.25, 8, 0.75 ],
			"to": [ 7.75, 8.25, 10.25 ],
			"faces": {
				"down": { "uv": [ 4.9375, 10.9375, 5.0625, 13.3125 ], "texture": "#untitled_atlas" },
				"up": { "uv": [ 5.0625, 13.3125, 5.1875, 10.9375 ], "texture": "#untitled_atlas" },
				"north": { "uv": [ 7.8125, 11.0625, 7.6875, 11.125 ], "texture": "#untitled_atlas" },
				"south": { "uv": [ 7.8125, 11.0625, 7.9375, 11.125 ], "texture": "#untitled_atlas" },
				"west": { "uv": [ 5.4375, 12.5, 7.8125, 12.5625 ], "texture": "#untitled_atlas" },
				"east": { "uv": [ 7.8125, 12.4375, 5.4375, 12.5 ], "texture": "#untitled_atlas" }
			}
		},
		{
			"__comment": "Voxels",
			"from": [ 7.25, 8.25, 0.75 ],
			"to": [ 7.5, 8.5, 10.5 ],
			"faces": {
				"down": { "uv": [ 0.625, 1.3125, 0.6875, 3.75 ], "texture": "#untitled_atlas" },
				"up": { "uv": [ 0.6875, 3.75, 0.75, 1.3125 ], "texture": "#untitled_atlas" },
				"south": { "uv": [ 7.5, 10.6875, 7.5625, 10.75 ], "texture": "#untitled_atlas" },
				"west": { "uv": [ 5.4375, 12.5625, 7.875, 12.625 ], "texture": "#untitled_atlas" },
				"east": { "uv": [ 7.875, 12.625, 5.4375, 12.6875 ], "texture": "#untitled_atlas" }
			}
		},
		{
			"__comment": "Voxels",
			"from": [ 7.25, 8.5, 25 ],
			"to": [ 7.5, 8.75, 25.25 ],
			"faces": {
				"down": { "uv": [ 7.9375, 10.75, 8, 10.8125 ], "texture": "#untitled_atlas" },
				"south": { "uv": [ 7.9375, 10.8125, 8, 10.875 ], "texture": "#untitled_atlas" },
				"east": { "uv": [ 7.75, 10.8125, 7.6875, 10.875 ], "texture": "#untitled_atlas" }
			}
		},
		{
			"__comment": "Voxels",
			"from": [ 7.25, 8.75, -10 ],
			"to": [ 9.25, 9, -9.75 ],
			"faces": {
				"down": { "uv": [ 7.5, 13.5, 8, 13.5625 ], "texture": "#untitled_atlas" },
				"up": { "uv": [ 7.5, 13.625, 8, 13.5625 ], "texture": "#untitled_atlas" },
				"north": { "uv": [ 7.4375, 11.875, 6.9375, 11.9375 ], "texture": "#untitled_atlas" },
				"south": { "uv": [ 6.4375, 11.875, 6.9375, 11.9375 ], "texture": "#untitled_atlas" },
				"west": { "uv": [ 7.375, 10.8125, 7.4375, 10.875 ], "texture": "#untitled_atlas" },
				"east": { "uv": [ 8, 10.875, 7.9375, 10.9375 ], "texture": "#untitled_atlas" }
			}
		},
		{
			"__comment": "Voxels",
			"from": [ 7.25, 8.75, 24.75 ],
			"to": [ 9, 9, 25 ],
			"faces": {
				"up": { "uv": [ 7.5625, 12.1875, 8, 12.125 ], "texture": "#untitled_atlas" },
				"north": { "uv": [ 8, 12.0625, 7.5625, 12.125 ], "texture": "#untitled_atlas" },
				"west": { "uv": [ 7.3125, 10.5, 7.375, 10.5625 ], "texture": "#untitled_atlas" },
				"east": { "uv": [ 7.375, 10.5625, 7.3125, 10.625 ], "texture": "#untitled_atlas" }
			}
		},
		{
			"__comment": "Voxels",
			"from": [ 7.25, 9, 25 ],
			"to": [ 8.75, 9.25, 25.5 ],
			"faces": {
				"down": { "uv": [ 3.25, 10.4375, 3.625, 10.5625 ], "texture": "#untitled_atlas" },
				"up": { "uv": [ 3.25, 10.6875, 3.625, 10.5625 ], "texture": "#untitled_atlas" },
				"north": { "uv": [ 8, 13.25, 7.625, 13.3125 ], "texture": "#untitled_atlas" },
				"west": { "uv": [ 7.75, 11, 7.875, 11.0625 ], "texture": "#untitled_atlas" },
				"east": { "uv": [ 8, 11, 7.875, 11.0625 ], "texture": "#untitled_atlas" }
			}
		},
		{
			"__comment": "Voxels",
			"from": [ 7.25, 9, 25.75 ],
			"to": [ 9.5, 9.25, 26 ],
			"faces": {
				"down": { "uv": [ 7.375, 14.0625, 7.9375, 14.125 ], "texture": "#untitled_atlas" },
				"up": { "uv": [ 7.375, 14.1875, 7.9375, 14.125 ], "texture": "#untitled_atlas" },
				"south": { "uv": [ 7.0625, 13.1875, 7.625, 13.25 ], "texture": "#untitled_atlas" },
				"east": { "uv": [ 7.875, 10.625, 7.8125, 10.6875 ], "texture": "#untitled_atlas" }
			}
		},
		{
			"__comment": "Voxels",
			"from": [ 7.25, 9, 26 ],
			"to": [ 7.75, 9.25, 26.25 ],
			"faces": {
				"up": { "uv": [ 7.625, 11, 7.75, 10.9375 ], "texture": "#untitled_atlas" },
				"south": { "uv": [ 7.875, 10.9375, 8, 11 ], "texture": "#untitled_atlas" },
				"west": { "uv": [ 7.375, 10.75, 7.4375, 10.8125 ], "texture": "#untitled_atlas" },
				"east": { "uv": [ 7.4375, 10.5625, 7.375, 10.625 ], "texture": "#untitled_atlas" }
			}
		},
		{
			"__comment": "Voxels",
			"from": [ 7.5, 7.5, 0.25 ],
			"to": [ 8.5, 7.75, 24.75 ],
			"faces": {
				"down": { "uv": [ 0.25, 4.1875, 0.5, 10.3125 ], "texture": "#untitled_atlas" },
				"up": { "uv": [ 0, 10.3125, 0.25, 4.1875 ], "texture": "#untitled_atlas" },
				"south": { "uv": [ 7.6875, 12.1875, 7.9375, 12.25 ], "texture": "#untitled_atlas" },
				"west": { "uv": [ 0.5, 9.0625, 6.625, 9.125 ], "texture": "#untitled_atlas" },
				"east": { "uv": [ 6.625, 9.125, 0.5, 9.1875 ], "texture": "#untitled_atlas" }
			}
		},
		{
			"__comment": "Voxels",
			"from": [ 7.5, 8, -3.5 ],
			"to": [ 7.75, 8.25, 0.75 ],
			"faces": {
				"up": { "uv": [ 6.25, 12.1875, 6.3125, 11.125 ], "texture": "#untitled_atlas" },
				"north": { "uv": [ 7.5625, 10.4375, 7.5, 10.5 ], "texture": "#untitled_atlas" },
				"east": { "uv": [ 7.375, 14.125, 6.3125, 14.1875 ], "texture": "#untitled_atlas" }
			}
		},
		{
			"__comment": "Voxels",
			"from": [ 7.5, 8, 10.25 ],
			"to": [ 7.75, 8.75, 24.75 ],
			"faces": {
				"down": { "uv": [ 0.1875, 0.5625, 0.25, 4.1875 ], "texture": "#untitled_atlas" },
				"up": { "uv": [ 0.125, 4.1875, 0.1875, 0.5625 ], "texture": "#untitled_atlas" },
				"north": { "uv": [ 7.75, 11.4375, 7.6875, 11.625 ], "texture": "#untitled_atlas" },
				"west": { "uv": [ 0.5, 9.75, 4.125, 9.9375 ], "texture": "#untitled_atlas" },
				"east": { "uv": [ 7.75, 9.75, 4.125, 9.9375 ], "texture": "#untitled_atlas" }
			}
		},
		{
			"__comment": "Voxels",
			"from": [ 7.5, 8.25, 2.75 ],
			"to": [ 7.75, 8.75, 10.25 ],
			"faces": {
				"up": { "uv": [ 5.625, 12.3125, 5.6875, 10.4375 ], "texture": "#untitled_atlas" },
				"north": { "uv": [ 7.3125, 10.6875, 7.25, 10.8125 ], "texture": "#untitled_atlas" },
				"west": { "uv": [ 5.1875, 13.0625, 7.0625, 13.1875 ], "texture": "#untitled_atlas" },
				"east": { "uv": [ 7.0625, 12.9375, 5.1875, 13.0625 ], "texture": "#untitled_atlas" }
			}
		},
		{
			"__comment": "Voxels",
			"from": [ 7.5, 8.5, -8.75 ],
			"to": [ 8.75, 8.75, -8.5 ],
			"faces": {
				"down": { "uv": [ 7.625, 12.875, 7.9375, 12.9375 ], "texture": "#untitled_atlas" },
				"up": { "uv": [ 7.625, 13, 7.9375, 12.9375 ], "texture": "#untitled_atlas" },
				"north": { "uv": [ 7.9375, 13.1875, 7.625, 13.25 ], "texture": "#untitled_atlas" },
				"south": { "uv": [ 7.625, 13.0625, 7.9375, 13.125 ], "texture": "#untitled_atlas" },
				"east": { "uv": [ 8, 15.0625, 7.9375, 15.125 ], "texture": "#untitled_atlas" }
			}
		},
		{
			"__comment": "Voxels",
			"from": [ 7.5, 8.5, -8.5 ],
			"to": [ 8.5, 8.75, 2.75 ],
			"faces": {
				"down": { "uv": [ 4.6875, 10.375, 4.9375, 13.1875 ], "texture": "#untitled_atlas" },
				"up": { "uv": [ 4.6875, 16, 4.9375, 13.1875 ], "texture": "#untitled_atlas" },
				"south": { "uv": [ 4.6875, 10.3125, 4.9375, 10.375 ], "texture": "#untitled_atlas" },
				"west": { "uv": [ 5.1875, 8.75, 8, 8.8125 ], "texture": "#untitled_atlas" },
				"east": { "uv": [ 8, 8.6875, 5.1875, 8.75 ], "texture": "#untitled_atlas" }
			}
		},
		{
			"__comment": "Voxels",
			"from": [ 7.75, 8, 23.5 ],
			"to": [ 8, 8.25, 24.5 ],
			"faces": {
				"up": { "uv": [ 6.5625, 11.25, 6.625, 11 ], "texture": "#untitled_atlas" },
				"north": { "uv": [ 8, 13.875, 7.9375, 13.9375 ], "texture": "#untitled_atlas" },
				"south": { "uv": [ 7.9375, 13.8125, 8, 13.875 ], "texture": "#untitled_atlas" },
				"east": { "uv": [ 7.375, 11.75, 7.125, 11.8125 ], "texture": "#untitled_atlas" }
			}
		},
		{
			"__comment": "Voxels",
			"from": [ 7.75, 8.5, 2.75 ],
			"to": [ 8.5, 8.75, 24.75 ],
			"faces": {
				"down": { "uv": [ 4.5, 10.5, 4.6875, 16 ], "texture": "#untitled_atlas" },
				"up": { "uv": [ 4.3125, 16, 4.5, 10.5 ], "texture": "#untitled_atlas" },
				"west": { "uv": [ 0.5, 8.875, 6, 8.9375 ], "texture": "#untitled_atlas" },
				"east": { "uv": [ 6, 8.8125, 0.5, 8.875 ], "texture": "#untitled_atlas" }
			}
		},
		{
			"__comment": "Voxels",
			"from": [ 8, 8, -8.75 ],
			"to": [ 8.75, 8.5, -8.5 ],
			"faces": {
				"north": { "uv": [ 3.75, 10.3125, 3.5625, 10.4375 ], "texture": "#untitled_atlas" },
				"south": { "uv": [ 4.0625, 10.875, 4.25, 11 ], "texture": "#untitled_atlas" },
				"west": { "uv": [ 7.25, 10.4375, 7.3125, 10.5625 ], "texture": "#untitled_atlas" },
				"east": { "uv": [ 7.375, 10.6875, 7.3125, 10.8125 ], "texture": "#untitled_atlas" }
			}
		},
		{
			"__comment": "Voxels",
			"from": [ 8, 8, -8.5 ],
			"to": [ 8.5, 8.25, -6.25 ],
			"faces": {
				"down": { "uv": [ 1.625, 11.25, 1.75, 11.8125 ], "texture": "#untitled_atlas" },
				"up": { "uv": [ 1.625, 11.25, 1.75, 10.6875 ], "texture": "#untitled_atlas" },
				"south": { "uv": [ 7.5, 10.875, 7.625, 10.9375 ], "texture": "#untitled_atlas" },
				"west": { "uv": [ 7.375, 14, 7.9375, 14.0625 ], "texture": "#untitled_atlas" },
				"east": { "uv": [ 7.9375, 13.9375, 7.375, 14 ], "texture": "#untitled_atlas" }
			}
		},
		{
			"__comment": "Voxels",
			"from": [ 8, 8.75, -8.75 ],
			"to": [ 8.5, 9, -8.5 ],
			"faces": {
				"up": { "uv": [ 7.875, 12.6875, 8, 12.625 ], "texture": "#untitled_atlas" },
				"south": { "uv": [ 7.875, 12.3125, 8, 12.375 ], "texture": "#untitled_atlas" },
				"west": { "uv": [ 7.5, 10.75, 7.5625, 10.8125 ], "texture": "#untitled_atlas" },
				"east": { "uv": [ 7.875, 10.75, 7.8125, 10.8125 ], "texture": "#untitled_atlas" }
			}
		},
		{
			"__comment": "Voxels",
			"from": [ 8.25, 7, -10 ],
			"to": [ 9.25, 8.75, -9.75 ],
			"faces": {
				"north": { "uv": [ 3, 11.125, 2.75, 11.5625 ], "texture": "#untitled_atlas" },
				"south": { "uv": [ 2.5, 11.125, 2.75, 11.5625 ], "texture": "#untitled_atlas" },
				"west": { "uv": [ 5.375, 10.375, 5.4375, 10.8125 ], "texture": "#untitled_atlas" },
				"east": { "uv": [ 6, 10.6875, 5.9375, 11.125 ], "texture": "#untitled_atlas" }
			}
		},
		{
			"__comment": "Voxels",
			"from": [ 8.25, 8, -6.25 ],
			"to": [ 8.5, 8.5, 14.5 ],
			"faces": {
				"down": { "uv": [ 0.5, 3.625, 0.5625, 8.8125 ], "texture": "#untitled_atlas" },
				"up": { "uv": [ 0.5625, 8.8125, 0.625, 3.625 ], "texture": "#untitled_atlas" },
				"north": { "uv": [ 5.6875, 10.3125, 5.625, 10.4375 ], "texture": "#untitled_atlas" },
				"south": { "uv": [ 5.6875, 10.3125, 5.75, 10.4375 ], "texture": "#untitled_atlas" },
				"west": { "uv": [ 0.5, 9.625, 5.6875, 9.75 ], "texture": "#untitled_atlas" },
				"east": { "uv": [ 5.6875, 9.5, 0.5, 9.625 ], "texture": "#untitled_atlas" }
			}
		},
		{
			"__comment": "Voxels",
			"from": [ 8.25, 8, 14.5 ],
			"to": [ 8.75, 8.25, 20.75 ],
			"faces": {
				"up": { "uv": [ 5.3125, 12.8125, 5.4375, 11.25 ], "texture": "#untitled_atlas" },
				"north": { "uv": [ 7.5, 11.25, 7.375, 11.3125 ], "texture": "#untitled_atlas" },
				"south": { "uv": [ 7.75, 11.25, 7.875, 11.3125 ], "texture": "#untitled_atlas" },
				"west": { "uv": [ 6.3125, 14.5, 7.875, 14.5625 ], "texture": "#untitled_atlas" },
				"east": { "uv": [ 7.875, 14.6875, 6.3125, 14.75 ], "texture": "#untitled_atlas" }
			}
		},
		{
			"__comment": "Voxels",
			"from": [ 8.25, 8.25, -8.5 ],
			"to": [ 8.5, 8.5, -6.25 ],
			"faces": {
				"west": { "uv": [ 7.375, 13.875, 7.9375, 13.9375 ], "texture": "#untitled_atlas" },
				"east": { "uv": [ 7.625, 13.0625, 7.0625, 13.125 ], "texture": "#untitled_atlas" }
			}
		},
		{
			"__comment": "Voxels",
			"from": [ 8.5, 7.5, 17.25 ],
			"to": [ 8.75, 7.75, 24.75 ],
			"faces": {
				"down": { "uv": [ 5.75, 10.4375, 5.8125, 12.3125 ], "texture": "#untitled_atlas" },
				"up": { "uv": [ 5.4375, 12.3125, 5.5, 10.4375 ], "texture": "#untitled_atlas" },
				"north": { "uv": [ 6.3125, 13.875, 6.25, 13.9375 ], "texture": "#untitled_atlas" },
				"south": { "uv": [ 6.25, 13.8125, 6.3125, 13.875 ], "texture": "#untitled_atlas" },
				"east": { "uv": [ 7.6875, 12.1875, 5.8125, 12.25 ], "texture": "#untitled_atlas" }
			}
		},
		{
			"__comment": "Voxels",
			"from": [ 8.5, 8, -9 ],
			"to": [ 9, 8.75, -8.75 ],
			"faces": {
				"down": { "uv": [ 7.8125, 11.1875, 7.9375, 11.25 ], "texture": "#untitled_atlas" },
				"up": { "uv": [ 7.0625, 11.1875, 7.1875, 11.125 ], "texture": "#untitled_atlas" },
				"north": { "uv": [ 7.875, 15.4375, 7.75, 15.625 ], "texture": "#untitled_atlas" },
				"south": { "uv": [ 4.1875, 10.5, 4.3125, 10.6875 ], "texture": "#untitled_atlas" },
				"east": { "uv": [ 7.3125, 11.4375, 7.25, 11.625 ], "texture": "#untitled_atlas" }
			}
		},
		{
			"__comment": "Voxels",
			"from": [ 8.5, 8, 7 ],
			"to": [ 8.75, 8.5, 14.5 ],
			"faces": {
				"up": { "uv": [ 5.5625, 12.3125, 5.625, 10.4375 ], "texture": "#untitled_atlas" },
				"north": { "uv": [ 7.0625, 10.375, 7, 10.5 ], "texture": "#untitled_atlas" },
				"south": { "uv": [ 7.0625, 10.9375, 7.125, 11.0625 ], "texture": "#untitled_atlas" },
				"east": { "uv": [ 7.0625, 12.8125, 5.1875, 12.9375 ], "texture": "#untitled_atlas" }
			}
		},
		{
			"__comment": "Voxels",
			"from": [ 8.5, 8, 20.75 ],
			"to": [ 8.75, 8.75, 24.75 ],
			"faces": {
				"down": { "uv": [ 6.375, 11.1875, 6.4375, 12.1875 ], "texture": "#untitled_atlas" },
				"up": { "uv": [ 6.3125, 12.1875, 6.375, 11.1875 ], "texture": "#untitled_atlas" },
				"north": { "uv": [ 6.75, 11.0625, 6.6875, 11.25 ], "texture": "#untitled_atlas" },
				"west": { "uv": [ 6.3125, 15.0625, 7.3125, 15.25 ], "texture": "#untitled_atlas" },
				"east": { "uv": [ 7.3125, 14.875, 6.3125, 15.0625 ], "texture": "#untitled_atlas" }
			}
		},
		{
			"__comment": "Voxels",
			"from": [ 8.5, 8.25, -10.25 ],
			"to": [ 8.75, 8.75, -10 ],
			"faces": {
				"down": { "uv": [ 6.0625, 10.3125, 6.125, 10.375 ], "texture": "#untitled_atlas" },
				"up": { "uv": [ 6.125, 10.375, 6.1875, 10.3125 ], "texture": "#untitled_atlas" },
				"north": { "uv": [ 7.25, 10.9375, 7.1875, 11.0625 ], "texture": "#untitled_atlas" },
				"east": { "uv": [ 7.25, 10.5625, 7.1875, 10.6875 ], "texture": "#untitled_atlas" }
			}
		},
		{
			"__comment": "Voxels",
			"from": [ 8.5, 8.25, 6.75 ],
			"to": [ 8.75, 8.5, 7 ],
			"faces": {
				"down": { "uv": [ 6.9375, 10.3125, 7, 10.375 ], "texture": "#untitled_atlas" },
				"up": { "uv": [ 7, 10.375, 7.0625, 10.3125 ], "texture": "#untitled_atlas" },
				"north": { "uv": [ 8, 11.1875, 7.9375, 11.25 ], "texture": "#untitled_atlas" },
				"east": { "uv": [ 7.375, 10.625, 7.3125, 10.6875 ], "texture": "#untitled_atlas" }
			}
		},
		{
			"__comment": "Voxels",
			"from": [ 8.5, 8.25, 14.5 ],
			"to": [ 8.75, 8.5, 20.75 ],
			"faces": {
				"up": { "uv": [ 5.875, 12.1875, 5.9375, 10.625 ], "texture": "#untitled_atlas" },
				"west": { "uv": [ 6.3125, 14.5625, 7.875, 14.625 ], "texture": "#untitled_atlas" },
				"east": { "uv": [ 7.875, 14.625, 6.3125, 14.6875 ], "texture": "#untitled_atlas" }
			}
		},
		{
			"__comment": "Voxels",
			"from": [ 8.5, 8.5, -9.25 ],
			"to": [ 9.25, 8.75, -9 ],
			"faces": {
				"down": { "uv": [ 7, 11.4375, 7.1875, 11.5 ], "texture": "#untitled_atlas" },
				"up": { "uv": [ 7.3125, 11.4375, 7.5, 11.375 ], "texture": "#untitled_atlas" },
				"north": { "uv": [ 7.6875, 11.375, 7.5, 11.4375 ], "texture": "#untitled_atlas" },
				"south": { "uv": [ 7.8125, 12.5, 8, 12.5625 ], "texture": "#untitled_atlas" },
				"west": { "uv": [ 7.375, 10.5, 7.4375, 10.5625 ], "texture": "#untitled_atlas" },
				"east": { "uv": [ 7.6875, 10.8125, 7.625, 10.875 ], "texture": "#untitled_atlas" }
			}
		},
		{
			"__comment": "Voxels",
			"from": [ 8.5, 8.5, 16.5 ],
			"to": [ 8.75, 8.75, 20.75 ],
			"faces": {
				"up": { "uv": [ 6.125, 12.1875, 6.1875, 11.125 ], "texture": "#untitled_atlas" },
				"north": { "uv": [ 7.875, 10.8125, 7.8125, 10.875 ], "texture": "#untitled_atlas" },
				"east": { "uv": [ 7.375, 14.25, 6.3125, 14.3125 ], "texture": "#untitled_atlas" }
			}
		},
		{
			"__comment": "Voxels",
			"from": [ 8.5, 8.75, -9 ],
			"to": [ 8.75, 9, -8.75 ],
			"faces": {
				"up": { "uv": [ 7.6875, 10.5, 7.75, 10.4375 ], "texture": "#untitled_atlas" },
				"south": { "uv": [ 7.625, 10.75, 7.6875, 10.8125 ], "texture": "#untitled_atlas" },
				"east": { "uv": [ 7.8125, 10.75, 7.75, 10.8125 ], "texture": "#untitled_atlas" }
			}
		},
		{
			"__comment": "Voxels",
			"from": [ 8.5, 9, 26 ],
			"to": [ 9.25, 9.25, 26.25 ],
			"faces": {
				"up": { "uv": [ 7.75, 11.8125, 7.9375, 11.75 ], "texture": "#untitled_atlas" },
				"south": { "uv": [ 7.125, 11.625, 7.3125, 11.6875 ], "texture": "#untitled_atlas" },
				"west": { "uv": [ 7.5, 10.625, 7.5625, 10.6875 ], "texture": "#untitled_atlas" },
				"east": { "uv": [ 7.5625, 10.5625, 7.5, 10.625 ], "texture": "#untitled_atlas" }
			}
		},
		{
			"__comment": "Voxels",
			"from": [ 8.75, 7.75, -9.25 ],
			"to": [ 9.25, 8.5, -9 ],
			"faces": {
				"down": { "uv": [ 7.875, 14.5, 8, 14.5625 ], "texture": "#untitled_atlas" },
				"north": { "uv": [ 4.25, 10.3125, 4.125, 10.5 ], "texture": "#untitled_atlas" },
				"south": { "uv": [ 4.3125, 10.3125, 4.4375, 10.5 ], "texture": "#untitled_atlas" },
				"west": { "uv": [ 3.6875, 11.375, 3.75, 11.5625 ], "texture": "#untitled_atlas" },
				"east": { "uv": [ 4.3125, 10.3125, 4.25, 10.5 ], "texture": "#untitled_atlas" }
			}
		},
		{
			"__comment": "Voxels",
			"from": [ 8.75, 7.75, -9 ],
			"to": [ 9.25, 8, -8.75 ],
			"faces": {
				"down": { "uv": [ 7.875, 11.875, 8, 11.9375 ], "texture": "#untitled_atlas" },
				"up": { "uv": [ 7.875, 11.75, 8, 11.6875 ], "texture": "#untitled_atlas" },
				"west": { "uv": [ 7.5625, 10.5625, 7.625, 10.625 ], "texture": "#untitled_atlas" },
				"east": { "uv": [ 7.625, 10.375, 7.5625, 10.4375 ], "texture": "#untitled_atlas" }
			}
		},
		{
			"__comment": "Voxels",
			"from": [ 8.75, 8.75, -9.75 ],
			"to": [ 9.25, 9, -9.25 ],
			"faces": {
				"down": { "uv": [ 3.625, 10.4375, 3.75, 10.5625 ], "texture": "#untitled_atlas" },
				"up": { "uv": [ 3.625, 10.6875, 3.75, 10.5625 ], "texture": "#untitled_atlas" },
				"south": { "uv": [ 7.125, 11.3125, 7.25, 11.375 ], "texture": "#untitled_atlas" },
				"west": { "uv": [ 7.25, 11.3125, 7.375, 11.375 ], "texture": "#untitled_atlas" },
				"east": { "uv": [ 7.5, 11.3125, 7.375, 11.375 ], "texture": "#untitled_atlas" }
			}
		},
		{
			"__comment": "Voxels",
			"from": [ 8.75, 9, 25.25 ],
			"to": [ 9.25, 9.25, 25.5 ],
			"faces": {
				"down": { "uv": [ 7.5, 11.3125, 7.625, 11.375 ], "texture": "#untitled_atlas" },
				"up": { "uv": [ 7.625, 11.375, 7.75, 11.3125 ], "texture": "#untitled_atlas" },
				"north": { "uv": [ 7.875, 11.3125, 7.75, 11.375 ], "texture": "#untitled_atlas" },
				"east": { "uv": [ 7.75, 10.5, 7.6875, 10.5625 ], "texture": "#untitled_atlas" }
			}
		},
		{
			"__comment": "Voxels",
			"from": [ 9, 7, -9.75 ],
			"to": [ 9.25, 8.75, -9.25 ],
			"faces": {
				"south": { "uv": [ 6, 10.6875, 6.0625, 11.125 ], "texture": "#untitled_atlas" },
				"west": { "uv": [ 3.125, 10.625, 3.25, 11.0625 ], "texture": "#untitled_atlas" },
				"east": { "uv": [ 3.125, 11.125, 3, 11.5625 ], "texture": "#untitled_atlas" }
			}
		},
		{
			"__comment": "Voxels",
			"from": [ 9, 7, -9.25 ],
			"to": [ 9.25, 7.75, 11 ],
			"faces": {
				"down": { "uv": [ 0.6875, 3.75, 0.75, 8.8125 ], "texture": "#untitled_atlas" },
				"up": { "uv": [ 0.625, 8.8125, 0.6875, 3.75 ], "texture": "#untitled_atlas" },
				"south": { "uv": [ 6.6875, 10.6875, 6.75, 10.875 ], "texture": "#untitled_atlas" },
				"west": { "uv": [ 0.5, 10.125, 5.5625, 10.3125 ], "texture": "#untitled_atlas" },
				"east": { "uv": [ 5.5625, 9.9375, 0.5, 10.125 ], "texture": "#untitled_atlas" }
			}
		},
		{
			"__comment": "Voxels",
			"from": [ 9, 7.25, 11 ],
			"to": [ 9.5, 7.5, 12.25 ],
			"faces": {
				"down": { "uv": [ 3.125, 10.3125, 3.25, 10.625 ], "texture": "#untitled_atlas" },
				"up": { "uv": [ 3.75, 10.875, 3.875, 10.5625 ], "texture": "#untitled_atlas" },
				"north": { "uv": [ 7.625, 11.25, 7.5, 11.3125 ], "texture": "#untitled_atlas" },
				"south": { "uv": [ 7.625, 11.25, 7.75, 11.3125 ], "texture": "#untitled_atlas" },
				"west": { "uv": [ 7.625, 12.375, 7.9375, 12.4375 ], "texture": "#untitled_atlas" },
				"east": { "uv": [ 7.9375, 12.8125, 7.625, 12.875 ], "texture": "#untitled_atlas" }
			}
		},
		{
			"__comment": "Voxels",
			"from": [ 9, 7.5, 11 ],
			"to": [ 9.25, 7.75, 15.25 ],
			"faces": {
				"down": { "uv": [ 6, 11.125, 6.0625, 12.1875 ], "texture": "#untitled_atlas" },
				"south": { "uv": [ 7.9375, 12.9375, 8, 13 ], "texture": "#untitled_atlas" },
				"west": { "uv": [ 6.3125, 14.375, 7.375, 14.4375 ], "texture": "#untitled_atlas" },
				"east": { "uv": [ 7.375, 14.4375, 6.3125, 14.5 ], "texture": "#untitled_atlas" }
			}
		},
		{
			"__comment": "Voxels",
			"from": [ 9, 7.75, -0.25 ],
			"to": [ 9.25, 8, 1.75 ],
			"faces": {
				"up": { "uv": [ 5, 10.9375, 5.0625, 10.4375 ], "texture": "#untitled_atlas" },
				"north": { "uv": [ 8, 12.375, 7.9375, 12.4375 ], "texture": "#untitled_atlas" },
				"east": { "uv": [ 8, 13.375, 7.5, 13.4375 ], "texture": "#untitled_atlas" }
			}
		},
		{
			"__comment": "Voxels",
			"from": [ 9, 7.75, 25 ],
			"to": [ 9.5, 8, 25.25 ],
			"faces": {
				"down": { "uv": [ 7.1875, 11.1875, 7.3125, 11.25 ], "texture": "#untitled_atlas" },
				"up": { "uv": [ 7.3125, 11.25, 7.4375, 11.1875 ], "texture": "#untitled_atlas" },
				"south": { "uv": [ 7.5625, 11.1875, 7.6875, 11.25 ], "texture": "#untitled_atlas" },
				"west": { "uv": [ 7.9375, 11.9375, 8, 12 ], "texture": "#untitled_atlas" },
				"east": { "uv": [ 8, 11.75, 7.9375, 11.8125 ], "texture": "#untitled_atlas" }
			}
		},
		{
			"__comment": "Voxels",
			"from": [ 9, 8, 25 ],
			"to": [ 9.25, 8.75, 25.5 ],
			"faces": {
				"down": { "uv": [ 7, 11, 7.0625, 11.125 ], "texture": "#untitled_atlas" },
				"up": { "uv": [ 7, 11, 7.0625, 10.875 ], "texture": "#untitled_atlas" },
				"south": { "uv": [ 6.9375, 11.4375, 7, 11.625 ], "texture": "#untitled_atlas" },
				"west": { "uv": [ 4.5, 10.3125, 4.625, 10.5 ], "texture": "#untitled_atlas" },
				"east": { "uv": [ 8, 15.4375, 7.875, 15.625 ], "texture": "#untitled_atlas" }
			}
		},
		{
			"__comment": "Voxels",
			"from": [ 9, 8.75, 25.25 ],
			"to": [ 9.5, 9, 25.5 ],
			"faces": {
				"down": { "uv": [ 7.3125, 11.125, 7.4375, 11.1875 ], "texture": "#untitled_atlas" },
				"up": { "uv": [ 7.4375, 11.1875, 7.5625, 11.125 ], "texture": "#untitled_atlas" },
				"north": { "uv": [ 7.6875, 11.125, 7.5625, 11.1875 ], "texture": "#untitled_atlas" },
				"south": { "uv": [ 7.6875, 11.125, 7.8125, 11.1875 ], "texture": "#untitled_atlas" },
				"west": { "uv": [ 7.3125, 10.375, 7.375, 10.4375 ], "texture": "#untitled_atlas" },
				"east": { "uv": [ 7.375, 10.3125, 7.3125, 10.375 ], "texture": "#untitled_atlas" }
			}
		},
		{
			"__comment": "Voxels",
			"from": [ 9.25, 6.75, 8.75 ],
			"to": [ 9.5, 7, 26.25 ],
			"faces": {
				"down": { "uv": [ 0.75, 4.3125, 0.8125, 8.6875 ], "texture": "#untitled_atlas" },
				"up": { "uv": [ 0.8125, 8.6875, 0.875, 4.3125 ], "texture": "#untitled_atlas" },
				"north": { "uv": [ 7.8125, 10.875, 7.75, 10.9375 ], "texture": "#untitled_atlas" },
				"south": { "uv": [ 7.8125, 10.875, 7.875, 10.9375 ], "texture": "#untitled_atlas" },
				"east": { "uv": [ 5.25, 8.5625, 0.875, 8.625 ], "texture": "#untitled_atlas" }
			}
		},
		{
			"__comment": "Voxels",
			"from": [ 9.25, 7, 10 ],
			"to": [ 9.5, 7.25, 24.75 ],
			"faces": {
				"up": { "uv": [ 0, 4.1875, 0.0625, 0.5 ], "texture": "#untitled_atlas" },
				"north": { "uv": [ 7.4375, 10.6875, 7.375, 10.75 ], "texture": "#untitled_atlas" },
				"south": { "uv": [ 7.375, 10.625, 7.4375, 10.6875 ], "texture": "#untitled_atlas" },
				"west": { "uv": [ 0.875, 8.3125, 4.5625, 8.375 ], "texture": "#untitled_atlas" },
				"east": { "uv": [ 4.5625, 8.375, 0.875, 8.4375 ], "texture": "#untitled_atlas" }
			}
		},
		{
			"__comment": "Voxels",
			"from": [ 9.25, 7.25, 10.75 ],
			"to": [ 9.5, 7.5, 11 ],
			"faces": {
				"up": { "uv": [ 7.375, 10.4375, 7.4375, 10.375 ], "texture": "#untitled_atlas" },
				"north": { "uv": [ 7.4375, 10.3125, 7.375, 10.375 ], "texture": "#untitled_atlas" },
				"east": { "uv": [ 7.625, 10.8125, 7.5625, 10.875 ], "texture": "#untitled_atlas" }
			}
		},
		{
			"__comment": "Voxels",
			"from": [ 9.25, 7.25, 12.25 ],
			"to": [ 9.5, 7.75, 25 ],
			"faces": {
				"down": { "uv": [ 0.375, 1, 0.4375, 4.1875 ], "texture": "#untitled_atlas" },
				"up": { "uv": [ 0.4375, 4.1875, 0.5, 1 ], "texture": "#untitled_atlas" },
				"north": { "uv": [ 7.125, 10.6875, 7.0625, 10.8125 ], "texture": "#untitled_atlas" },
				"south": { "uv": [ 7.125, 10.6875, 7.1875, 10.8125 ], "texture": "#untitled_atlas" },
				"west": { "uv": [ 0.5, 9.1875, 3.6875, 9.3125 ], "texture": "#untitled_atlas" },
				"east": { "uv": [ 6.875, 9.1875, 3.6875, 9.3125 ], "texture": "#untitled_atlas" }
			}
		},
		{
			"__comment": "Voxels",
			"from": [ 9.25, 7.5, 12 ],
			"to": [ 9.5, 7.75, 12.25 ],
			"faces": {
				"up": { "uv": [ 7.4375, 10.75, 7.5, 10.6875 ], "texture": "#untitled_atlas" },
				"north": { "uv": [ 7.5, 10.625, 7.4375, 10.6875 ], "texture": "#untitled_atlas" },
				"east": { "uv": [ 7.5, 10.4375, 7.4375, 10.5 ], "texture": "#untitled_atlas" }
			}
		},
		{
			"__comment": "Voxels",
			"from": [ 9.25, 7.5, 25 ],
			"to": [ 9.75, 7.75, 25.5 ],
			"faces": {
				"down": { "uv": [ 6.4375, 10.3125, 6.5625, 10.4375 ], "texture": "#untitled_atlas" },
				"up": { "uv": [ 6.75, 11.75, 6.875, 11.625 ], "texture": "#untitled_atlas" },
				"north": { "uv": [ 7.1875, 10.375, 7.0625, 10.4375 ], "texture": "#untitled_atlas" },
				"south": { "uv": [ 7.0625, 10.3125, 7.1875, 10.375 ], "texture": "#untitled_atlas" },
				"west": { "uv": [ 7.1875, 11.0625, 7.3125, 11.125 ], "texture": "#untitled_atlas" },
				"east": { "uv": [ 7.4375, 11.0625, 7.3125, 11.125 ], "texture": "#untitled_atlas" }
			}
		},
		{
			"__comment": "Voxels",
			"from": [ 9.25, 7.75, 25.25 ],
			"to": [ 9.75, 8.5, 25.5 ],
			"faces": {
				"up": { "uv": [ 7.5625, 11.125, 7.6875, 11.0625 ], "texture": "#untitled_atlas" },
				"north": { "uv": [ 5.1875, 10.3125, 5.0625, 10.5 ], "texture": "#untitled_atlas" },
				"south": { "uv": [ 6.4375, 11.5625, 6.5625, 11.75 ], "texture": "#untitled_atlas" },
				"west": { "uv": [ 6.8125, 11.0625, 6.875, 11.25 ], "texture": "#untitled_atlas" },
				"east": { "uv": [ 6.875, 10.875, 6.8125, 11.0625 ], "texture": "#untitled_atlas" }
			}
		},
		{
			"__comment": "Voxels",
			"from": [ 9.25, 8.25, 25.5 ],
			"to": [ 9.75, 8.5, 26 ],
			"faces": {
				"down": { "uv": [ 6.875, 11.625, 7, 11.75 ], "texture": "#untitled_atlas" },
				"up": { "uv": [ 7, 11.75, 7.125, 11.625 ], "texture": "#untitled_atlas" },
				"south": { "uv": [ 7.375, 11, 7.5, 11.0625 ], "texture": "#untitled_atlas" },
				"west": { "uv": [ 7.5, 11, 7.625, 11.0625 ], "texture": "#untitled_atlas" },
				"east": { "uv": [ 7.75, 11, 7.625, 11.0625 ], "texture": "#untitled_atlas" }
			}
		},
		{
			"__comment": "Voxels",
			"from": [ 9.25, 8.5, 25.25 ],
			"to": [ 9.5, 8.75, 26 ],
			"faces": {
				"down": { "uv": [ 6.8125, 10.3125, 6.875, 10.5 ], "texture": "#untitled_atlas" },
				"up": { "uv": [ 6.875, 11.4375, 6.9375, 11.25 ], "texture": "#untitled_atlas" },
				"north": { "uv": [ 7.8125, 10.6875, 7.75, 10.75 ], "texture": "#untitled_atlas" },
				"west": { "uv": [ 6.9375, 11.375, 7.125, 11.4375 ], "texture": "#untitled_atlas" },
				"east": { "uv": [ 7.3125, 11.375, 7.125, 11.4375 ], "texture": "#untitled_atlas" }
			}
		},
		{
			"__comment": "Voxels",
			"from": [ 9.25, 8.75, 25.5 ],
			"to": [ 9.5, 9, 26 ],
			"faces": {
				"up": { "uv": [ 7.25, 10.9375, 7.3125, 10.8125 ], "texture": "#untitled_atlas" },
				"west": { "uv": [ 7.375, 10.9375, 7.5, 11 ], "texture": "#untitled_atlas" },
				"east": { "uv": [ 7.625, 10.9375, 7.5, 11 ], "texture": "#untitled_atlas" }
			}
		},
		{
			"__comment": "Voxels",
			"from": [ 9.5, 6.75, 24.5 ],
			"to": [ 9.75, 7.5, 26 ],
			"faces": {
				"down": { "uv": [ 6.375, 10.8125, 6.4375, 11.1875 ], "texture": "#untitled_atlas" },
				"up": { "uv": [ 6.375, 10.8125, 6.4375, 10.4375 ], "texture": "#untitled_atlas" },
				"north": { "uv": [ 6.9375, 11.0625, 6.875, 11.25 ], "texture": "#untitled_atlas" },
				"south": { "uv": [ 6.875, 10.875, 6.9375, 11.0625 ], "texture": "#untitled_atlas" },
				"west": { "uv": [ 3.125, 11.375, 3.5, 11.5625 ], "texture": "#untitled_atlas" },
				"east": { "uv": [ 2.875, 10.375, 2.5, 10.5625 ], "texture": "#untitled_atlas" }
			}
		},
		{
			"__comment": "Voxels",
			"from": [ 9.5, 7.5, 24.75 ],
			"to": [ 9.75, 7.75, 25 ],
			"faces": {
				"up": { "uv": [ 7.625, 10.5625, 7.6875, 10.5 ], "texture": "#untitled_atlas" },
				"north": { "uv": [ 7.6875, 10.4375, 7.625, 10.5 ], "texture": "#untitled_atlas" },
				"east": { "uv": [ 7.75, 10.5625, 7.6875, 10.625 ], "texture": "#untitled_atlas" }
			}
		},
		{
			"__comment": "Voxels",
			"from": [ 9.5, 7.5, 25.5 ],
			"to": [ 9.75, 8.25, 26 ],
			"faces": {
				"north": { "uv": [ 6.9375, 10.3125, 6.875, 10.5 ], "texture": "#untitled_atlas" },
				"south": { "uv": [ 6.9375, 11.1875, 7, 11.375 ], "texture": "#untitled_atlas" },
				"west": { "uv": [ 4.1875, 10.6875, 4.3125, 10.875 ], "texture": "#untitled_atlas" },
				"east": { "uv": [ 4.125, 10.3125, 4, 10.5 ], "texture": "#untitled_atlas" }
			}
		}
	],
	"display": {
		"thirdperson_righthand": {
			"scale":  [ 0.5, 0.5, 0.5 ]
		},
		"gui": {
			"rotation":  [ 19, -22, 0 ]
		},
		"ground": {
			"scale":  [ 0.5, 0.5, 0.5 ]
		}
	}
}