{
	"__comment": "Designed by EFM",
	"textures": {
		"particle": "blocks/e_particle",
		"texture": "blocks/e_texture",
		"aa_atlas": "efm/aa"
	},
	"elements": [ 	 
		{
			"__comment": "Voxels",
			"from": [ 4.75, 7.75, -1.5 ],
			"to": [ 11.25, 8.25, -1.25 ],
			"faces": {
				"down": { "uv": [ 14.125, 14.25, 15.75, 14.3125 ], "texture": "#aa_atlas" },
				"up": { "uv": [ 12.5, 14.3125, 14.125, 14.25 ], "texture": "#aa_atlas" },
				"north": { "uv": [ 15.125, 14.4375, 13.5, 14.5625 ], "texture": "#aa_atlas" },
				"south": { "uv": [ 11.875, 14.4375, 13.5, 14.5625 ], "texture": "#aa_atlas" },
				"west": { "uv": [ 2.75, 4.1875, 2.8125, 4.3125 ], "texture": "#aa_atlas" },
				"east": { "uv": [ 8.9375, 14.75, 8.875, 14.875 ], "texture": "#aa_atlas" }
			}
		},
		{
			"__comment": "Voxels",
			"from": [ 4.75, 7.75, -1.25 ],
			"to": [ 5.25, 8.25, 18 ],
			"faces": {
				"down": { "uv": [ 1.5, 4.9375, 1.625, 9.75 ], "texture": "#aa_atlas" },
				"up": { "uv": [ 1.5, 4.9375, 1.625, 0.125 ], "texture": "#aa_atlas" },
				"south": { "uv": [ 0.5, 1.0625, 0.625, 1.1875 ], "texture": "#aa_atlas" },
				"west": { "uv": [ 4.125, 15, 8.9375, 15.125 ], "texture": "#aa_atlas" },
				"east": { "uv": [ 15.5625, 15.1875, 10.75, 15.3125 ], "texture": "#aa_atlas" }
			}
		},
		{
			"__comment": "Voxels",
			"from": [ 5, 6.75, -1.25 ],
			"to": [ 5.5, 7.25, -1 ],
			"faces": {
				"down": { "uv": [ 0.5, 0.125, 0.625, 0.1875 ], "texture": "#aa_atlas" },
				"up": { "uv": [ 1.125, 0.9375, 1.25, 0.875 ], "texture": "#aa_atlas" },
				"north": { "uv": [ 0.625, 0.8125, 0.5, 0.9375 ], "texture": "#aa_atlas" },
				"south": { "uv": [ 0.375, 0.6875, 0.5, 0.8125 ], "texture": "#aa_atlas" },
				"west": { "uv": [ 8.875, 14.625, 8.9375, 14.75 ], "texture": "#aa_atlas" },
				"east": { "uv": [ 15.25, 14.5625, 15.1875, 14.6875 ], "texture": "#aa_atlas" }
			}
		},
		{
			"__comment": "Voxels",
			"from": [ 5, 6.75, -1 ],
			"to": [ 5.5, 7, 18 ],
			"faces": {
				"down": { "uv": [ 2.5, 4.9375, 2.625, 9.6875 ], "texture": "#aa_atlas" },
				"up": { "uv": [ 2.5, 14.4375, 2.625, 9.6875 ], "texture": "#aa_atlas" },
				"south": { "uv": [ 1.125, 0.5, 1.25, 0.5625 ], "texture": "#aa_atlas" },
				"west": { "uv": [ 8.9375, 14.5625, 13.6875, 14.625 ], "texture": "#aa_atlas" },
				"east": { "uv": [ 12.5, 13.8125, 7.75, 13.875 ], "texture": "#aa_atlas" }
			}
		},
		{
			"__comment": "Voxels",
			"from": [ 5, 7, -1.5 ],
			"to": [ 11, 7.75, -1.25 ],
			"faces": {
				"down": { "uv": [ 12.5, 14.1875, 14, 14.25 ], "texture": "#aa_atlas" },
				"north": { "uv": [ 5, 12.6875, 3.5, 12.875 ], "texture": "#aa_atlas" },
				"south": { "uv": [ 13.6875, 14.5625, 15.1875, 14.75 ], "texture": "#aa_atlas" },
				"west": { "uv": [ 15.8125, 15.6875, 15.875, 15.875 ], "texture": "#aa_atlas" },
				"east": { "uv": [ 15.9375, 15.6875, 15.875, 15.875 ], "texture": "#aa_atlas" }
			}
		},
		{
			"__comment": "Voxels",
			"from": [ 5, 7, -1 ],
			"to": [ 5.25, 7.75, 18 ],
			"faces": {
				"north": { "uv": [ 16, 15.6875, 15.9375, 15.875 ], "texture": "#aa_atlas" },
				"south": { "uv": [ 15.75, 15.5, 15.8125, 15.6875 ], "texture": "#aa_atlas" },
				"west": { "uv": [ 1.25, 15.3125, 6, 15.5 ], "texture": "#aa_atlas" },
				"east": { "uv": [ 10.75, 15.3125, 6, 15.5 ], "texture": "#aa_atlas" }
			}
		},
		{
			"__comment": "Voxels",
			"from": [ 5, 7.25, -1.25 ],
			"to": [ 5.25, 7.75, -1 ],
			"faces": {
				"west": { "uv": [ 15.375, 14.75, 15.4375, 14.875 ], "texture": "#aa_atlas" },
				"east": { "uv": [ 15.4375, 14.625, 15.375, 14.75 ], "texture": "#aa_atlas" }
			}
		},
		{
			"__comment": "Voxels",
			"from": [ 5, 8.25, -1.5 ],
			"to": [ 11, 9, -1.25 ],
			"faces": {
				"up": { "uv": [ 13.9375, 14.1875, 15.4375, 14.125 ], "texture": "#aa_atlas" },
				"north": { "uv": [ 15.1875, 14.75, 13.6875, 14.9375 ], "texture": "#aa_atlas" },
				"south": { "uv": [ 13.6875, 14.9375, 15.1875, 15.125 ], "texture": "#aa_atlas" },
				"west": { "uv": [ 15.4375, 15.3125, 15.5, 15.5 ], "texture": "#aa_atlas" },
				"east": { "uv": [ 15.5625, 15.3125, 15.5, 15.5 ], "texture": "#aa_atlas" }
			}
		},
		{
			"__comment": "Voxels",
			"from": [ 5, 8.25, -1.25 ],
			"to": [ 5.25, 9.25, 18 ],
			"faces": {
				"up": { "uv": [ 2.75, 9.375, 2.8125, 4.5625 ], "texture": "#aa_atlas" },
				"north": { "uv": [ 0.8125, 0, 0.75, 0.25 ], "texture": "#aa_atlas" },
				"south": { "uv": [ 0.8125, 0, 0.875, 0.25 ], "texture": "#aa_atlas" },
				"west": { "uv": [ 10.75, 15.5, 15.5625, 15.75 ], "texture": "#aa_atlas" },
				"east": { "uv": [ 15.5625, 15.75, 10.75, 16 ], "texture": "#aa_atlas" }
			}
		},
		{
			"__comment": "Voxels",
			"from": [ 5.25, 6.25, -1.5 ],
			"to": [ 10.75, 7, -1.25 ],
			"faces": {
				"down": { "uv": [ 12.5625, 13.875, 13.9375, 13.9375 ], "texture": "#aa_atlas" },
				"north": { "uv": [ 7.75, 12.6875, 6.375, 12.875 ], "texture": "#aa_atlas" },
				"south": { "uv": [ 5, 12.6875, 6.375, 12.875 ], "texture": "#aa_atlas" },
				"west": { "uv": [ 15.25, 14.6875, 15.3125, 14.875 ], "texture": "#aa_atlas" },
				"east": { "uv": [ 15.25, 14.6875, 15.1875, 14.875 ], "texture": "#aa_atlas" }
			}
		},
		{
			"__comment": "Voxels",
			"from": [ 5.25, 6.25, -1.25 ],
			"to": [ 5.75, 6.5, 18 ],
			"faces": {
				"down": { "uv": [ 1.25, 0, 1.375, 4.8125 ], "texture": "#aa_atlas" },
				"up": { "uv": [ 1.625, 4.9375, 1.75, 0.125 ], "texture": "#aa_atlas" },
				"south": { "uv": [ 1.125, 0.25, 1.25, 0.3125 ], "texture": "#aa_atlas" },
				"west": { "uv": [ 2.9375, 13.8125, 7.75, 13.875 ], "texture": "#aa_atlas" },
				"east": { "uv": [ 12.4375, 14.125, 7.625, 14.1875 ], "texture": "#aa_atlas" }
			}
		},
		{
			"__comment": "Voxels",
			"from": [ 5.25, 6.5, -1.25 ],
			"to": [ 5.5, 6.75, 18 ],
			"faces": {
				"up": { "uv": [ 2.875, 14.0625, 2.9375, 9.25 ], "texture": "#aa_atlas" },
				"south": { "uv": [ 15.5, 14.5625, 15.5625, 14.625 ], "texture": "#aa_atlas" },
				"west": { "uv": [ 2.9375, 13.875, 7.75, 13.9375 ], "texture": "#aa_atlas" },
				"east": { "uv": [ 12.5625, 13.875, 7.75, 13.9375 ], "texture": "#aa_atlas" }
			}
		},
		{
			"__comment": "Voxels",
			"from": [ 5.25, 7, 17.75 ],
			"to": [ 11, 9.25, 18 ],
			"faces": {
				"down": { "uv": [ 12.5, 14.0625, 13.9375, 14.125 ], "texture": "#aa_atlas" },
				"up": { "uv": [ 13.9375, 14.125, 15.375, 14.0625 ], "texture": "#aa_atlas" },
				"north": { "uv": [ 4.125, 14.5625, 2.6875, 15.125 ], "texture": "#aa_atlas" },
				"south": { "uv": [ 1.25, 14.5625, 2.6875, 15.125 ], "texture": "#aa_atlas" },
				"west": { "uv": [ 0.6875, 1.1875, 0.75, 1.75 ], "texture": "#aa_atlas" },
				"east": { "uv": [ 0.6875, 1.1875, 0.625, 1.75 ], "texture": "#aa_atlas" }
			}
		},
		{
			"__comment": "Voxels",
			"from": [ 5.25, 8.75, -1.25 ],
			"to": [ 5.5, 9.75, -1 ],
			"faces": {
				"down": { "uv": [ 15.5625, 14.5625, 15.625, 14.625 ], "texture": "#aa_atlas" },
				"up": { "uv": [ 15.625, 14.625, 15.6875, 14.5625 ], "texture": "#aa_atlas" },
				"north": { "uv": [ 0.75, 0, 0.6875, 0.25 ], "texture": "#aa_atlas" },
				"south": { "uv": [ 15.5625, 15.5, 15.625, 15.75 ], "texture": "#aa_atlas" },
				"west": { "uv": [ 15.625, 15.5, 15.6875, 15.75 ], "texture": "#aa_atlas" },
				"east": { "uv": [ 0.6875, 0, 0.625, 0.25 ], "texture": "#aa_atlas" }
			}
		},
		{
			"__comment": "Voxels",
			"from": [ 5.25, 9, -1.5 ],
			"to": [ 10.75, 9.75, -1.25 ],
			"faces": {
				"up": { "uv": [ 12.5625, 14, 13.9375, 13.9375 ], "texture": "#aa_atlas" },
				"north": { "uv": [ 9.125, 12.6875, 7.75, 12.875 ], "texture": "#aa_atlas" },
				"south": { "uv": [ 9.125, 12.6875, 10.5, 12.875 ], "texture": "#aa_atlas" },
				"west": { "uv": [ 15.75, 15.125, 15.8125, 15.3125 ], "texture": "#aa_atlas" },
				"east": { "uv": [ 15.625, 15.3125, 15.5625, 15.5 ], "texture": "#aa_atlas" }
			}
		},
		{
			"__comment": "Voxels",
			"from": [ 5.25, 9, -1 ],
			"to": [ 5.5, 9.75, 17.75 ],
			"faces": {
				"down": { "uv": [ 3.375, 8.3125, 3.4375, 13 ], "texture": "#aa_atlas" },
				"up": { "uv": [ 3.375, 8.3125, 3.4375, 3.625 ], "texture": "#aa_atlas" },
				"south": { "uv": [ 15.875, 15.3125, 15.9375, 15.5 ], "texture": "#aa_atlas" },
				"west": { "uv": [ 1.25, 15.125, 5.9375, 15.3125 ], "texture": "#aa_atlas" },
				"east": { "uv": [ 15.4375, 15.3125, 10.75, 15.5 ], "texture": "#aa_atlas" }
			}
		},
		{
			"__comment": "Voxels",
			"from": [ 5.25, 9.25, 17.75 ],
			"to": [ 10.75, 9.75, 18 ],
			"faces": {
				"up": { "uv": [ 12.5625, 14.0625, 13.9375, 14 ], "texture": "#aa_atlas" },
				"north": { "uv": [ 13.375, 14.3125, 12, 14.4375 ], "texture": "#aa_atlas" },
				"south": { "uv": [ 13.375, 14.3125, 14.75, 14.4375 ], "texture": "#aa_atlas" },
				"west": { "uv": [ 15.5, 14.625, 15.5625, 14.75 ], "texture": "#aa_atlas" },
				"east": { "uv": [ 15.625, 14.75, 15.5625, 14.875 ], "texture": "#aa_atlas" }
			}
		},
		{
			"__comment": "Voxels",
			"from": [ 5.5, 6, -1.5 ],
			"to": [ 10.5, 6.25, -1.25 ],
			"faces": {
				"down": { "uv": [ 12.75, 13.5, 14, 13.5625 ], "texture": "#aa_atlas" },
				"north": { "uv": [ 16, 14.375, 14.75, 14.4375 ], "texture": "#aa_atlas" },
				"south": { "uv": [ 14, 13.375, 15.25, 13.4375 ], "texture": "#aa_atlas" },
				"west": { "uv": [ 15.6875, 14.5625, 15.75, 14.625 ], "texture": "#aa_atlas" },
				"east": { "uv": [ 2.8125, 3.875, 2.75, 3.9375 ], "texture": "#aa_atlas" }
			}
		},
		{
			"__comment": "Voxels",
			"from": [ 5.5, 6, -1.25 ],
			"to": [ 6, 6.25, 18 ],
			"faces": {
				"down": { "uv": [ 1.625, 9.75, 1.75, 14.5625 ], "texture": "#aa_atlas" },
				"up": { "uv": [ 1.5, 14.5625, 1.625, 9.75 ], "texture": "#aa_atlas" },
				"south": { "uv": [ 15.875, 15, 16, 15.0625 ], "texture": "#aa_atlas" },
				"west": { "uv": [ 4.125, 14.5625, 8.9375, 14.625 ], "texture": "#aa_atlas" },
				"east": { "uv": [ 10.75, 15.125, 5.9375, 15.1875 ], "texture": "#aa_atlas" }
			}
		},
		{
			"__comment": "Voxels",
			"from": [ 5.5, 6.5, 17.75 ],
			"to": [ 10.75, 7, 18 ],
			"faces": {
				"down": { "uv": [ 13.8125, 13.8125, 15.125, 13.875 ], "texture": "#aa_atlas" },
				"north": { "uv": [ 11.8125, 12.75, 10.5, 12.875 ], "texture": "#aa_atlas" },
				"south": { "uv": [ 11.8125, 12.75, 13.125, 12.875 ], "texture": "#aa_atlas" },
				"west": { "uv": [ 15.5625, 14.625, 15.625, 14.75 ], "texture": "#aa_atlas" },
				"east": { "uv": [ 15.6875, 14.75, 15.625, 14.875 ], "texture": "#aa_atlas" }
			}
		},
		{
			"__comment": "Voxels",
			"from": [ 5.5, 9.5, -1.25 ],
			"to": [ 5.75, 10, 17.75 ],
			"faces": {
				"down": { "uv": [ 3.3125, 3.6875, 3.375, 8.4375 ], "texture": "#aa_atlas" },
				"up": { "uv": [ 2.9375, 13.8125, 3, 9.0625 ], "texture": "#aa_atlas" },
				"north": { "uv": [ 15.6875, 14.625, 15.625, 14.75 ], "texture": "#aa_atlas" },
				"south": { "uv": [ 15.6875, 14.75, 15.75, 14.875 ], "texture": "#aa_atlas" },
				"west": { "uv": [ 8.9375, 14.875, 13.6875, 15 ], "texture": "#aa_atlas" },
				"east": { "uv": [ 13.6875, 14.75, 8.9375, 14.875 ], "texture": "#aa_atlas" }
			}
		},
		{
			"__comment": "Voxels",
			"from": [ 5.5, 9.75, -1.5 ],
			"to": [ 10.5, 10, -1.25 ],
			"faces": {
				"up": { "uv": [ 12.75, 13.4375, 14, 13.375 ], "texture": "#aa_atlas" },
				"north": { "uv": [ 15.25, 13.4375, 14, 13.5 ], "texture": "#aa_atlas" },
				"south": { "uv": [ 12.75, 13.4375, 14, 13.5 ], "texture": "#aa_atlas" },
				"west": { "uv": [ 2.75, 3.8125, 2.8125, 3.875 ], "texture": "#aa_atlas" },
				"east": { "uv": [ 2.8125, 3.75, 2.75, 3.8125 ], "texture": "#aa_atlas" }
			}
		},
		{
			"__comment": "Voxels",
			"from": [ 5.5, 9.75, 17.75 ],
			"to": [ 10.5, 10, 18 ],
			"faces": {
				"up": { "uv": [ 14, 13.625, 15.25, 13.5625 ], "texture": "#aa_atlas" },
				"north": { "uv": [ 14, 13.5625, 12.75, 13.625 ], "texture": "#aa_atlas" },
				"south": { "uv": [ 12.75, 13.625, 14, 13.6875 ], "texture": "#aa_atlas" },
				"west": { "uv": [ 2.75, 3.6875, 2.8125, 3.75 ], "texture": "#aa_atlas" },
				"east": { "uv": [ 2.8125, 3.625, 2.75, 3.6875 ], "texture": "#aa_atlas" }
			}
		},
		{
			"__comment": "Voxels",
			"from": [ 5.75, 5.75, -1.5 ],
			"to": [ 10.25, 6, -1.25 ],
			"faces": {
				"down": { "uv": [ 14, 12.875, 15.125, 12.9375 ], "texture": "#aa_atlas" },
				"north": { "uv": [ 15, 13.3125, 13.875, 13.375 ], "texture": "#aa_atlas" },
				"south": { "uv": [ 12.75, 13.25, 13.875, 13.3125 ], "texture": "#aa_atlas" },
				"west": { "uv": [ 2.75, 0, 2.8125, 0.0625 ], "texture": "#aa_atlas" },
				"east": { "uv": [ 2.8125, 0.0625, 2.75, 0.125 ], "texture": "#aa_atlas" }
			}
		},
		{
			"__comment": "Voxels",
			"from": [ 5.75, 5.75, -1.25 ],
			"to": [ 6.25, 6, 18 ],
			"faces": {
				"down": { "uv": [ 1.625, 4.9375, 1.75, 9.75 ], "texture": "#aa_atlas" },
				"up": { "uv": [ 1.75, 14.5625, 1.875, 9.75 ], "texture": "#aa_atlas" },
				"south": { "uv": [ 15.875, 14.875, 16, 14.9375 ], "texture": "#aa_atlas" },
				"west": { "uv": [ 7.75, 14, 12.5625, 14.0625 ], "texture": "#aa_atlas" },
				"east": { "uv": [ 7.75, 13.9375, 2.9375, 14 ], "texture": "#aa_atlas" }
			}
		},
		{
			"__comment": "Voxels",
			"from": [ 5.75, 6.25, 17.75 ],
			"to": [ 10.75, 6.5, 18 ],
			"faces": {
				"down": { "uv": [ 13.9375, 13.6875, 15.1875, 13.75 ], "texture": "#aa_atlas" },
				"north": { "uv": [ 15.1875, 13.75, 13.9375, 13.8125 ], "texture": "#aa_atlas" },
				"south": { "uv": [ 12.6875, 13.75, 13.9375, 13.8125 ], "texture": "#aa_atlas" },
				"east": { "uv": [ 15.875, 14.125, 15.8125, 14.1875 ], "texture": "#aa_atlas" }
			}
		},
		{
			"__comment": "Voxels",
			"from": [ 5.75, 9.75, -1.25 ],
			"to": [ 6, 10.25, 17.75 ],
			"faces": {
				"down": { "uv": [ 3.25, 3.6875, 3.3125, 8.4375 ], "texture": "#aa_atlas" },
				"up": { "uv": [ 3.3125, 13.1875, 3.375, 8.4375 ], "texture": "#aa_atlas" },
				"north": { "uv": [ 15.8125, 14.75, 15.75, 14.875 ], "texture": "#aa_atlas" },
				"south": { "uv": [ 15.6875, 14.625, 15.75, 14.75 ], "texture": "#aa_atlas" },
				"west": { "uv": [ 4.125, 14.75, 8.875, 14.875 ], "texture": "#aa_atlas" },
				"east": { "uv": [ 8.875, 14.625, 4.125, 14.75 ], "texture": "#aa_atlas" }
			}
		},
		{
			"__comment": "Voxels",
			"from": [ 5.75, 10, -1.5 ],
			"to": [ 10.25, 10.25, -1.25 ],
			"faces": {
				"up": { "uv": [ 12.75, 13.125, 13.875, 13.0625 ], "texture": "#aa_atlas" },
				"north": { "uv": [ 15, 13.0625, 13.875, 13.125 ], "texture": "#aa_atlas" },
				"south": { "uv": [ 12.875, 12.875, 14, 12.9375 ], "texture": "#aa_atlas" },
				"west": { "uv": [ 2.75, 0.75, 2.8125, 0.8125 ], "texture": "#aa_atlas" },
				"east": { "uv": [ 2.8125, 0.8125, 2.75, 0.875 ], "texture": "#aa_atlas" }
			}
		},
		{
			"__comment": "Voxels",
			"from": [ 5.75, 10, 17.75 ],
			"to": [ 10.25, 10.25, 18 ],
			"faces": {
				"up": { "uv": [ 13.875, 13.0625, 15, 13 ], "texture": "#aa_atlas" },
				"north": { "uv": [ 14, 12.9375, 12.875, 13 ], "texture": "#aa_atlas" },
				"south": { "uv": [ 14, 12.9375, 15.125, 13 ], "texture": "#aa_atlas" },
				"west": { "uv": [ 2.75, 1.375, 2.8125, 1.4375 ], "texture": "#aa_atlas" },
				"east": { "uv": [ 15.9375, 14.125, 15.875, 14.1875 ], "texture": "#aa_atlas" }
			}
		},
		{
			"__comment": "Voxels",
			"from": [ 6, 5.5, -1.5 ],
			"to": [ 10, 5.75, -1.25 ],
			"faces": {
				"down": { "uv": [ 15, 13.3125, 16, 13.375 ], "texture": "#aa_atlas" },
				"north": { "uv": [ 16, 13.1875, 15, 13.25 ], "texture": "#aa_atlas" },
				"south": { "uv": [ 15, 13.125, 16, 13.1875 ], "texture": "#aa_atlas" },
				"west": { "uv": [ 2.75, 2.25, 2.8125, 2.3125 ], "texture": "#aa_atlas" },
				"east": { "uv": [ 2.8125, 2.3125, 2.75, 2.375 ], "texture": "#aa_atlas" }
			}
		},
		{
			"__comment": "Voxels",
			"from": [ 6, 5.5, -1.25 ],
			"to": [ 6.5, 5.75, 18 ],
			"faces": {
				"down": { "uv": [ 1.75, 4.9375, 1.875, 9.75 ], "texture": "#aa_atlas" },
				"up": { "uv": [ 1.375, 4.8125, 1.5, 0 ], "texture": "#aa_atlas" },
				"south": { "uv": [ 15.5, 14.1875, 15.625, 14.25 ], "texture": "#aa_atlas" },
				"west": { "uv": [ 2.9375, 14, 7.75, 14.0625 ], "texture": "#aa_atlas" },
				"east": { "uv": [ 12.5625, 13.9375, 7.75, 14 ], "texture": "#aa_atlas" }
			}
		},
		{
			"__comment": "Voxels",
			"from": [ 6, 6, 17.75 ],
			"to": [ 10.5, 6.25, 18 ],
			"faces": {
				"down": { "uv": [ 12.75, 13.1875, 13.875, 13.25 ], "texture": "#aa_atlas" },
				"north": { "uv": [ 13.875, 13.125, 12.75, 13.1875 ], "texture": "#aa_atlas" },
				"south": { "uv": [ 13.875, 13.125, 15, 13.1875 ], "texture": "#aa_atlas" },
				"east": { "uv": [ 2.8125, 3.4375, 2.75, 3.5 ], "texture": "#aa_atlas" }
			}
		},
		{
			"__comment": "Voxels",
			"from": [ 6, 10, -1.25 ],
			"to": [ 6.25, 10.5, 17.75 ],
			"faces": {
				"down": { "uv": [ 3.125, 4.3125, 3.1875, 9.0625 ], "texture": "#aa_atlas" },
				"up": { "uv": [ 3.1875, 13.6875, 3.25, 8.9375 ], "texture": "#aa_atlas" },
				"north": { "uv": [ 2.6875, 0.125, 2.625, 0.25 ], "texture": "#aa_atlas" },
				"south": { "uv": [ 2.4375, 0, 2.5, 0.125 ], "texture": "#aa_atlas" },
				"west": { "uv": [ 7.125, 14.4375, 11.875, 14.5625 ], "texture": "#aa_atlas" },
				"east": { "uv": [ 13.6875, 15, 8.9375, 15.125 ], "texture": "#aa_atlas" }
			}
		},
		{
			"__comment": "Voxels",
			"from": [ 6, 10.25, -1.5 ],
			"to": [ 10, 10.5, -1.25 ],
			"faces": {
				"up": { "uv": [ 13.125, 12.75, 14.125, 12.6875 ], "texture": "#aa_atlas" },
				"north": { "uv": [ 5.5, 12.625, 4.5, 12.6875 ], "texture": "#aa_atlas" },
				"south": { "uv": [ 15, 13.0625, 16, 13.125 ], "texture": "#aa_atlas" },
				"west": { "uv": [ 2.75, 1.625, 2.8125, 1.6875 ], "texture": "#aa_atlas" },
				"east": { "uv": [ 2.8125, 1.8125, 2.75, 1.875 ], "texture": "#aa_atlas" }
			}
		},
		{
			"__comment": "Voxels",
			"from": [ 6, 10.25, 17.75 ],
			"to": [ 10, 10.5, 18 ],
			"faces": {
				"up": { "uv": [ 14.125, 12.75, 15.125, 12.6875 ], "texture": "#aa_atlas" },
				"north": { "uv": [ 11.5, 12.6875, 10.5, 12.75 ], "texture": "#aa_atlas" },
				"south": { "uv": [ 11.8125, 12.6875, 12.8125, 12.75 ], "texture": "#aa_atlas" },
				"west": { "uv": [ 2.75, 2.5, 2.8125, 2.5625 ], "texture": "#aa_atlas" },
				"east": { "uv": [ 2.8125, 2.5625, 2.75, 2.625 ], "texture": "#aa_atlas" }
			}
		},
		{
			"__comment": "Voxels",
			"from": [ 6.25, 5.25, -1.5 ],
			"to": [ 9.75, 5.5, -1.25 ],
			"faces": {
				"down": { "uv": [ 15.125, 12.75, 16, 12.8125 ], "texture": "#aa_atlas" },
				"north": { "uv": [ 16, 13.8125, 15.125, 13.875 ], "texture": "#aa_atlas" },
				"south": { "uv": [ 15.125, 12.6875, 16, 12.75 ], "texture": "#aa_atlas" },
				"west": { "uv": [ 15.75, 14.125, 15.8125, 14.1875 ], "texture": "#aa_atlas" },
				"east": { "uv": [ 2.8125, 1.0625, 2.75, 1.125 ], "texture": "#aa_atlas" }
			}
		},
		{
			"__comment": "Voxels",
			"from": [ 6.25, 5.25, -1.25 ],
			"to": [ 7.25, 5.5, -1 ],
			"faces": {
				"down": { "uv": [ 0.375, 0.5625, 0.625, 0.625 ], "texture": "#aa_atlas" },
				"up": { "uv": [ 0.875, 0.3125, 1.125, 0.25 ], "texture": "#aa_atlas" },
				"south": { "uv": [ 15.5625, 15.9375, 15.8125, 16 ], "texture": "#aa_atlas" },
				"west": { "uv": [ 2.75, 3.1875, 2.8125, 3.25 ], "texture": "#aa_atlas" },
				"east": { "uv": [ 2.8125, 3.25, 2.75, 3.3125 ], "texture": "#aa_atlas" }
			}
		},
		{
			"__comment": "Voxels",
			"from": [ 6.25, 5.25, -1 ],
			"to": [ 7, 5.5, 18 ],
			"faces": {
				"down": { "uv": [ 0.8125, 6.4375, 1, 11.1875 ], "texture": "#aa_atlas" },
				"up": { "uv": [ 0.625, 11.1875, 0.8125, 6.4375 ], "texture": "#aa_atlas" },
				"south": { "uv": [ 15.8125, 15.875, 16, 15.9375 ], "texture": "#aa_atlas" },
				"west": { "uv": [ 8, 13.25, 12.75, 13.3125 ], "texture": "#aa_atlas" },
				"east": { "uv": [ 8, 13.1875, 3.25, 13.25 ], "texture": "#aa_atlas" }
			}
		},
		{
			"__comment": "Voxels",
			"from": [ 6.25, 5.75, 17.75 ],
			"to": [ 10.25, 6, 18 ],
			"faces": {
				"down": { "uv": [ 14.125, 12.8125, 15.125, 12.875 ], "texture": "#aa_atlas" },
				"north": { "uv": [ 16, 13, 15, 13.0625 ], "texture": "#aa_atlas" },
				"south": { "uv": [ 13.125, 12.8125, 14.125, 12.875 ], "texture": "#aa_atlas" },
				"east": { "uv": [ 2.8125, 2.4375, 2.75, 2.5 ], "texture": "#aa_atlas" }
			}
		},
		{
			"__comment": "Voxels",
			"from": [ 6.25, 10.25, -1.25 ],
			"to": [ 6.5, 10.75, 17.75 ],
			"faces": {
				"down": { "uv": [ 3.0625, 9.0625, 3.125, 13.8125 ], "texture": "#aa_atlas" },
				"up": { "uv": [ 3.0625, 9.0625, 3.125, 4.3125 ], "texture": "#aa_atlas" },
				"north": { "uv": [ 1.9375, 0.1875, 1.875, 0.3125 ], "texture": "#aa_atlas" },
				"south": { "uv": [ 15.9375, 14.75, 16, 14.875 ], "texture": "#aa_atlas" },
				"west": { "uv": [ 8.9375, 14.625, 13.6875, 14.75 ], "texture": "#aa_atlas" },
				"east": { "uv": [ 7.125, 14.4375, 2.375, 14.5625 ], "texture": "#aa_atlas" }
			}
		},
		{
			"__comment": "Voxels",
			"from": [ 6.25, 10.5, -1.5 ],
			"to": [ 9.75, 10.75, -1.25 ],
			"faces": {
				"up": { "uv": [ 10.75, 12.6875, 11.625, 12.625 ], "texture": "#aa_atlas" },
				"north": { "uv": [ 12.5, 12.625, 11.625, 12.6875 ], "texture": "#aa_atlas" },
				"south": { "uv": [ 5.5, 12.625, 6.375, 12.6875 ], "texture": "#aa_atlas" },
				"west": { "uv": [ 2.75, 2.75, 2.8125, 2.8125 ], "texture": "#aa_atlas" },
				"east": { "uv": [ 2.8125, 2.6875, 2.75, 2.75 ], "texture": "#aa_atlas" }
			}
		},
		{
			"__comment": "Voxels",
			"from": [ 6.25, 10.5, 17.75 ],
			"to": [ 9.75, 10.75, 18 ],
			"faces": {
				"up": { "uv": [ 15.125, 13, 16, 12.9375 ], "texture": "#aa_atlas" },
				"north": { "uv": [ 16, 14.4375, 15.125, 14.5 ], "texture": "#aa_atlas" },
				"south": { "uv": [ 15.125, 14.5, 16, 14.5625 ], "texture": "#aa_atlas" },
				"west": { "uv": [ 2.75, 1.1875, 2.8125, 1.25 ], "texture": "#aa_atlas" },
				"east": { "uv": [ 2.8125, 1.125, 2.75, 1.1875 ], "texture": "#aa_atlas" }
			}
		},
		{
			"__comment": "Voxels",
			"from": [ 6.5, 5.5, 17.75 ],
			"to": [ 10, 5.75, 18 ],
			"faces": {
				"down": { "uv": [ 9, 12.625, 9.875, 12.6875 ], "texture": "#aa_atlas" },
				"north": { "uv": [ 8.125, 12.625, 7.25, 12.6875 ], "texture": "#aa_atlas" },
				"south": { "uv": [ 6.375, 12.625, 7.25, 12.6875 ], "texture": "#aa_atlas" },
				"east": { "uv": [ 2.8125, 0.875, 2.75, 0.9375 ], "texture": "#aa_atlas" }
			}
		},
		{
			"__comment": "Voxels",
			"from": [ 6.5, 10.5, -1.25 ],
			"to": [ 7.25, 10.75, -1 ],
			"faces": {
				"down": { "uv": [ 15.8125, 15.9375, 16, 16 ], "texture": "#aa_atlas" },
				"up": { "uv": [ 15.5625, 15.1875, 15.75, 15.125 ], "texture": "#aa_atlas" },
				"south": { "uv": [ 15.5625, 15.25, 15.75, 15.3125 ], "texture": "#aa_atlas" },
				"east": { "uv": [ 2.8125, 0.3125, 2.75, 0.375 ], "texture": "#aa_atlas" }
			}
		},
		{
			"__comment": "Voxels",
			"from": [ 6.5, 10.5, -1 ],
			"to": [ 7, 10.75, 17.75 ],
			"faces": {
				"down": { "uv": [ 2.625, 0.25, 2.75, 4.9375 ], "texture": "#aa_atlas" },
				"up": { "uv": [ 2.625, 9.625, 2.75, 4.9375 ], "texture": "#aa_atlas" },
				"east": { "uv": [ 12.875, 12.9375, 8.1875, 13 ], "texture": "#aa_atlas" }
			}
		},
		{
			"__comment": "Voxels",
			"from": [ 6.75, 5, -1.25 ],
			"to": [ 9.25, 5.25, 18 ],
			"faces": {
				"down": { "uv": [ 0, 11.1875, 0.625, 16 ], "texture": "#aa_atlas" },
				"up": { "uv": [ 0, 11.1875, 0.625, 6.375 ], "texture": "#aa_atlas" },
				"north": { "uv": [ 0.625, 0.375, 0, 0.4375 ], "texture": "#aa_atlas" },
				"south": { "uv": [ 0, 0.3125, 0.625, 0.375 ], "texture": "#aa_atlas" },
				"west": { "uv": [ 7.6875, 14.0625, 12.5, 14.125 ], "texture": "#aa_atlas" },
				"east": { "uv": [ 7.6875, 14.0625, 2.875, 14.125 ], "texture": "#aa_atlas" }
			}
		},
		{
			"__comment": "Voxels",
			"from": [ 6.75, 7.75, -2 ],
			"to": [ 9.25, 8.25, -1.75 ],
			"faces": {
				"down": { "uv": [ 0, 0.25, 0.625, 0.3125 ], "texture": "#aa_atlas" },
				"up": { "uv": [ 0, 0.25, 0.625, 0.1875 ], "texture": "#aa_atlas" },
				"north": { "uv": [ 0.625, 1.4375, 0, 1.5625 ], "texture": "#aa_atlas" },
				"south": { "uv": [ 0, 1.3125, 0.625, 1.4375 ], "texture": "#aa_atlas" },
				"west": { "uv": [ 15.4375, 14.625, 15.5, 14.75 ], "texture": "#aa_atlas" },
				"east": { "uv": [ 15.5, 14.75, 15.4375, 14.875 ], "texture": "#aa_atlas" }
			}
		},
		{
			"__comment": "Voxels",
			"from": [ 6.75, 7.75, -1.75 ],
			"to": [ 7.25, 8.25, -1.5 ],
			"faces": {
				"down": { "uv": [ 1.125, 0.4375, 1.25, 0.5 ], "texture": "#aa_atlas" },
				"up": { "uv": [ 15.4375, 14.1875, 15.5625, 14.125 ], "texture": "#aa_atlas" },
				"west": { "uv": [ 2.75, 4.4375, 2.8125, 4.5625 ], "texture": "#aa_atlas" },
				"east": { "uv": [ 2.75, 0.125, 2.6875, 0.25 ], "texture": "#aa_atlas" }
			}
		},
		{
			"__comment": "Voxels",
			"from": [ 6.75, 10.75, -1.25 ],
			"to": [ 9.25, 11, 18 ],
			"faces": {
				"down": { "uv": [ 0, 1.5625, 0.625, 6.375 ], "texture": "#aa_atlas" },
				"up": { "uv": [ 0.625, 16, 1.25, 11.1875 ], "texture": "#aa_atlas" },
				"north": { "uv": [ 0.625, 0.4375, 0, 0.5 ], "texture": "#aa_atlas" },
				"south": { "uv": [ 0, 0.5, 0.625, 0.5625 ], "texture": "#aa_atlas" },
				"west": { "uv": [ 2.8125, 14.125, 7.625, 14.1875 ], "texture": "#aa_atlas" },
				"east": { "uv": [ 15.5625, 15.125, 10.75, 15.1875 ], "texture": "#aa_atlas" }
			}
		},
		{
			"__comment": "Voxels",
			"from": [ 7, 5, -1.5 ],
			"to": [ 9, 5.25, -1.25 ],
			"faces": {
				"down": { "uv": [ 0, 0.125, 0.5, 0.1875 ], "texture": "#aa_atlas" },
				"north": { "uv": [ 0.5, 0, 0, 0.0625 ], "texture": "#aa_atlas" },
				"west": { "uv": [ 15.5625, 14.125, 15.625, 14.1875 ], "texture": "#aa_atlas" },
				"east": { "uv": [ 2.8125, 1.4375, 2.75, 1.5 ], "texture": "#aa_atlas" }
			}
		},
		{
			"__comment": "Voxels",
			"from": [ 7, 5.25, 17.75 ],
			"to": [ 9.75, 5.5, 18 ],
			"faces": {
				"down": { "uv": [ 15.1875, 15.0625, 15.875, 15.125 ], "texture": "#aa_atlas" },
				"north": { "uv": [ 15.875, 14.875, 15.1875, 14.9375 ], "texture": "#aa_atlas" },
				"south": { "uv": [ 15.1875, 14.9375, 15.875, 15 ], "texture": "#aa_atlas" },
				"east": { "uv": [ 2.8125, 1.5625, 2.75, 1.625 ], "texture": "#aa_atlas" }
			}
		},
		{
			"__comment": "Voxels",
			"from": [ 7, 7, -1.75 ],
			"to": [ 9, 7.25, -1.5 ],
			"faces": {
				"down": { "uv": [ 0.75, 0.9375, 1.25, 1 ], "texture": "#aa_atlas" },
				"up": { "uv": [ 0.75, 1.5625, 1.25, 1.5 ], "texture": "#aa_atlas" },
				"north": { "uv": [ 1.25, 1.5625, 0.75, 1.625 ], "texture": "#aa_atlas" },
				"west": { "uv": [ 2.75, 1.875, 2.8125, 1.9375 ], "texture": "#aa_atlas" },
				"east": { "uv": [ 2.8125, 1.9375, 2.75, 2 ], "texture": "#aa_atlas" }
			}
		},
		{
			"__comment": "Voxels",
			"from": [ 7, 7.25, -2 ],
			"to": [ 9, 7.75, -1.75 ],
			"faces": {
				"down": { "uv": [ 0.75, 1.3125, 1.25, 1.375 ], "texture": "#aa_atlas" },
				"north": { "uv": [ 0.5, 0.8125, 0, 0.9375 ], "texture": "#aa_atlas" },
				"south": { "uv": [ 0, 0.9375, 0.5, 1.0625 ], "texture": "#aa_atlas" },
				"west": { "uv": [ 2.375, 0, 2.4375, 0.125 ], "texture": "#aa_atlas" },
				"east": { "uv": [ 2.375, 0.1875, 2.3125, 0.3125 ], "texture": "#aa_atlas" }
			}
		},
		{
			"__comment": "Voxels",
			"from": [ 7, 7.25, -1.75 ],
			"to": [ 7.25, 7.75, -1.5 ],
			"faces": {
				"west": { "uv": [ 2.125, 0.1875, 2.1875, 0.3125 ], "texture": "#aa_atlas" },
				"east": { "uv": [ 2, 0, 1.9375, 0.125 ], "texture": "#aa_atlas" }
			}
		},
		{
			"__comment": "Voxels",
			"from": [ 7, 8.25, -2 ],
			"to": [ 9, 8.75, -1.75 ],
			"faces": {
				"up": { "uv": [ 0.75, 1.0625, 1.25, 1 ], "texture": "#aa_atlas" },
				"north": { "uv": [ 0.5, 1.1875, 0, 1.3125 ], "texture": "#aa_atlas" },
				"south": { "uv": [ 0, 1.0625, 0.5, 1.1875 ], "texture": "#aa_atlas" },
				"west": { "uv": [ 1.875, 0, 1.9375, 0.125 ], "texture": "#aa_atlas" },
				"east": { "uv": [ 2, 0.1875, 1.9375, 0.3125 ], "texture": "#aa_atlas" }
			}
		},
		{
			"__comment": "Voxels",
			"from": [ 7, 8.25, -1.75 ],
			"to": [ 7.25, 9, -1.5 ],
			"faces": {
				"up": { "uv": [ 2.75, 2.875, 2.8125, 2.8125 ], "texture": "#aa_atlas" },
				"north": { "uv": [ 16, 15.5, 15.9375, 15.6875 ], "texture": "#aa_atlas" },
				"west": { "uv": [ 15.6875, 15.5, 15.75, 15.6875 ], "texture": "#aa_atlas" },
				"east": { "uv": [ 15.75, 15.6875, 15.6875, 15.875 ], "texture": "#aa_atlas" }
			}
		},
		{
			"__comment": "Voxels",
			"from": [ 7, 10.75, -1.5 ],
			"to": [ 9, 11, -1.25 ],
			"faces": {
				"up": { "uv": [ 0.75, 1.5, 1.25, 1.4375 ], "texture": "#aa_atlas" },
				"north": { "uv": [ 1.25, 1.375, 0.75, 1.4375 ], "texture": "#aa_atlas" },
				"west": { "uv": [ 2.75, 2.125, 2.8125, 2.1875 ], "texture": "#aa_atlas" },
				"east": { "uv": [ 2.8125, 3.5, 2.75, 3.5625 ], "texture": "#aa_atlas" }
			}
		},
		{
			"__comment": "Voxels",
			"from": [ 7.25, 7, -2 ],
			"to": [ 8.75, 7.25, -1.75 ],
			"faces": {
				"down": { "uv": [ 0.875, 0.625, 1.25, 0.6875 ], "texture": "#aa_atlas" },
				"north": { "uv": [ 1.125, 0.75, 0.75, 0.8125 ], "texture": "#aa_atlas" },
				"west": { "uv": [ 2.75, 2.0625, 2.8125, 2.125 ], "texture": "#aa_atlas" },
				"east": { "uv": [ 2.8125, 2.625, 2.75, 2.6875 ], "texture": "#aa_atlas" }
			}
		},
		{
			"__comment": "Voxels",
			"from": [ 7.25, 8.75, -2 ],
			"to": [ 8.75, 9, -1.5 ],
			"faces": {
				"down": { "uv": [ 0, 0.5625, 0.375, 0.6875 ], "texture": "#aa_atlas" },
				"up": { "uv": [ 0, 0.8125, 0.375, 0.6875 ], "texture": "#aa_atlas" },
				"north": { "uv": [ 1.25, 0.5625, 0.875, 0.625 ], "texture": "#aa_atlas" },
				"west": { "uv": [ 15.75, 14.6875, 15.875, 14.75 ], "texture": "#aa_atlas" },
				"east": { "uv": [ 16, 14.6875, 15.875, 14.75 ], "texture": "#aa_atlas" }
			}
		},
		{
			"__comment": "Voxels",
			"from": [ 7.75, 4.75, -1.5 ],
			"to": [ 8.25, 5, 18 ],
			"faces": {
				"down": { "uv": [ 1.375, 9.6875, 1.5, 14.5625 ], "texture": "#aa_atlas" },
				"up": { "uv": [ 1.375, 9.6875, 1.5, 4.8125 ], "texture": "#aa_atlas" },
				"north": { "uv": [ 15.875, 14.625, 15.75, 14.6875 ], "texture": "#aa_atlas" },
				"south": { "uv": [ 15.75, 14.5625, 15.875, 14.625 ], "texture": "#aa_atlas" },
				"west": { "uv": [ 7.625, 14.25, 12.5, 14.3125 ], "texture": "#aa_atlas" },
				"east": { "uv": [ 7.625, 14.25, 2.75, 14.3125 ], "texture": "#aa_atlas" }
			}
		},
		{
			"__comment": "Voxels",
			"from": [ 7.75, 6.75, -2 ],
			"to": [ 8.25, 7, -1.5 ],
			"faces": {
				"down": { "uv": [ 1.125, 0.6875, 1.25, 0.8125 ], "texture": "#aa_atlas" },
				"up": { "uv": [ 1.125, 0.125, 1.25, 0 ], "texture": "#aa_atlas" },
				"north": { "uv": [ 16, 14.625, 15.875, 14.6875 ], "texture": "#aa_atlas" },
				"west": { "uv": [ 1.5, 0.0625, 1.625, 0.125 ], "texture": "#aa_atlas" },
				"east": { "uv": [ 1.625, 0, 1.5, 0.0625 ], "texture": "#aa_atlas" }
			}
		},
		{
			"__comment": "Voxels",
			"from": [ 7.75, 9, -2 ],
			"to": [ 8.25, 9.25, -1.5 ],
			"faces": {
				"up": { "uv": [ 0.5, 1.0625, 0.625, 0.9375 ], "texture": "#aa_atlas" },
				"north": { "uv": [ 1.75, 0.0625, 1.625, 0.125 ], "texture": "#aa_atlas" },
				"west": { "uv": [ 1.875, 0.125, 2, 0.1875 ], "texture": "#aa_atlas" },
				"east": { "uv": [ 1.875, 0.125, 1.75, 0.1875 ], "texture": "#aa_atlas" }
			}
		},
		{
			"__comment": "Voxels",
			"from": [ 7.75, 11, -1.5 ],
			"to": [ 8.25, 11.25, 18 ],
			"faces": {
				"down": { "uv": [ 1.25, 9.6875, 1.375, 14.5625 ], "texture": "#aa_atlas" },
				"up": { "uv": [ 1.25, 9.6875, 1.375, 4.8125 ], "texture": "#aa_atlas" },
				"north": { "uv": [ 1.875, 0.0625, 1.75, 0.125 ], "texture": "#aa_atlas" },
				"south": { "uv": [ 1.75, 0, 1.875, 0.0625 ], "texture": "#aa_atlas" },
				"west": { "uv": [ 2.75, 14.1875, 7.625, 14.25 ], "texture": "#aa_atlas" },
				"east": { "uv": [ 12.5, 14.1875, 7.625, 14.25 ], "texture": "#aa_atlas" }
			}
		},
		{
			"__comment": "Voxels",
			"from": [ 8.75, 5.25, -1.25 ],
			"to": [ 9.75, 5.5, -1 ],
			"faces": {
				"down": { "uv": [ 0.875, 0.375, 1.125, 0.4375 ], "texture": "#aa_atlas" },
				"up": { "uv": [ 0.875, 0.375, 1.125, 0.3125 ], "texture": "#aa_atlas" },
				"south": { "uv": [ 0.875, 0.4375, 1.125, 0.5 ], "texture": "#aa_atlas" },
				"west": { "uv": [ 2.75, 3.0625, 2.8125, 3.125 ], "texture": "#aa_atlas" },
				"east": { "uv": [ 15.75, 14.125, 15.6875, 14.1875 ], "texture": "#aa_atlas" }
			}
		},
		{
			"__comment": "Voxels",
			"from": [ 8.75, 7.25, -1.75 ],
			"to": [ 9, 9, -1.5 ],
			"faces": {
				"up": { "uv": [ 2.75, 1.8125, 2.8125, 1.75 ], "texture": "#aa_atlas" },
				"north": { "uv": [ 0.8125, 0.25, 0.75, 0.6875 ], "texture": "#aa_atlas" },
				"south": { "uv": [ 0.6875, 0.25, 0.75, 0.6875 ], "texture": "#aa_atlas" },
				"west": { "uv": [ 0.8125, 0.25, 0.875, 0.6875 ], "texture": "#aa_atlas" },
				"east": { "uv": [ 0.6875, 0.25, 0.625, 0.6875 ], "texture": "#aa_atlas" }
			}
		},
		{
			"__comment": "Voxels",
			"from": [ 8.75, 10.5, -1.25 ],
			"to": [ 9.75, 10.75, -1 ],
			"faces": {
				"down": { "uv": [ 15.5625, 15.875, 15.8125, 15.9375 ], "texture": "#aa_atlas" },
				"up": { "uv": [ 0.375, 0.6875, 0.625, 0.625 ], "texture": "#aa_atlas" },
				"south": { "uv": [ 0.875, 0.5, 1.125, 0.5625 ], "texture": "#aa_atlas" },
				"west": { "uv": [ 2.75, 3.5625, 2.8125, 3.625 ], "texture": "#aa_atlas" },
				"east": { "uv": [ 15.6875, 14.125, 15.625, 14.1875 ], "texture": "#aa_atlas" }
			}
		},
		{
			"__comment": "Voxels",
			"from": [ 9, 5.25, -1 ],
			"to": [ 9.75, 5.5, 17.75 ],
			"faces": {
				"down": { "uv": [ 0.625, 1.75, 0.8125, 6.4375 ], "texture": "#aa_atlas" },
				"up": { "uv": [ 0.8125, 6.4375, 1, 1.75 ], "texture": "#aa_atlas" },
				"west": { "uv": [ 8.1875, 12.875, 12.875, 12.9375 ], "texture": "#aa_atlas" },
				"east": { "uv": [ 12.75, 13, 8.0625, 13.0625 ], "texture": "#aa_atlas" }
			}
		},
		{
			"__comment": "Voxels",
			"from": [ 9, 7.75, -1.75 ],
			"to": [ 9.25, 8.25, -1.5 ],
			"faces": {
				"down": { "uv": [ 2.75, 2.1875, 2.8125, 2.25 ], "texture": "#aa_atlas" },
				"up": { "uv": [ 2.75, 2.4375, 2.8125, 2.375 ], "texture": "#aa_atlas" },
				"east": { "uv": [ 2.125, 0.0625, 2.0625, 0.1875 ], "texture": "#aa_atlas" }
			}
		},
		{
			"__comment": "Voxels",
			"from": [ 9, 10.5, -1 ],
			"to": [ 9.75, 10.75, 17.75 ],
			"faces": {
				"down": { "uv": [ 1, 1.75, 1.1875, 6.4375 ], "texture": "#aa_atlas" },
				"up": { "uv": [ 1, 11.1875, 1.1875, 6.5 ], "texture": "#aa_atlas" },
				"west": { "uv": [ 3.375, 13.0625, 8.0625, 13.125 ], "texture": "#aa_atlas" },
				"east": { "uv": [ 12.75, 13.125, 8.0625, 13.1875 ], "texture": "#aa_atlas" }
			}
		},
		{
			"__comment": "Voxels",
			"from": [ 9.5, 5.5, -1.25 ],
			"to": [ 10, 5.75, 17.75 ],
			"faces": {
				"down": { "uv": [ 2.25, 5.0625, 2.375, 9.8125 ], "texture": "#aa_atlas" },
				"up": { "uv": [ 2.25, 14.5625, 2.375, 9.8125 ], "texture": "#aa_atlas" },
				"west": { "uv": [ 3.25, 13.25, 8, 13.3125 ], "texture": "#aa_atlas" },
				"east": { "uv": [ 12.75, 13.3125, 8, 13.375 ], "texture": "#aa_atlas" }
			}
		},
		{
			"__comment": "Voxels",
			"from": [ 9.5, 10.25, -1.25 ],
			"to": [ 10, 10.5, 17.75 ],
			"faces": {
				"down": { "uv": [ 2.125, 5.0625, 2.25, 9.8125 ], "texture": "#aa_atlas" },
				"up": { "uv": [ 2.375, 9.6875, 2.5, 4.9375 ], "texture": "#aa_atlas" },
				"west": { "uv": [ 3.25, 13.3125, 8, 13.375 ], "texture": "#aa_atlas" },
				"east": { "uv": [ 12.75, 13.375, 8, 13.4375 ], "texture": "#aa_atlas" }
			}
		},
		{
			"__comment": "Voxels",
			"from": [ 9.75, 5.75, -1.25 ],
			"to": [ 10.25, 6, 17.75 ],
			"faces": {
				"down": { "uv": [ 2.25, 0.3125, 2.375, 5.0625 ], "texture": "#aa_atlas" },
				"up": { "uv": [ 2.375, 14.4375, 2.5, 9.6875 ], "texture": "#aa_atlas" },
				"west": { "uv": [ 3.25, 13.375, 8, 13.4375 ], "texture": "#aa_atlas" },
				"east": { "uv": [ 12.75, 13.4375, 8, 13.5 ], "texture": "#aa_atlas" }
			}
		},
		{
			"__comment": "Voxels",
			"from": [ 9.75, 10, -1.25 ],
			"to": [ 10.25, 10.25, 17.75 ],
			"faces": {
				"down": { "uv": [ 2, 9.8125, 2.125, 14.5625 ], "texture": "#aa_atlas" },
				"up": { "uv": [ 2, 9.8125, 2.125, 5.0625 ], "texture": "#aa_atlas" },
				"west": { "uv": [ 3.25, 13.4375, 8, 13.5 ], "texture": "#aa_atlas" },
				"east": { "uv": [ 12.75, 13.5625, 8, 13.625 ], "texture": "#aa_atlas" }
			}
		},
		{
			"__comment": "Voxels",
			"from": [ 10, 6, -1.25 ],
			"to": [ 10.5, 6.25, 17.75 ],
			"faces": {
				"down": { "uv": [ 1.875, 0.3125, 2, 5.0625 ], "texture": "#aa_atlas" },
				"up": { "uv": [ 1.875, 14.5625, 2, 9.8125 ], "texture": "#aa_atlas" },
				"west": { "uv": [ 3.25, 13.5, 8, 13.5625 ], "texture": "#aa_atlas" },
				"east": { "uv": [ 8, 13.5625, 3.25, 13.625 ], "texture": "#aa_atlas" }
			}
		},
		{
			"__comment": "Voxels",
			"from": [ 10, 9.75, -1.25 ],
			"to": [ 10.5, 10, 17.75 ],
			"faces": {
				"down": { "uv": [ 1.875, 5.0625, 2, 9.8125 ], "texture": "#aa_atlas" },
				"up": { "uv": [ 2.125, 5.0625, 2.25, 0.3125 ], "texture": "#aa_atlas" },
				"west": { "uv": [ 8, 13.625, 12.75, 13.6875 ], "texture": "#aa_atlas" },
				"east": { "uv": [ 8, 13.625, 3.25, 13.6875 ], "texture": "#aa_atlas" }
			}
		},
		{
			"__comment": "Voxels",
			"from": [ 10.25, 6.25, -1.25 ],
			"to": [ 10.75, 6.5, 17.75 ],
			"faces": {
				"down": { "uv": [ 2, 0.3125, 2.125, 5.0625 ], "texture": "#aa_atlas" },
				"up": { "uv": [ 2.375, 4.9375, 2.5, 0.1875 ], "texture": "#aa_atlas" },
				"west": { "uv": [ 7.9375, 13.6875, 12.6875, 13.75 ], "texture": "#aa_atlas" },
				"east": { "uv": [ 7.9375, 13.6875, 3.1875, 13.75 ], "texture": "#aa_atlas" }
			}
		},
		{
			"__comment": "Voxels",
			"from": [ 10.25, 9.5, -1.25 ],
			"to": [ 10.75, 9.75, 17.75 ],
			"faces": {
				"down": { "uv": [ 2.125, 9.8125, 2.25, 14.5625 ], "texture": "#aa_atlas" },
				"up": { "uv": [ 1.75, 4.9375, 1.875, 0.1875 ], "texture": "#aa_atlas" },
				"west": { "uv": [ 7.9375, 13.75, 12.6875, 13.8125 ], "texture": "#aa_atlas" },
				"east": { "uv": [ 7.9375, 13.75, 3.1875, 13.8125 ], "texture": "#aa_atlas" }
			}
		},
		{
			"__comment": "Voxels",
			"from": [ 10.5, 6.5, -1.25 ],
			"to": [ 10.75, 7.25, -1 ],
			"faces": {
				"up": { "uv": [ 2.75, 2.9375, 2.8125, 2.875 ], "texture": "#aa_atlas" },
				"north": { "uv": [ 16, 15.3125, 15.9375, 15.5 ], "texture": "#aa_atlas" },
				"south": { "uv": [ 15.8125, 15.5, 15.875, 15.6875 ], "texture": "#aa_atlas" },
				"west": { "uv": [ 15.75, 15.6875, 15.8125, 15.875 ], "texture": "#aa_atlas" },
				"east": { "uv": [ 15.375, 14.6875, 15.3125, 14.875 ], "texture": "#aa_atlas" }
			}
		},
		{
			"__comment": "Voxels",
			"from": [ 10.5, 6.5, -1 ],
			"to": [ 10.75, 7, 17.75 ],
			"faces": {
				"up": { "uv": [ 3.4375, 8.3125, 3.5, 3.625 ], "texture": "#aa_atlas" },
				"west": { "uv": [ 2.625, 14.3125, 7.3125, 14.4375 ], "texture": "#aa_atlas" },
				"east": { "uv": [ 12, 14.3125, 7.3125, 14.4375 ], "texture": "#aa_atlas" }
			}
		},
		{
			"__comment": "Voxels",
			"from": [ 10.5, 8.75, -1.25 ],
			"to": [ 11, 9.25, -1 ],
			"faces": {
				"down": { "uv": [ 15.75, 14.1875, 15.875, 14.25 ], "texture": "#aa_atlas" },
				"up": { "uv": [ 15.875, 14.25, 16, 14.1875 ], "texture": "#aa_atlas" },
				"north": { "uv": [ 1.125, 0, 1, 0.125 ], "texture": "#aa_atlas" },
				"south": { "uv": [ 0.875, 0, 1, 0.125 ], "texture": "#aa_atlas" },
				"west": { "uv": [ 2.75, 4.0625, 2.8125, 4.1875 ], "texture": "#aa_atlas" },
				"east": { "uv": [ 2.8125, 3.9375, 2.75, 4.0625 ], "texture": "#aa_atlas" }
			}
		},
		{
			"__comment": "Voxels",
			"from": [ 10.5, 9, -1 ],
			"to": [ 11, 9.25, 17.75 ],
			"faces": {
				"down": { "uv": [ 2.625, 9.625, 2.75, 14.3125 ], "texture": "#aa_atlas" },
				"up": { "uv": [ 2.5, 4.9375, 2.625, 0.25 ], "texture": "#aa_atlas" },
				"west": { "uv": [ 3.5, 12.9375, 8.1875, 13 ], "texture": "#aa_atlas" },
				"east": { "uv": [ 8.0625, 13.125, 3.375, 13.1875 ], "texture": "#aa_atlas" }
			}
		},
		{
			"__comment": "Voxels",
			"from": [ 10.5, 9.25, -1.25 ],
			"to": [ 10.75, 9.5, 17.75 ],
			"faces": {
				"down": { "uv": [ 3, 9.0625, 3.0625, 13.8125 ], "texture": "#aa_atlas" },
				"west": { "uv": [ 8, 13.5, 12.75, 13.5625 ], "texture": "#aa_atlas" },
				"east": { "uv": [ 12.75, 13.1875, 8, 13.25 ], "texture": "#aa_atlas" }
			}
		},
		{
			"__comment": "Voxels",
			"from": [ 10.75, 6.75, -1.25 ],
			"to": [ 11, 8.75, 17.75 ],
			"faces": {
				"down": { "uv": [ 3.25, 8.4375, 3.3125, 13.1875 ], "texture": "#aa_atlas" },
				"up": { "uv": [ 3.1875, 8.9375, 3.25, 4.1875 ], "texture": "#aa_atlas" },
				"north": { "uv": [ 0.75, 0.6875, 0.6875, 1.1875 ], "texture": "#aa_atlas" },
				"south": { "uv": [ 0.625, 0.6875, 0.6875, 1.1875 ], "texture": "#aa_atlas" },
				"west": { "uv": [ 6, 15.5, 10.75, 16 ], "texture": "#aa_atlas" },
				"east": { "uv": [ 6, 15.5, 1.25, 16 ], "texture": "#aa_atlas" }
			}
		},
		{
			"__comment": "Voxels",
			"from": [ 10.75, 6.75, 17.75 ],
			"to": [ 11, 7, 18 ],
			"faces": {
				"down": { "uv": [ 2.75, 0.6875, 2.8125, 0.75 ], "texture": "#aa_atlas" },
				"south": { "uv": [ 2.75, 0.5, 2.8125, 0.5625 ], "texture": "#aa_atlas" },
				"east": { "uv": [ 2.8125, 0.375, 2.75, 0.4375 ], "texture": "#aa_atlas" }
			}
		},
		{
			"__comment": "Voxels",
			"from": [ 10.75, 8.75, -1 ],
			"to": [ 11, 9, 17.75 ],
			"faces": {
				"west": { "uv": [ 8.0625, 13.0625, 12.75, 13.125 ], "texture": "#aa_atlas" },
				"east": { "uv": [ 8.0625, 13, 3.375, 13.0625 ], "texture": "#aa_atlas" }
			}
		},
		{
			"__comment": "Voxels",
			"from": [ 11, 7.75, -1.25 ],
			"to": [ 11.25, 8.25, 18 ],
			"faces": {
				"down": { "uv": [ 2.8125, 9.3125, 2.875, 14.125 ], "texture": "#aa_atlas" },
				"up": { "uv": [ 2.875, 9.25, 2.9375, 4.4375 ], "texture": "#aa_atlas" },
				"south": { "uv": [ 15.875, 14.75, 15.9375, 14.875 ], "texture": "#aa_atlas" },
				"west": { "uv": [ 4.125, 14.875, 8.9375, 15 ], "texture": "#aa_atlas" },
				"east": { "uv": [ 10.75, 15.1875, 5.9375, 15.3125 ], "texture": "#aa_atlas" }
			}
		}
	],
	"display": {
		"thirdperson_righthand": {
			"scale":  [ 0.2, 0.2, 0.2 ]
		},
		"thirdperson_lefthand": {
			"scale":  [ 0.0001, 0.0001, 0.0001 ]
		},
		"firstperson_righthand": {
			"rotation":  [ 61, 2, 74 ],
			"translation":  [ 18.086, -9.734, -20.86 ]
		},
		"firstperson_lefthand": {
			"scale":  [ 0.0001, 0.0001, 0.0001 ]
		},
		"gui": {
			"rotation":  [ 44, 28, -44 ]
		},
		"ground": {
			"scale":  [ 0.2, 0.2, 0.2 ]
		}
	}
}