{
	"__comment": "Designed by EFM",
	"textures": {
		"particle": "blocks/e_particle",
		"texture": "blocks/e_texture",
		"dogtags_atlas": "efm/dogtags"
	},
	"elements": [ 	 
		{
			"__comment": "Voxels",
			"from": [ 2, 2.75, 7.75 ],
			"to": [ 8.25, 3.25, 8 ],
			"faces": {
				"down": { "uv": [ 9, 15.625, 12.125, 15.75 ], "texture": "#dogtags_atlas" },
				"up": { "uv": [ 9, 15.625, 12.125, 15.5 ], "texture": "#dogtags_atlas" },
				"north": { "uv": [ 9, 15.75, 5.875, 16 ], "texture": "#dogtags_atlas" },
				"south": { "uv": [ 9, 15.75, 12.125, 16 ], "texture": "#dogtags_atlas" },
				"west": { "uv": [ 2.75, 9.5, 2.875, 9.75 ], "texture": "#dogtags_atlas" },
				"east": { "uv": [ 2.875, 9.25, 2.75, 9.5 ], "texture": "#dogtags_atlas" }
			}
		},
		{
			"__comment": "Voxels",
			"from": [ 2.25, 2, 7.75 ],
			"to": [ 8, 2.75, 8 ],
			"faces": {
				"down": { "uv": [ 2.875, 11.875, 5.75, 12 ], "texture": "#dogtags_atlas" },
				"north": { "uv": [ 2.875, 12.875, 0, 13.25 ], "texture": "#dogtags_atlas" },
				"south": { "uv": [ 0, 12.5, 2.875, 12.875 ], "texture": "#dogtags_atlas" },
				"west": { "uv": [ 1.625, 8.125, 1.75, 8.5 ], "texture": "#dogtags_atlas" },
				"east": { "uv": [ 6.375, 8, 6.25, 8.375 ], "texture": "#dogtags_atlas" }
			}
		},
		{
			"__comment": "Voxels",
			"from": [ 2.25, 2, 8 ],
			"to": [ 5.75, 2.25, 8.25 ],
			"faces": {
				"down": { "uv": [ 5.875, 13.875, 7.625, 14 ], "texture": "#dogtags_atlas" },
				"up": { "uv": [ 5.875, 13.875, 7.625, 13.75 ], "texture": "#dogtags_atlas" },
				"south": { "uv": [ 5.875, 12.75, 7.625, 12.875 ], "texture": "#dogtags_atlas" },
				"west": { "uv": [ 5.75, 11.875, 5.875, 12 ], "texture": "#dogtags_atlas" },
				"east": { "uv": [ 5.875, 11.75, 5.75, 11.875 ], "texture": "#dogtags_atlas" }
			}
		},
		{
			"__comment": "Voxels",
			"from": [ 2.25, 2.25, 8 ],
			"to": [ 3, 2.5, 8.25 ],
			"faces": {
				"up": { "uv": [ 5.5, 10, 5.875, 9.875 ], "texture": "#dogtags_atlas" },
				"south": { "uv": [ 5.5, 9.625, 5.875, 9.75 ], "texture": "#dogtags_atlas" },
				"west": { "uv": [ 5.75, 11.625, 5.875, 11.75 ], "texture": "#dogtags_atlas" },
				"east": { "uv": [ 5.875, 11.5, 5.75, 11.625 ], "texture": "#dogtags_atlas" }
			}
		},
		{
			"__comment": "Voxels",
			"from": [ 2.25, 3.25, 7.75 ],
			"to": [ 8, 4.75, 8 ],
			"faces": {
				"up": { "uv": [ 2.875, 11.375, 5.75, 11.25 ], "texture": "#dogtags_atlas" },
				"north": { "uv": [ 2.875, 15.25, 0, 16 ], "texture": "#dogtags_atlas" },
				"south": { "uv": [ 0, 14.5, 2.875, 15.25 ], "texture": "#dogtags_atlas" },
				"west": { "uv": [ 6, 10.375, 6.125, 11.125 ], "texture": "#dogtags_atlas" },
				"east": { "uv": [ 6, 10.375, 5.875, 11.125 ], "texture": "#dogtags_atlas" }
			}
		},
		{
			"__comment": "Voxels",
			"from": [ 2.25, 4, 7.5 ],
			"to": [ 8.25, 4.75, 7.75 ],
			"faces": {
				"down": { "uv": [ 2.875, 13, 5.875, 13.125 ], "texture": "#dogtags_atlas" },
				"up": { "uv": [ 2.875, 13, 5.875, 12.875 ], "texture": "#dogtags_atlas" },
				"north": { "uv": [ 5.875, 14, 2.875, 14.375 ], "texture": "#dogtags_atlas" },
				"south": { "uv": [ 2.875, 13.625, 5.875, 14 ], "texture": "#dogtags_atlas" },
				"west": { "uv": [ 7, 8.625, 7.125, 9 ], "texture": "#dogtags_atlas" },
				"east": { "uv": [ 7.125, 8.25, 7, 8.625 ], "texture": "#dogtags_atlas" }
			}
		},
		{
			"__comment": "Voxels",
			"from": [ 2.25, 5.5, 7.5 ],
			"to": [ 8.5, 6, 7.75 ],
			"faces": {
				"down": { "uv": [ 12.125, 15.5, 15.25, 15.625 ], "texture": "#dogtags_atlas" },
				"up": { "uv": [ 12.125, 15.75, 15.25, 15.625 ], "texture": "#dogtags_atlas" },
				"north": { "uv": [ 15.25, 15.75, 12.125, 16 ], "texture": "#dogtags_atlas" },
				"south": { "uv": [ 5.875, 15.5, 9, 15.75 ], "texture": "#dogtags_atlas" },
				"west": { "uv": [ 7.875, 9.375, 8, 9.625 ], "texture": "#dogtags_atlas" },
				"east": { "uv": [ 6.625, 8, 6.5, 8.25 ], "texture": "#dogtags_atlas" }
			}
		},
		{
			"__comment": "Voxels",
			"from": [ 2.25, 6, 7.5 ],
			"to": [ 8.25, 6.25, 7.75 ],
			"faces": {
				"up": { "uv": [ 2.875, 12.375, 5.875, 12.25 ], "texture": "#dogtags_atlas" },
				"north": { "uv": [ 5.875, 13.125, 2.875, 13.25 ], "texture": "#dogtags_atlas" },
				"south": { "uv": [ 2.875, 12, 5.875, 12.125 ], "texture": "#dogtags_atlas" },
				"west": { "uv": [ 5.75, 11.375, 5.875, 11.5 ], "texture": "#dogtags_atlas" },
				"east": { "uv": [ 5.875, 11.25, 5.75, 11.375 ], "texture": "#dogtags_atlas" }
			}
		},
		{
			"__comment": "Voxels",
			"from": [ 2.5, 1.25, 7.75 ],
			"to": [ 7.75, 2, 8.25 ],
			"faces": {
				"down": { "uv": [ 0, 9.75, 2.625, 10 ], "texture": "#dogtags_atlas" },
				"up": { "uv": [ 0, 10.25, 2.625, 10 ], "texture": "#dogtags_atlas" },
				"north": { "uv": [ 2.625, 11.375, 0, 11.75 ], "texture": "#dogtags_atlas" },
				"south": { "uv": [ 0, 11, 2.625, 11.375 ], "texture": "#dogtags_atlas" },
				"west": { "uv": [ 2.625, 11.375, 2.875, 11.75 ], "texture": "#dogtags_atlas" },
				"east": { "uv": [ 5.5, 8.25, 5.25, 8.625 ], "texture": "#dogtags_atlas" }
			}
		},
		{
			"__comment": "Voxels",
			"from": [ 2.5, 4.75, 7.5 ],
			"to": [ 8.25, 5.5, 7.75 ],
			"faces": {
				"north": { "uv": [ 2.875, 12.125, 0, 12.5 ], "texture": "#dogtags_atlas" },
				"south": { "uv": [ 0, 11.75, 2.875, 12.125 ], "texture": "#dogtags_atlas" },
				"west": { "uv": [ 7.5, 8.625, 7.625, 9 ], "texture": "#dogtags_atlas" },
				"east": { "uv": [ 7.75, 8.625, 7.625, 9 ], "texture": "#dogtags_atlas" }
			}
		},
		{
			"__comment": "Voxels",
			"from": [ 2.5, 4.75, 7.75 ],
			"to": [ 7.25, 5, 8 ],
			"faces": {
				"up": { "uv": [ 2.875, 8.75, 5.25, 8.625 ], "texture": "#dogtags_atlas" },
				"south": { "uv": [ 2.875, 8.25, 5.25, 8.375 ], "texture": "#dogtags_atlas" },
				"west": { "uv": [ 7.875, 15.125, 8, 15.25 ], "texture": "#dogtags_atlas" },
				"east": { "uv": [ 8, 15, 7.875, 15.125 ], "texture": "#dogtags_atlas" }
			}
		},
		{
			"__comment": "Voxels",
			"from": [ 2.5, 5, 7.75 ],
			"to": [ 4.25, 5.25, 8 ],
			"faces": {
				"up": { "uv": [ 1.75, 8.5, 2.625, 8.375 ], "texture": "#dogtags_atlas" },
				"south": { "uv": [ 1.75, 8.625, 2.625, 8.75 ], "texture": "#dogtags_atlas" },
				"west": { "uv": [ 7.875, 14.875, 8, 15 ], "texture": "#dogtags_atlas" },
				"east": { "uv": [ 8, 14.75, 7.875, 14.875 ], "texture": "#dogtags_atlas" }
			}
		},
		{
			"__comment": "Voxels",
			"from": [ 2.5, 6.25, 7.5 ],
			"to": [ 8.5, 7.5, 7.75 ],
			"faces": {
				"down": { "uv": [ 2.875, 12.125, 5.875, 12.25 ], "texture": "#dogtags_atlas" },
				"up": { "uv": [ 2.875, 12.625, 5.875, 12.5 ], "texture": "#dogtags_atlas" },
				"north": { "uv": [ 5.875, 15.375, 2.875, 16 ], "texture": "#dogtags_atlas" },
				"south": { "uv": [ 2.875, 14.75, 5.875, 15.375 ], "texture": "#dogtags_atlas" },
				"west": { "uv": [ 5.625, 8, 5.75, 8.625 ], "texture": "#dogtags_atlas" },
				"east": { "uv": [ 5.875, 8, 5.75, 8.625 ], "texture": "#dogtags_atlas" }
			}
		},
		{
			"__comment": "Voxels",
			"from": [ 2.5, 6.75, 7.25 ],
			"to": [ 8.5, 7.5, 7.5 ],
			"faces": {
				"down": { "uv": [ 2.875, 12.75, 5.875, 12.875 ], "texture": "#dogtags_atlas" },
				"up": { "uv": [ 2.875, 12.75, 5.875, 12.625 ], "texture": "#dogtags_atlas" },
				"north": { "uv": [ 5.875, 13.25, 2.875, 13.625 ], "texture": "#dogtags_atlas" },
				"west": { "uv": [ 7.75, 8.625, 7.875, 9 ], "texture": "#dogtags_atlas" },
				"east": { "uv": [ 8, 8.625, 7.875, 9 ], "texture": "#dogtags_atlas" }
			}
		},
		{
			"__comment": "Voxels",
			"from": [ 2.75, 1, 7.75 ],
			"to": [ 7.5, 1.25, 8.25 ],
			"faces": {
				"down": { "uv": [ 0, 9.25, 2.375, 9.5 ], "texture": "#dogtags_atlas" },
				"north": { "uv": [ 5.25, 8.5, 2.875, 8.625 ], "texture": "#dogtags_atlas" },
				"south": { "uv": [ 2.875, 8.375, 5.25, 8.5 ], "texture": "#dogtags_atlas" },
				"west": { "uv": [ 5.625, 10.875, 5.875, 11 ], "texture": "#dogtags_atlas" },
				"east": { "uv": [ 5.875, 10.75, 5.625, 10.875 ], "texture": "#dogtags_atlas" }
			}
		},
		{
			"__comment": "Voxels",
			"from": [ 2.75, 7.5, 7.25 ],
			"to": [ 8.25, 8.75, 7.5 ],
			"faces": {
				"up": { "uv": [ 2.875, 10.625, 5.625, 10.5 ], "texture": "#dogtags_atlas" },
				"north": { "uv": [ 2.75, 13.25, 0, 13.875 ], "texture": "#dogtags_atlas" },
				"south": { "uv": [ 0, 13.875, 2.75, 14.5 ], "texture": "#dogtags_atlas" },
				"west": { "uv": [ 5.875, 9.75, 6, 10.375 ], "texture": "#dogtags_atlas" },
				"east": { "uv": [ 6, 9.125, 5.875, 9.75 ], "texture": "#dogtags_atlas" }
			}
		},
		{
			"__comment": "Voxels",
			"from": [ 2.75, 7.5, 7.5 ],
			"to": [ 8.25, 7.75, 7.75 ],
			"faces": {
				"up": { "uv": [ 2.875, 11, 5.625, 10.875 ], "texture": "#dogtags_atlas" },
				"south": { "uv": [ 2.875, 11.125, 5.625, 11.25 ], "texture": "#dogtags_atlas" },
				"west": { "uv": [ 7.875, 14.625, 8, 14.75 ], "texture": "#dogtags_atlas" },
				"east": { "uv": [ 8, 14.5, 7.875, 14.625 ], "texture": "#dogtags_atlas" }
			}
		},
		{
			"__comment": "Voxels",
			"from": [ 2.75, 7.75, 7.5 ],
			"to": [ 6.5, 8, 7.75 ],
			"faces": {
				"up": { "uv": [ 5.875, 14.375, 7.75, 14.25 ], "texture": "#dogtags_atlas" },
				"south": { "uv": [ 5.875, 14, 7.75, 14.125 ], "texture": "#dogtags_atlas" },
				"west": { "uv": [ 7.875, 12.625, 8, 12.75 ], "texture": "#dogtags_atlas" },
				"east": { "uv": [ 8, 12.5, 7.875, 12.625 ], "texture": "#dogtags_atlas" }
			}
		},
		{
			"__comment": "Voxels",
			"from": [ 3, 0.25, 8 ],
			"to": [ 7, 1, 8.25 ],
			"faces": {
				"down": { "uv": [ 5.875, 15.125, 7.875, 15.25 ], "texture": "#dogtags_atlas" },
				"north": { "uv": [ 2, 10.625, 0, 11 ], "texture": "#dogtags_atlas" },
				"south": { "uv": [ 0, 10.25, 2, 10.625 ], "texture": "#dogtags_atlas" },
				"west": { "uv": [ 7.25, 8.25, 7.375, 8.625 ], "texture": "#dogtags_atlas" },
				"east": { "uv": [ 7.5, 8.25, 7.375, 8.625 ], "texture": "#dogtags_atlas" }
			}
		},
		{
			"__comment": "Voxels",
			"from": [ 3, 3.75, 7.5 ],
			"to": [ 8.25, 4, 7.75 ],
			"faces": {
				"down": { "uv": [ 2.875, 10, 5.5, 10.125 ], "texture": "#dogtags_atlas" },
				"north": { "uv": [ 5.5, 9.75, 2.875, 9.875 ], "texture": "#dogtags_atlas" },
				"south": { "uv": [ 2.875, 9.875, 5.5, 10 ], "texture": "#dogtags_atlas" },
				"west": { "uv": [ 7.875, 12.375, 8, 12.5 ], "texture": "#dogtags_atlas" },
				"east": { "uv": [ 8, 12.25, 7.875, 12.375 ], "texture": "#dogtags_atlas" }
			}
		},
		{
			"__comment": "Voxels",
			"from": [ 3, 8.75, 7.25 ],
			"to": [ 8.25, 9, 7.5 ],
			"faces": {
				"up": { "uv": [ 2.875, 9.75, 5.5, 9.625 ], "texture": "#dogtags_atlas" },
				"north": { "uv": [ 5.5, 10.125, 2.875, 10.25 ], "texture": "#dogtags_atlas" },
				"south": { "uv": [ 2.875, 9.5, 5.5, 9.625 ], "texture": "#dogtags_atlas" },
				"west": { "uv": [ 6.75, 10.875, 6.875, 11 ], "texture": "#dogtags_atlas" },
				"east": { "uv": [ 6.875, 10.75, 6.75, 10.875 ], "texture": "#dogtags_atlas" }
			}
		},
		{
			"__comment": "Voxels",
			"from": [ 3, 9, 7.25 ],
			"to": [ 8, 9.25, 7.5 ],
			"faces": {
				"up": { "uv": [ 2.875, 9.5, 5.375, 9.375 ], "texture": "#dogtags_atlas" },
				"north": { "uv": [ 5.375, 9, 2.875, 9.125 ], "texture": "#dogtags_atlas" },
				"south": { "uv": [ 2.875, 9.25, 5.375, 9.375 ], "texture": "#dogtags_atlas" },
				"west": { "uv": [ 6.75, 10.625, 6.875, 10.75 ], "texture": "#dogtags_atlas" },
				"east": { "uv": [ 6.875, 10.5, 6.75, 10.625 ], "texture": "#dogtags_atlas" }
			}
		},
		{
			"__comment": "Voxels",
			"from": [ 3.25, 0, 8 ],
			"to": [ 6.75, 0.25, 8.25 ],
			"faces": {
				"down": { "uv": [ 5.875, 13.25, 7.625, 13.375 ], "texture": "#dogtags_atlas" },
				"north": { "uv": [ 7.625, 13.5, 5.875, 13.625 ], "texture": "#dogtags_atlas" },
				"south": { "uv": [ 5.875, 13, 7.625, 13.125 ], "texture": "#dogtags_atlas" },
				"west": { "uv": [ 6.75, 10.375, 6.875, 10.5 ], "texture": "#dogtags_atlas" },
				"east": { "uv": [ 7, 8, 6.875, 8.125 ], "texture": "#dogtags_atlas" }
			}
		},
		{
			"__comment": "Voxels",
			"from": [ 3.25, 9.25, 7.25 ],
			"to": [ 7.5, 9.5, 7.5 ],
			"faces": {
				"up": { "uv": [ 2.875, 8.25, 5, 8.125 ], "texture": "#dogtags_atlas" },
				"north": { "uv": [ 8, 15.375, 5.875, 15.5 ], "texture": "#dogtags_atlas" },
				"south": { "uv": [ 5.875, 15.25, 8, 15.375 ], "texture": "#dogtags_atlas" },
				"west": { "uv": [ 8.25, 10.375, 8.375, 10.5 ], "texture": "#dogtags_atlas" },
				"east": { "uv": [ 8.375, 10.25, 8.25, 10.375 ], "texture": "#dogtags_atlas" }
			}
		},
		{
			"__comment": "Voxels",
			"from": [ 3.75, 9.5, 7 ],
			"to": [ 7.25, 9.75, 7.5 ],
			"faces": {
				"down": { "uv": [ 0, 8.75, 1.75, 9 ], "texture": "#dogtags_atlas" },
				"up": { "uv": [ 0, 9.25, 1.75, 9 ], "texture": "#dogtags_atlas" },
				"north": { "uv": [ 7.625, 12.875, 5.875, 13 ], "texture": "#dogtags_atlas" },
				"south": { "uv": [ 5.875, 13.375, 7.625, 13.5 ], "texture": "#dogtags_atlas" },
				"west": { "uv": [ 7.75, 9.75, 8, 9.875 ], "texture": "#dogtags_atlas" },
				"east": { "uv": [ 8, 9.625, 7.75, 9.75 ], "texture": "#dogtags_atlas" }
			}
		},
		{
			"__comment": "Voxels",
			"from": [ 4, -0.25, 8 ],
			"to": [ 6.5, 0, 8.25 ],
			"faces": {
				"down": { "uv": [ 6.375, 11.75, 7.625, 11.875 ], "texture": "#dogtags_atlas" },
				"north": { "uv": [ 7.625, 11.875, 6.375, 12 ], "texture": "#dogtags_atlas" },
				"south": { "uv": [ 6.375, 12.125, 7.625, 12.25 ], "texture": "#dogtags_atlas" },
				"west": { "uv": [ 8.25, 10.125, 8.375, 10.25 ], "texture": "#dogtags_atlas" },
				"east": { "uv": [ 8.375, 10, 8.25, 10.125 ], "texture": "#dogtags_atlas" }
			}
		},
		{
			"__comment": "Voxels",
			"from": [ 4.25, 9.75, 7 ],
			"to": [ 7, 10, 7.5 ],
			"faces": {
				"up": { "uv": [ 0, 8.75, 1.375, 8.5 ], "texture": "#dogtags_atlas" },
				"north": { "uv": [ 1.375, 8.125, 0, 8.25 ], "texture": "#dogtags_atlas" },
				"south": { "uv": [ 0, 8, 1.375, 8.125 ], "texture": "#dogtags_atlas" },
				"west": { "uv": [ 8, 10.125, 8.25, 10.25 ], "texture": "#dogtags_atlas" },
				"east": { "uv": [ 8.25, 10, 8, 10.125 ], "texture": "#dogtags_atlas" }
			}
		},
		{
			"__comment": "Voxels",
			"from": [ 4.5, 0.75, 7.75 ],
			"to": [ 7.5, 1, 8 ],
			"faces": {
				"down": { "uv": [ 6.375, 12.25, 7.875, 12.375 ], "texture": "#dogtags_atlas" },
				"north": { "uv": [ 7.875, 12.5, 6.375, 12.625 ], "texture": "#dogtags_atlas" },
				"south": { "uv": [ 6.375, 12.375, 7.875, 12.5 ], "texture": "#dogtags_atlas" },
				"west": { "uv": [ 8.25, 9.875, 8.375, 10 ], "texture": "#dogtags_atlas" },
				"east": { "uv": [ 8.375, 9.75, 8.25, 9.875 ], "texture": "#dogtags_atlas" }
			}
		},
		{
			"__comment": "Voxels",
			"from": [ 4.5, 6.5, 7.25 ],
			"to": [ 8.5, 6.75, 7.5 ],
			"faces": {
				"down": { "uv": [ 5.875, 15, 7.875, 15.125 ], "texture": "#dogtags_atlas" },
				"north": { "uv": [ 7.875, 14.75, 5.875, 14.875 ], "texture": "#dogtags_atlas" },
				"west": { "uv": [ 8.25, 9.625, 8.375, 9.75 ], "texture": "#dogtags_atlas" },
				"east": { "uv": [ 8.375, 9.5, 8.25, 9.625 ], "texture": "#dogtags_atlas" }
			}
		},
		{
			"__comment": "Voxels",
			"from": [ 4.75, -0.5, 8 ],
			"to": [ 5, -0.25, 8.25 ],
			"faces": {
				"down": { "uv": [ 8.25, 9.375, 8.375, 9.5 ], "texture": "#dogtags_atlas" },
				"north": { "uv": [ 8.375, 9.125, 8.25, 9.25 ], "texture": "#dogtags_atlas" },
				"south": { "uv": [ 8.25, 9, 8.375, 9.125 ], "texture": "#dogtags_atlas" },
				"west": { "uv": [ 8.25, 8.875, 8.375, 9 ], "texture": "#dogtags_atlas" },
				"east": { "uv": [ 8.375, 8.75, 8.25, 8.875 ], "texture": "#dogtags_atlas" }
			}
		},
		{
			"__comment": "Voxels",
			"from": [ 5, 10, 7 ],
			"to": [ 6.25, 10.25, 7.5 ],
			"faces": {
				"up": { "uv": [ 2, 11, 2.625, 10.75 ], "texture": "#dogtags_atlas" },
				"north": { "uv": [ 5.875, 8.625, 5.25, 8.75 ], "texture": "#dogtags_atlas" },
				"south": { "uv": [ 6.125, 10.875, 6.75, 11 ], "texture": "#dogtags_atlas" },
				"west": { "uv": [ 8, 8.625, 8.25, 8.75 ], "texture": "#dogtags_atlas" },
				"east": { "uv": [ 8.25, 8.5, 8, 8.625 ], "texture": "#dogtags_atlas" }
			}
		},
		{
			"__comment": "Voxels",
			"from": [ 5, 11.5, 6.5 ],
			"to": [ 5.5, 11.75, 6.75 ],
			"faces": {
				"down": { "uv": [ 8, 8.375, 8.25, 8.5 ], "texture": "#dogtags_atlas" },
				"up": { "uv": [ 8, 8.375, 8.25, 8.25 ], "texture": "#dogtags_atlas" },
				"north": { "uv": [ 8.25, 8.125, 8, 8.25 ], "texture": "#dogtags_atlas" },
				"south": { "uv": [ 8, 8, 8.25, 8.125 ], "texture": "#dogtags_atlas" },
				"west": { "uv": [ 8.25, 8.625, 8.375, 8.75 ], "texture": "#dogtags_atlas" },
				"east": { "uv": [ 8.375, 8.5, 8.25, 8.625 ], "texture": "#dogtags_atlas" }
			}
		},
		{
			"__comment": "Voxels",
			"from": [ 5.25, 9, 7 ],
			"to": [ 6, 9.5, 7.25 ],
			"faces": {
				"down": { "uv": [ 8, 13.125, 8.375, 13.25 ], "texture": "#dogtags_atlas" },
				"north": { "uv": [ 2.75, 9.5, 2.375, 9.75 ], "texture": "#dogtags_atlas" },
				"south": { "uv": [ 2.375, 9.25, 2.75, 9.5 ], "texture": "#dogtags_atlas" },
				"west": { "uv": [ 8.25, 10.5, 8.375, 10.75 ], "texture": "#dogtags_atlas" },
				"east": { "uv": [ 8.5, 15.125, 8.375, 15.375 ], "texture": "#dogtags_atlas" }
			}
		},
		{
			"__comment": "Voxels",
			"from": [ 5.25, 9.5, 6.75 ],
			"to": [ 5.75, 10.25, 7 ],
			"faces": {
				"down": { "uv": [ 8.875, 15.375, 9.125, 15.5 ], "texture": "#dogtags_atlas" },
				"up": { "uv": [ 9.125, 15.5, 9.375, 15.375 ], "texture": "#dogtags_atlas" },
				"north": { "uv": [ 2.875, 10.25, 2.625, 10.625 ], "texture": "#dogtags_atlas" },
				"south": { "uv": [ 1.375, 8.125, 1.625, 8.5 ], "texture": "#dogtags_atlas" },
				"west": { "uv": [ 8, 12.125, 8.125, 12.5 ], "texture": "#dogtags_atlas" },
				"east": { "uv": [ 8.25, 12.125, 8.125, 12.5 ], "texture": "#dogtags_atlas" }
			}
		},
		{
			"__comment": "Voxels",
			"from": [ 5.25, 10.25, 6.75 ],
			"to": [ 5.5, 13.5, 7 ],
			"faces": {
				"up": { "uv": [ 8.25, 8.375, 8.375, 8.25 ], "texture": "#dogtags_atlas" },
				"north": { "uv": [ 6, 11.125, 5.875, 12.75 ], "texture": "#dogtags_atlas" },
				"south": { "uv": [ 6.25, 11.125, 6.375, 12.75 ], "texture": "#dogtags_atlas" },
				"west": { "uv": [ 6, 11.125, 6.125, 12.75 ], "texture": "#dogtags_atlas" },
				"east": { "uv": [ 6.25, 11.125, 6.125, 12.75 ], "texture": "#dogtags_atlas" }
			}
		},
		{
			"__comment": "Voxels",
			"from": [ 5.25, 10.5, 6.5 ],
			"to": [ 5.5, 11.5, 6.75 ],
			"faces": {
				"down": { "uv": [ 8.25, 8.125, 8.375, 8.25 ], "texture": "#dogtags_atlas" },
				"north": { "uv": [ 6.875, 9.375, 6.75, 9.875 ], "texture": "#dogtags_atlas" },
				"west": { "uv": [ 7, 9.375, 7.125, 9.875 ], "texture": "#dogtags_atlas" },
				"east": { "uv": [ 7.25, 9.375, 7.125, 9.875 ], "texture": "#dogtags_atlas" }
			}
		},
		{
			"__comment": "Voxels",
			"from": [ 5.25, 11.75, 6.5 ],
			"to": [ 5.5, 13.25, 6.75 ],
			"faces": {
				"up": { "uv": [ 8.375, 8.125, 8.5, 8 ], "texture": "#dogtags_atlas" },
				"north": { "uv": [ 7, 10.375, 6.875, 11.125 ], "texture": "#dogtags_atlas" },
				"west": { "uv": [ 7.125, 10.375, 7.25, 11.125 ], "texture": "#dogtags_atlas" },
				"east": { "uv": [ 7.375, 10.375, 7.25, 11.125 ], "texture": "#dogtags_atlas" }
			}
		},
		{
			"__comment": "Voxels",
			"from": [ 5.5, 8, 7.5 ],
			"to": [ 6.25, 8.5, 7.75 ],
			"faces": {
				"up": { "uv": [ 8, 11.25, 8.375, 11.125 ], "texture": "#dogtags_atlas" },
				"south": { "uv": [ 2.5, 8, 2.875, 8.25 ], "texture": "#dogtags_atlas" },
				"west": { "uv": [ 8.375, 13.875, 8.5, 14.125 ], "texture": "#dogtags_atlas" },
				"east": { "uv": [ 8.5, 13.625, 8.375, 13.875 ], "texture": "#dogtags_atlas" }
			}
		},
		{
			"__comment": "Voxels",
			"from": [ 5.5, 8.5, 7.5 ],
			"to": [ 6, 8.75, 7.75 ],
			"faces": {
				"up": { "uv": [ 10.125, 15.5, 10.375, 15.375 ], "texture": "#dogtags_atlas" },
				"south": { "uv": [ 10.625, 15.375, 10.875, 15.5 ], "texture": "#dogtags_atlas" },
				"west": { "uv": [ 8.75, 15.125, 8.875, 15.25 ], "texture": "#dogtags_atlas" },
				"east": { "uv": [ 9, 15.125, 8.875, 15.25 ], "texture": "#dogtags_atlas" }
			}
		},
		{
			"__comment": "Voxels",
			"from": [ 5.5, 8.75, 7 ],
			"to": [ 5.75, 9, 7.25 ],
			"faces": {
				"down": { "uv": [ 9, 15.125, 9.125, 15.25 ], "texture": "#dogtags_atlas" },
				"north": { "uv": [ 9.375, 15.125, 9.25, 15.25 ], "texture": "#dogtags_atlas" },
				"west": { "uv": [ 9.5, 15.125, 9.625, 15.25 ], "texture": "#dogtags_atlas" },
				"east": { "uv": [ 9.75, 15.125, 9.625, 15.25 ], "texture": "#dogtags_atlas" }
			}
		},
		{
			"__comment": "Voxels",
			"from": [ 5.5, 13.25, 6.75 ],
			"to": [ 5.75, 14.25, 7 ],
			"faces": {
				"down": { "uv": [ 9.75, 15.125, 9.875, 15.25 ], "texture": "#dogtags_atlas" },
				"up": { "uv": [ 9.875, 15.25, 10, 15.125 ], "texture": "#dogtags_atlas" },
				"north": { "uv": [ 6.5, 8.375, 6.375, 8.875 ], "texture": "#dogtags_atlas" },
				"south": { "uv": [ 6.375, 8.875, 6.5, 9.375 ], "texture": "#dogtags_atlas" },
				"west": { "uv": [ 6.25, 9.375, 6.375, 9.875 ], "texture": "#dogtags_atlas" },
				"east": { "uv": [ 6.25, 8.5, 6.125, 9 ], "texture": "#dogtags_atlas" }
			}
		},
		{
			"__comment": "Voxels",
			"from": [ 5.75, 8.75, 7.5 ],
			"to": [ 6, 9, 7.75 ],
			"faces": {
				"up": { "uv": [ 10.125, 15.25, 10.25, 15.125 ], "texture": "#dogtags_atlas" },
				"south": { "uv": [ 10.375, 15.125, 10.5, 15.25 ], "texture": "#dogtags_atlas" },
				"west": { "uv": [ 10.5, 15.125, 10.625, 15.25 ], "texture": "#dogtags_atlas" },
				"east": { "uv": [ 10.75, 15.125, 10.625, 15.25 ], "texture": "#dogtags_atlas" }
			}
		},
		{
			"__comment": "Voxels",
			"from": [ 5.75, 13.5, 6.75 ],
			"to": [ 6, 14.25, 7 ],
			"faces": {
				"down": { "uv": [ 10.75, 15.125, 10.875, 15.25 ], "texture": "#dogtags_atlas" },
				"up": { "uv": [ 10.875, 15.25, 11, 15.125 ], "texture": "#dogtags_atlas" },
				"north": { "uv": [ 7.625, 8.25, 7.5, 8.625 ], "texture": "#dogtags_atlas" },
				"south": { "uv": [ 7.625, 8.25, 7.75, 8.625 ], "texture": "#dogtags_atlas" },
				"east": { "uv": [ 8, 8.25, 7.875, 8.625 ], "texture": "#dogtags_atlas" }
			}
		},
		{
			"__comment": "Voxels",
			"from": [ 6, 3.5, 7.5 ],
			"to": [ 8.25, 3.75, 7.75 ],
			"faces": {
				"down": { "uv": [ 1.75, 9, 2.875, 9.125 ], "texture": "#dogtags_atlas" },
				"north": { "uv": [ 2.875, 8.875, 1.75, 9 ], "texture": "#dogtags_atlas" },
				"south": { "uv": [ 1.75, 8.75, 2.875, 8.875 ], "texture": "#dogtags_atlas" },
				"west": { "uv": [ 11, 15.125, 11.125, 15.25 ], "texture": "#dogtags_atlas" },
				"east": { "uv": [ 11.25, 15.125, 11.125, 15.25 ], "texture": "#dogtags_atlas" }
			}
		},
		{
			"__comment": "Voxels",
			"from": [ 6, 7, 7.75 ],
			"to": [ 6.75, 7.25, 8 ],
			"faces": {
				"down": { "uv": [ 7.625, 11.75, 8, 11.875 ], "texture": "#dogtags_atlas" },
				"up": { "uv": [ 7.625, 11.75, 8, 11.625 ], "texture": "#dogtags_atlas" },
				"south": { "uv": [ 7.625, 11.125, 8, 11.25 ], "texture": "#dogtags_atlas" },
				"west": { "uv": [ 11.25, 15.125, 11.375, 15.25 ], "texture": "#dogtags_atlas" },
				"east": { "uv": [ 11.5, 15.125, 11.375, 15.25 ], "texture": "#dogtags_atlas" }
			}
		},
		{
			"__comment": "Voxels",
			"from": [ 6, 7.5, 7.75 ],
			"to": [ 6.5, 7.75, 8 ],
			"faces": {
				"down": { "uv": [ 8.5, 15.25, 8.75, 15.375 ], "texture": "#dogtags_atlas" },
				"up": { "uv": [ 8.75, 15.375, 9, 15.25 ], "texture": "#dogtags_atlas" },
				"south": { "uv": [ 9.25, 15.25, 9.5, 15.375 ], "texture": "#dogtags_atlas" },
				"west": { "uv": [ 11.5, 15.125, 11.625, 15.25 ], "texture": "#dogtags_atlas" },
				"east": { "uv": [ 11.75, 15.125, 11.625, 15.25 ], "texture": "#dogtags_atlas" }
			}
		},
		{
			"__comment": "Voxels",
			"from": [ 6, 7.75, 7.75 ],
			"to": [ 6.25, 8.25, 8 ],
			"faces": {
				"up": { "uv": [ 11.875, 15.25, 12, 15.125 ], "texture": "#dogtags_atlas" },
				"north": { "uv": [ 8.5, 11.875, 8.375, 12.125 ], "texture": "#dogtags_atlas" },
				"south": { "uv": [ 8.375, 11.625, 8.5, 11.875 ], "texture": "#dogtags_atlas" },
				"west": { "uv": [ 8.375, 11.375, 8.5, 11.625 ], "texture": "#dogtags_atlas" },
				"east": { "uv": [ 8.5, 11.125, 8.375, 11.375 ], "texture": "#dogtags_atlas" }
			}
		},
		{
			"__comment": "Voxels",
			"from": [ 6, 9.25, 7 ],
			"to": [ 7.5, 9.5, 7.25 ],
			"faces": {
				"down": { "uv": [ 1.75, 8.125, 2.5, 8.25 ], "texture": "#dogtags_atlas" },
				"up": { "uv": [ 1.75, 8.125, 2.5, 8 ], "texture": "#dogtags_atlas" },
				"north": { "uv": [ 16, 15.625, 15.25, 15.75 ], "texture": "#dogtags_atlas" },
				"east": { "uv": [ 9, 13.875, 8.875, 14 ], "texture": "#dogtags_atlas" }
			}
		},
		{
			"__comment": "Voxels",
			"from": [ 6, 13.75, 6.75 ],
			"to": [ 6.25, 14.5, 7 ],
			"faces": {
				"down": { "uv": [ 13.125, 15, 13.25, 15.125 ], "texture": "#dogtags_atlas" },
				"up": { "uv": [ 13, 15.125, 13.125, 15 ], "texture": "#dogtags_atlas" },
				"north": { "uv": [ 8.125, 13.875, 8, 14.25 ], "texture": "#dogtags_atlas" },
				"south": { "uv": [ 8.25, 12.125, 8.375, 12.5 ], "texture": "#dogtags_atlas" },
				"west": { "uv": [ 8.125, 13.875, 8.25, 14.25 ], "texture": "#dogtags_atlas" },
				"east": { "uv": [ 8.375, 13.875, 8.25, 14.25 ], "texture": "#dogtags_atlas" }
			}
		},
		{
			"__comment": "Voxels",
			"from": [ 6.25, 6.75, 7.75 ],
			"to": [ 6.75, 7, 8 ],
			"faces": {
				"down": { "uv": [ 8.5, 14.125, 8.75, 14.25 ], "texture": "#dogtags_atlas" },
				"south": { "uv": [ 8.5, 15, 8.75, 15.125 ], "texture": "#dogtags_atlas" },
				"west": { "uv": [ 8.75, 8.625, 8.875, 8.75 ], "texture": "#dogtags_atlas" },
				"east": { "uv": [ 8.875, 8.75, 8.75, 8.875 ], "texture": "#dogtags_atlas" }
			}
		},
		{
			"__comment": "Voxels",
			"from": [ 6.25, 7.25, 7.75 ],
			"to": [ 6.75, 7.5, 8 ],
			"faces": {
				"up": { "uv": [ 14.25, 15.375, 14.5, 15.25 ], "texture": "#dogtags_atlas" },
				"south": { "uv": [ 12.75, 15.25, 13, 15.375 ], "texture": "#dogtags_atlas" },
				"west": { "uv": [ 13.375, 15, 13.5, 15.125 ], "texture": "#dogtags_atlas" },
				"east": { "uv": [ 8.875, 10.5, 8.75, 10.625 ], "texture": "#dogtags_atlas" }
			}
		},
		{
			"__comment": "Voxels",
			"from": [ 6.25, 14.25, 6.75 ],
			"to": [ 6.5, 14.75, 7.25 ],
			"faces": {
				"down": { "uv": [ 8.375, 14.125, 8.5, 14.375 ], "texture": "#dogtags_atlas" },
				"up": { "uv": [ 8.375, 14.625, 8.5, 14.375 ], "texture": "#dogtags_atlas" },
				"north": { "uv": [ 8.5, 14.625, 8.375, 14.875 ], "texture": "#dogtags_atlas" },
				"south": { "uv": [ 8.375, 14.875, 8.5, 15.125 ], "texture": "#dogtags_atlas" },
				"west": { "uv": [ 7, 9.875, 7.25, 10.125 ], "texture": "#dogtags_atlas" },
				"east": { "uv": [ 7.5, 9.875, 7.25, 10.125 ], "texture": "#dogtags_atlas" }
			}
		},
		{
			"__comment": "Voxels",
			"from": [ 6.5, 6.5, 8 ],
			"to": [ 7.25, 6.75, 8.25 ],
			"faces": {
				"down": { "uv": [ 8, 13.75, 8.375, 13.875 ], "texture": "#dogtags_atlas" },
				"up": { "uv": [ 8, 13.75, 8.375, 13.625 ], "texture": "#dogtags_atlas" },
				"north": { "uv": [ 8.375, 13.5, 8, 13.625 ], "texture": "#dogtags_atlas" },
				"south": { "uv": [ 8, 13.375, 8.375, 13.5 ], "texture": "#dogtags_atlas" },
				"west": { "uv": [ 8.75, 11.125, 8.875, 11.25 ], "texture": "#dogtags_atlas" },
				"east": { "uv": [ 8.875, 11.25, 8.75, 11.375 ], "texture": "#dogtags_atlas" }
			}
		},
		{
			"__comment": "Voxels",
			"from": [ 6.5, 6.75, 8 ],
			"to": [ 7, 7, 8.25 ],
			"faces": {
				"up": { "uv": [ 9.375, 15.5, 9.625, 15.375 ], "texture": "#dogtags_atlas" },
				"north": { "uv": [ 8.875, 15.375, 8.625, 15.5 ], "texture": "#dogtags_atlas" },
				"south": { "uv": [ 8.375, 15.375, 8.625, 15.5 ], "texture": "#dogtags_atlas" },
				"west": { "uv": [ 14.375, 15, 14.5, 15.125 ], "texture": "#dogtags_atlas" },
				"east": { "uv": [ 14.375, 15, 14.25, 15.125 ], "texture": "#dogtags_atlas" }
			}
		},
		{
			"__comment": "Voxels",
			"from": [ 6.5, 7, 8 ],
			"to": [ 6.75, 7.25, 8.25 ],
			"faces": {
				"up": { "uv": [ 8.75, 10.5, 8.875, 10.375 ], "texture": "#dogtags_atlas" },
				"south": { "uv": [ 8.75, 11.75, 8.875, 11.875 ], "texture": "#dogtags_atlas" },
				"west": { "uv": [ 13.25, 15, 13.375, 15.125 ], "texture": "#dogtags_atlas" },
				"east": { "uv": [ 12.75, 15, 12.625, 15.125 ], "texture": "#dogtags_atlas" }
			}
		},
		{
			"__comment": "Voxels",
			"from": [ 6.5, 14.5, 7 ],
			"to": [ 7.25, 14.75, 7.25 ],
			"faces": {
				"down": { "uv": [ 8, 13.25, 8.375, 13.375 ], "texture": "#dogtags_atlas" },
				"up": { "uv": [ 8, 13, 8.375, 12.875 ], "texture": "#dogtags_atlas" },
				"north": { "uv": [ 8.375, 12.75, 8, 12.875 ], "texture": "#dogtags_atlas" },
				"south": { "uv": [ 8, 12.625, 8.375, 12.75 ], "texture": "#dogtags_atlas" },
				"east": { "uv": [ 12.5, 15, 12.375, 15.125 ], "texture": "#dogtags_atlas" }
			}
		},
		{
			"__comment": "Voxels",
			"from": [ 6.75, 6.25, 8 ],
			"to": [ 7.25, 6.5, 8.25 ],
			"faces": {
				"down": { "uv": [ 7.75, 14.25, 8, 14.375 ], "texture": "#dogtags_atlas" },
				"north": { "uv": [ 5.875, 10.5, 5.625, 10.625 ], "texture": "#dogtags_atlas" },
				"south": { "uv": [ 5.625, 10.625, 5.875, 10.75 ], "texture": "#dogtags_atlas" },
				"west": { "uv": [ 8.75, 12.875, 8.875, 13 ], "texture": "#dogtags_atlas" },
				"east": { "uv": [ 8.875, 13, 8.75, 13.125 ], "texture": "#dogtags_atlas" }
			}
		},
		{
			"__comment": "Voxels",
			"from": [ 7, 0.75, 8 ],
			"to": [ 7.5, 1, 8.25 ],
			"faces": {
				"down": { "uv": [ 5.625, 11, 5.875, 11.125 ], "texture": "#dogtags_atlas" },
				"south": { "uv": [ 2.625, 8.625, 2.875, 8.75 ], "texture": "#dogtags_atlas" },
				"east": { "uv": [ 8.875, 13.75, 8.75, 13.875 ], "texture": "#dogtags_atlas" }
			}
		},
		{
			"__comment": "Voxels",
			"from": [ 7, 6, 8 ],
			"to": [ 7.25, 6.25, 8.5 ],
			"faces": {
				"down": { "uv": [ 8.625, 9.75, 8.75, 10 ], "texture": "#dogtags_atlas" },
				"up": { "uv": [ 8.5, 10, 8.625, 9.75 ], "texture": "#dogtags_atlas" },
				"north": { "uv": [ 14, 15.125, 13.875, 15.25 ], "texture": "#dogtags_atlas" },
				"south": { "uv": [ 13.75, 15.125, 13.875, 15.25 ], "texture": "#dogtags_atlas" },
				"west": { "uv": [ 15.25, 15.25, 15.5, 15.375 ], "texture": "#dogtags_atlas" },
				"east": { "uv": [ 15.25, 15.25, 15, 15.375 ], "texture": "#dogtags_atlas" }
			}
		},
		{
			"__comment": "Voxels",
			"from": [ 7, 6.25, 8.25 ],
			"to": [ 7.25, 6.5, 8.5 ],
			"faces": {
				"up": { "uv": [ 12.75, 15.25, 12.875, 15.125 ], "texture": "#dogtags_atlas" },
				"south": { "uv": [ 12.5, 15.125, 12.625, 15.25 ], "texture": "#dogtags_atlas" },
				"west": { "uv": [ 8.875, 14.75, 9, 14.875 ], "texture": "#dogtags_atlas" },
				"east": { "uv": [ 9, 14.875, 8.875, 15 ], "texture": "#dogtags_atlas" }
			}
		},
		{
			"__comment": "Voxels",
			"from": [ 7, 14.5, 7.25 ],
			"to": [ 7.75, 14.75, 7.5 ],
			"faces": {
				"down": { "uv": [ 8, 12.5, 8.375, 12.625 ], "texture": "#dogtags_atlas" },
				"up": { "uv": [ 8, 12.125, 8.375, 12 ], "texture": "#dogtags_atlas" },
				"north": { "uv": [ 8.375, 11.875, 8, 12 ], "texture": "#dogtags_atlas" },
				"south": { "uv": [ 8, 11.75, 8.375, 11.875 ], "texture": "#dogtags_atlas" },
				"west": { "uv": [ 11.875, 15, 12, 15.125 ], "texture": "#dogtags_atlas" },
				"east": { "uv": [ 11.875, 15, 11.75, 15.125 ], "texture": "#dogtags_atlas" }
			}
		},
		{
			"__comment": "Voxels",
			"from": [ 7.25, 5.75, 8.25 ],
			"to": [ 8, 6, 8.5 ],
			"faces": {
				"down": { "uv": [ 8, 11.625, 8.375, 11.75 ], "texture": "#dogtags_atlas" },
				"up": { "uv": [ 8, 11.625, 8.375, 11.5 ], "texture": "#dogtags_atlas" },
				"north": { "uv": [ 8.375, 11.375, 8, 11.5 ], "texture": "#dogtags_atlas" },
				"south": { "uv": [ 8, 11, 8.375, 11.125 ], "texture": "#dogtags_atlas" },
				"west": { "uv": [ 8.75, 9.375, 8.875, 9.5 ], "texture": "#dogtags_atlas" },
				"east": { "uv": [ 8.875, 9.5, 8.75, 9.625 ], "texture": "#dogtags_atlas" }
			}
		},
		{
			"__comment": "Voxels",
			"from": [ 7.25, 6, 8.25 ],
			"to": [ 7.75, 6.25, 8.5 ],
			"faces": {
				"up": { "uv": [ 13.25, 15.375, 13.5, 15.25 ], "texture": "#dogtags_atlas" },
				"north": { "uv": [ 8.25, 9.25, 8, 9.375 ], "texture": "#dogtags_atlas" },
				"south": { "uv": [ 8, 9.375, 8.25, 9.5 ], "texture": "#dogtags_atlas" },
				"east": { "uv": [ 15.375, 15.125, 15.25, 15.25 ], "texture": "#dogtags_atlas" }
			}
		},
		{
			"__comment": "Voxels",
			"from": [ 7.25, 6.25, 7.25 ],
			"to": [ 8.5, 6.5, 7.5 ],
			"faces": {
				"down": { "uv": [ 7.375, 10.125, 8, 10.25 ], "texture": "#dogtags_atlas" },
				"north": { "uv": [ 7.375, 10.25, 6.75, 10.375 ], "texture": "#dogtags_atlas" },
				"west": { "uv": [ 15.125, 15.125, 15.25, 15.25 ], "texture": "#dogtags_atlas" },
				"east": { "uv": [ 15.125, 15.125, 15, 15.25 ], "texture": "#dogtags_atlas" }
			}
		},
		{
			"__comment": "Voxels",
			"from": [ 7.5, 5.75, 8.5 ],
			"to": [ 8.75, 6, 8.75 ],
			"faces": {
				"down": { "uv": [ 5.25, 8.75, 5.875, 8.875 ], "texture": "#dogtags_atlas" },
				"up": { "uv": [ 2, 10.75, 2.625, 10.625 ], "texture": "#dogtags_atlas" },
				"north": { "uv": [ 5.875, 8.875, 5.25, 9 ], "texture": "#dogtags_atlas" },
				"south": { "uv": [ 2, 10.25, 2.625, 10.375 ], "texture": "#dogtags_atlas" },
				"west": { "uv": [ 13.25, 15.125, 13.375, 15.25 ], "texture": "#dogtags_atlas" },
				"east": { "uv": [ 13.5, 15.125, 13.375, 15.25 ], "texture": "#dogtags_atlas" }
			}
		},
		{
			"__comment": "Voxels",
			"from": [ 7.5, 9.75, 9 ],
			"to": [ 8, 10, 9.25 ],
			"faces": {
				"down": { "uv": [ 13.5, 15.25, 13.75, 15.375 ], "texture": "#dogtags_atlas" },
				"up": { "uv": [ 13.75, 15.375, 14, 15.25 ], "texture": "#dogtags_atlas" },
				"north": { "uv": [ 15.75, 15.25, 15.5, 15.375 ], "texture": "#dogtags_atlas" },
				"south": { "uv": [ 15.75, 15.25, 16, 15.375 ], "texture": "#dogtags_atlas" },
				"west": { "uv": [ 14.75, 15.125, 14.875, 15.25 ], "texture": "#dogtags_atlas" },
				"east": { "uv": [ 15, 15.125, 14.875, 15.25 ], "texture": "#dogtags_atlas" }
			}
		},
		{
			"__comment": "Voxels",
			"from": [ 7.5, 14.5, 7.5 ],
			"to": [ 8.5, 14.75, 7.75 ],
			"faces": {
				"down": { "uv": [ 5.375, 9, 5.875, 9.125 ], "texture": "#dogtags_atlas" },
				"up": { "uv": [ 7.25, 9.5, 7.75, 9.375 ], "texture": "#dogtags_atlas" },
				"north": { "uv": [ 8, 9.25, 7.5, 9.375 ], "texture": "#dogtags_atlas" },
				"south": { "uv": [ 5.375, 9.125, 5.875, 9.25 ], "texture": "#dogtags_atlas" },
				"west": { "uv": [ 15.5, 15.125, 15.625, 15.25 ], "texture": "#dogtags_atlas" },
				"east": { "uv": [ 15.75, 15.125, 15.625, 15.25 ], "texture": "#dogtags_atlas" }
			}
		},
		{
			"__comment": "Voxels",
			"from": [ 7.75, 9.25, 9 ],
			"to": [ 8.25, 9.75, 9.25 ],
			"faces": {
				"down": { "uv": [ 8, 9.625, 8.25, 9.75 ], "texture": "#dogtags_atlas" },
				"up": { "uv": [ 8, 9.625, 8.25, 9.5 ], "texture": "#dogtags_atlas" },
				"north": { "uv": [ 2.875, 10, 2.625, 10.25 ], "texture": "#dogtags_atlas" },
				"south": { "uv": [ 7.5, 9.875, 7.75, 10.125 ], "texture": "#dogtags_atlas" },
				"west": { "uv": [ 8.375, 13.375, 8.5, 13.625 ], "texture": "#dogtags_atlas" },
				"east": { "uv": [ 8.5, 13.125, 8.375, 13.375 ], "texture": "#dogtags_atlas" }
			}
		},
		{
			"__comment": "Voxels",
			"from": [ 7.75, 10, 9 ],
			"to": [ 8, 11, 9.25 ],
			"faces": {
				"up": { "uv": [ 8.75, 8.125, 8.875, 8 ], "texture": "#dogtags_atlas" },
				"north": { "uv": [ 6.75, 9.375, 6.625, 9.875 ], "texture": "#dogtags_atlas" },
				"south": { "uv": [ 6.25, 8.375, 6.375, 8.875 ], "texture": "#dogtags_atlas" },
				"west": { "uv": [ 6.25, 8.875, 6.375, 9.375 ], "texture": "#dogtags_atlas" },
				"east": { "uv": [ 6.5, 9.375, 6.375, 9.875 ], "texture": "#dogtags_atlas" }
			}
		},
		{
			"__comment": "Voxels",
			"from": [ 7.75, 10.5, 9.25 ],
			"to": [ 8, 11, 9.5 ],
			"faces": {
				"down": { "uv": [ 10, 15, 10.125, 15.125 ], "texture": "#dogtags_atlas" },
				"up": { "uv": [ 10.125, 15.125, 10.25, 15 ], "texture": "#dogtags_atlas" },
				"south": { "uv": [ 8.625, 13.375, 8.75, 13.625 ], "texture": "#dogtags_atlas" },
				"west": { "uv": [ 8.5, 12.625, 8.625, 12.875 ], "texture": "#dogtags_atlas" },
				"east": { "uv": [ 8.75, 12.625, 8.625, 12.875 ], "texture": "#dogtags_atlas" }
			}
		},
		{
			"__comment": "Voxels",
			"from": [ 7.75, 14.25, 7.5 ],
			"to": [ 9, 14.5, 7.75 ],
			"faces": {
				"down": { "uv": [ 6.75, 10.125, 7.375, 10.25 ], "texture": "#dogtags_atlas" },
				"up": { "uv": [ 6.125, 10.25, 6.75, 10.125 ], "texture": "#dogtags_atlas" },
				"north": { "uv": [ 8, 10.375, 7.375, 10.5 ], "texture": "#dogtags_atlas" },
				"south": { "uv": [ 7.375, 10.5, 8, 10.625 ], "texture": "#dogtags_atlas" },
				"west": { "uv": [ 8.875, 14.625, 9, 14.75 ], "texture": "#dogtags_atlas" },
				"east": { "uv": [ 9, 14.5, 8.875, 14.625 ], "texture": "#dogtags_atlas" }
			}
		},
		{
			"__comment": "Voxels",
			"from": [ 8, 2.25, 7.75 ],
			"to": [ 8.25, 2.75, 8 ],
			"faces": {
				"down": { "uv": [ 12, 15.125, 12.125, 15.25 ], "texture": "#dogtags_atlas" },
				"north": { "uv": [ 8.5, 10.875, 8.375, 11.125 ], "texture": "#dogtags_atlas" },
				"south": { "uv": [ 8.375, 10.625, 8.5, 10.875 ], "texture": "#dogtags_atlas" },
				"east": { "uv": [ 8.5, 10.125, 8.375, 10.375 ], "texture": "#dogtags_atlas" }
			}
		},
		{
			"__comment": "Voxels",
			"from": [ 8, 3.5, 7.75 ],
			"to": [ 8.25, 4.75, 8 ],
			"faces": {
				"down": { "uv": [ 12.25, 15.125, 12.375, 15.25 ], "texture": "#dogtags_atlas" },
				"up": { "uv": [ 12.375, 15.25, 12.5, 15.125 ], "texture": "#dogtags_atlas" },
				"north": { "uv": [ 6.125, 8.5, 6, 9.125 ], "texture": "#dogtags_atlas" },
				"south": { "uv": [ 6, 9.125, 6.125, 9.75 ], "texture": "#dogtags_atlas" },
				"east": { "uv": [ 6, 8.5, 5.875, 9.125 ], "texture": "#dogtags_atlas" }
			}
		},
		{
			"__comment": "Voxels",
			"from": [ 8, 5.5, 8.5 ],
			"to": [ 8.5, 5.75, 8.75 ],
			"faces": {
				"down": { "uv": [ 11.5, 15.25, 11.75, 15.375 ], "texture": "#dogtags_atlas" },
				"north": { "uv": [ 12.25, 15.25, 12, 15.375 ], "texture": "#dogtags_atlas" },
				"south": { "uv": [ 12.25, 15.25, 12.5, 15.375 ], "texture": "#dogtags_atlas" },
				"west": { "uv": [ 13, 15.125, 13.125, 15.25 ], "texture": "#dogtags_atlas" },
				"east": { "uv": [ 13.25, 15.125, 13.125, 15.25 ], "texture": "#dogtags_atlas" }
			}
		},
		{
			"__comment": "Voxels",
			"from": [ 8, 8.5, 9 ],
			"to": [ 8.75, 8.75, 9.25 ],
			"faces": {
				"down": { "uv": [ 1.375, 8, 1.75, 8.125 ], "texture": "#dogtags_atlas" },
				"up": { "uv": [ 5.5, 10.5, 5.875, 10.375 ], "texture": "#dogtags_atlas" },
				"north": { "uv": [ 5.875, 10.25, 5.5, 10.375 ], "texture": "#dogtags_atlas" },
				"south": { "uv": [ 5.5, 10.125, 5.875, 10.25 ], "texture": "#dogtags_atlas" },
				"west": { "uv": [ 13.5, 15.125, 13.625, 15.25 ], "texture": "#dogtags_atlas" },
				"east": { "uv": [ 13.75, 15.125, 13.625, 15.25 ], "texture": "#dogtags_atlas" }
			}
		},
		{
			"__comment": "Voxels",
			"from": [ 8, 8.75, 9 ],
			"to": [ 8.5, 9.25, 9.25 ],
			"faces": {
				"up": { "uv": [ 14.75, 15.375, 15, 15.25 ], "texture": "#dogtags_atlas" },
				"north": { "uv": [ 8, 9.875, 7.75, 10.125 ], "texture": "#dogtags_atlas" },
				"south": { "uv": [ 2.625, 9.75, 2.875, 10 ], "texture": "#dogtags_atlas" },
				"west": { "uv": [ 8.375, 9.875, 8.5, 10.125 ], "texture": "#dogtags_atlas" },
				"east": { "uv": [ 8.5, 9.625, 8.375, 9.875 ], "texture": "#dogtags_atlas" }
			}
		},
		{
			"__comment": "Voxels",
			"from": [ 8, 10.75, 9 ],
			"to": [ 8.25, 11.5, 9.5 ],
			"faces": {
				"down": { "uv": [ 8.375, 9.375, 8.5, 9.625 ], "texture": "#dogtags_atlas" },
				"up": { "uv": [ 8.375, 9.375, 8.5, 9.125 ], "texture": "#dogtags_atlas" },
				"north": { "uv": [ 6.5, 8, 6.375, 8.375 ], "texture": "#dogtags_atlas" },
				"south": { "uv": [ 6.875, 8.125, 7, 8.5 ], "texture": "#dogtags_atlas" },
				"west": { "uv": [ 2.625, 10.625, 2.875, 11 ], "texture": "#dogtags_atlas" },
				"east": { "uv": [ 2.875, 11, 2.625, 11.375 ], "texture": "#dogtags_atlas" }
			}
		},
		{
			"__comment": "Voxels",
			"from": [ 8.25, 5, 7.5 ],
			"to": [ 8.5, 5.5, 7.75 ],
			"faces": {
				"down": { "uv": [ 14, 15.125, 14.125, 15.25 ], "texture": "#dogtags_atlas" },
				"north": { "uv": [ 8.5, 8.875, 8.375, 9.125 ], "texture": "#dogtags_atlas" },
				"south": { "uv": [ 8.375, 8.625, 8.5, 8.875 ], "texture": "#dogtags_atlas" },
				"east": { "uv": [ 8.5, 8.125, 8.375, 8.375 ], "texture": "#dogtags_atlas" }
			}
		},
		{
			"__comment": "Voxels",
			"from": [ 8.25, 5.75, 8.75 ],
			"to": [ 8.75, 6, 9 ],
			"faces": {
				"down": { "uv": [ 8.5, 14.625, 8.75, 14.75 ], "texture": "#dogtags_atlas" },
				"up": { "uv": [ 8.5, 14.625, 8.75, 14.5 ], "texture": "#dogtags_atlas" },
				"south": { "uv": [ 8.5, 14.25, 8.75, 14.375 ], "texture": "#dogtags_atlas" },
				"west": { "uv": [ 14.25, 15.125, 14.375, 15.25 ], "texture": "#dogtags_atlas" },
				"east": { "uv": [ 14.5, 15.125, 14.375, 15.25 ], "texture": "#dogtags_atlas" }
			}
		},
		{
			"__comment": "Voxels",
			"from": [ 8.25, 7.75, 7.25 ],
			"to": [ 8.5, 8.5, 7.5 ],
			"faces": {
				"down": { "uv": [ 14.5, 15.125, 14.625, 15.25 ], "texture": "#dogtags_atlas" },
				"up": { "uv": [ 14.625, 15.25, 14.75, 15.125 ], "texture": "#dogtags_atlas" },
				"north": { "uv": [ 7.25, 8.625, 7.125, 9 ], "texture": "#dogtags_atlas" },
				"south": { "uv": [ 7.125, 8.25, 7.25, 8.625 ], "texture": "#dogtags_atlas" },
				"east": { "uv": [ 7.5, 8.625, 7.375, 9 ], "texture": "#dogtags_atlas" }
			}
		},
		{
			"__comment": "Voxels",
			"from": [ 8.25, 8.25, 9 ],
			"to": [ 9, 8.5, 9.25 ],
			"faces": {
				"down": { "uv": [ 5.5, 9.5, 5.875, 9.625 ], "texture": "#dogtags_atlas" },
				"up": { "uv": [ 7.625, 14, 8, 13.875 ], "texture": "#dogtags_atlas" },
				"north": { "uv": [ 8, 13.75, 7.625, 13.875 ], "texture": "#dogtags_atlas" },
				"south": { "uv": [ 7.625, 13.625, 8, 13.75 ], "texture": "#dogtags_atlas" },
				"west": { "uv": [ 15.75, 15.125, 15.875, 15.25 ], "texture": "#dogtags_atlas" },
				"east": { "uv": [ 16, 15.125, 15.875, 15.25 ], "texture": "#dogtags_atlas" }
			}
		},
		{
			"__comment": "Voxels",
			"from": [ 8.25, 11.5, 9 ],
			"to": [ 8.5, 11.75, 9.5 ],
			"faces": {
				"down": { "uv": [ 8.5, 12.25, 8.625, 12.5 ], "texture": "#dogtags_atlas" },
				"up": { "uv": [ 8.625, 12.5, 8.75, 12.25 ], "texture": "#dogtags_atlas" },
				"north": { "uv": [ 8.875, 15, 8.75, 15.125 ], "texture": "#dogtags_atlas" },
				"south": { "uv": [ 8.75, 14.875, 8.875, 15 ], "texture": "#dogtags_atlas" },
				"west": { "uv": [ 8.5, 11.875, 8.75, 12 ], "texture": "#dogtags_atlas" },
				"east": { "uv": [ 8.75, 11.75, 8.5, 11.875 ], "texture": "#dogtags_atlas" }
			}
		},
		{
			"__comment": "Voxels",
			"from": [ 8.25, 11.75, 9.25 ],
			"to": [ 8.75, 12, 9.5 ],
			"faces": {
				"down": { "uv": [ 8.5, 11.625, 8.75, 11.75 ], "texture": "#dogtags_atlas" },
				"up": { "uv": [ 8.5, 11.625, 8.75, 11.5 ], "texture": "#dogtags_atlas" },
				"north": { "uv": [ 8.75, 11.375, 8.5, 11.5 ], "texture": "#dogtags_atlas" },
				"south": { "uv": [ 8.5, 11.25, 8.75, 11.375 ], "texture": "#dogtags_atlas" },
				"west": { "uv": [ 8.75, 14.75, 8.875, 14.875 ], "texture": "#dogtags_atlas" },
				"east": { "uv": [ 8.875, 14.625, 8.75, 14.75 ], "texture": "#dogtags_atlas" }
			}
		},
		{
			"__comment": "Voxels",
			"from": [ 8.5, 6, 8.5 ],
			"to": [ 8.75, 6.25, 9 ],
			"faces": {
				"down": { "uv": [ 8.5, 10.75, 8.625, 11 ], "texture": "#dogtags_atlas" },
				"up": { "uv": [ 8.625, 11, 8.75, 10.75 ], "texture": "#dogtags_atlas" },
				"north": { "uv": [ 8.875, 14.5, 8.75, 14.625 ], "texture": "#dogtags_atlas" },
				"south": { "uv": [ 8.75, 14.375, 8.875, 14.5 ], "texture": "#dogtags_atlas" },
				"west": { "uv": [ 8.5, 10.375, 8.75, 10.5 ], "texture": "#dogtags_atlas" },
				"east": { "uv": [ 8.75, 10.25, 8.5, 10.375 ], "texture": "#dogtags_atlas" }
			}
		},
		{
			"__comment": "Voxels",
			"from": [ 8.5, 7.75, 9 ],
			"to": [ 9, 8.25, 9.25 ],
			"faces": {
				"down": { "uv": [ 8.5, 10.125, 8.75, 10.25 ], "texture": "#dogtags_atlas" },
				"north": { "uv": [ 7.875, 11.25, 7.625, 11.5 ], "texture": "#dogtags_atlas" },
				"south": { "uv": [ 6.25, 9.875, 6.5, 10.125 ], "texture": "#dogtags_atlas" },
				"west": { "uv": [ 8.5, 9.5, 8.625, 9.75 ], "texture": "#dogtags_atlas" },
				"east": { "uv": [ 8.75, 9.5, 8.625, 9.75 ], "texture": "#dogtags_atlas" }
			}
		},
		{
			"__comment": "Voxels",
			"from": [ 8.5, 11.75, 9 ],
			"to": [ 8.75, 12.25, 9.25 ],
			"faces": {
				"down": { "uv": [ 8.75, 14.25, 8.875, 14.375 ], "texture": "#dogtags_atlas" },
				"up": { "uv": [ 8.75, 14.25, 8.875, 14.125 ], "texture": "#dogtags_atlas" },
				"north": { "uv": [ 8.625, 9, 8.5, 9.25 ], "texture": "#dogtags_atlas" },
				"south": { "uv": [ 8.625, 9, 8.75, 9.25 ], "texture": "#dogtags_atlas" },
				"west": { "uv": [ 8.5, 8.75, 8.625, 9 ], "texture": "#dogtags_atlas" },
				"east": { "uv": [ 8.75, 8.75, 8.625, 9 ], "texture": "#dogtags_atlas" }
			}
		},
		{
			"__comment": "Voxels",
			"from": [ 8.5, 12, 9.25 ],
			"to": [ 8.75, 12.5, 9.5 ],
			"faces": {
				"up": { "uv": [ 8.75, 14, 8.875, 13.875 ], "texture": "#dogtags_atlas" },
				"north": { "uv": [ 8.625, 8.25, 8.5, 8.5 ], "texture": "#dogtags_atlas" },
				"south": { "uv": [ 8.625, 8.25, 8.75, 8.5 ], "texture": "#dogtags_atlas" },
				"west": { "uv": [ 8.5, 8, 8.625, 8.25 ], "texture": "#dogtags_atlas" },
				"east": { "uv": [ 8.75, 8, 8.625, 8.25 ], "texture": "#dogtags_atlas" }
			}
		},
		{
			"__comment": "Voxels",
			"from": [ 8.5, 14.25, 7.75 ],
			"to": [ 10, 14.5, 8 ],
			"faces": {
				"down": { "uv": [ 15.25, 15.875, 16, 16 ], "texture": "#dogtags_atlas" },
				"up": { "uv": [ 15.25, 15.625, 16, 15.5 ], "texture": "#dogtags_atlas" },
				"north": { "uv": [ 7.125, 11.125, 6.375, 11.25 ], "texture": "#dogtags_atlas" },
				"south": { "uv": [ 6.125, 11, 6.875, 11.125 ], "texture": "#dogtags_atlas" },
				"west": { "uv": [ 8.75, 13.5, 8.875, 13.625 ], "texture": "#dogtags_atlas" },
				"east": { "uv": [ 8.875, 13.375, 8.75, 13.5 ], "texture": "#dogtags_atlas" }
			}
		},
		{
			"__comment": "Voxels",
			"from": [ 8.75, 6, 8.75 ],
			"to": [ 9, 7, 9 ],
			"faces": {
				"down": { "uv": [ 8.75, 13.25, 8.875, 13.375 ], "texture": "#dogtags_atlas" },
				"up": { "uv": [ 8.75, 13.25, 8.875, 13.125 ], "texture": "#dogtags_atlas" },
				"north": { "uv": [ 6.25, 8, 6.125, 8.5 ], "texture": "#dogtags_atlas" },
				"south": { "uv": [ 5.875, 8, 6, 8.5 ], "texture": "#dogtags_atlas" },
				"west": { "uv": [ 6, 8, 6.125, 8.5 ], "texture": "#dogtags_atlas" },
				"east": { "uv": [ 6.25, 9, 6.125, 9.5 ], "texture": "#dogtags_atlas" }
			}
		},
		{
			"__comment": "Voxels",
			"from": [ 8.75, 6.5, 9 ],
			"to": [ 9, 7.75, 9.25 ],
			"faces": {
				"down": { "uv": [ 8.75, 12.75, 8.875, 12.875 ], "texture": "#dogtags_atlas" },
				"north": { "uv": [ 5.625, 8, 5.5, 8.625 ], "texture": "#dogtags_atlas" },
				"south": { "uv": [ 2.75, 13.25, 2.875, 13.875 ], "texture": "#dogtags_atlas" },
				"west": { "uv": [ 2.75, 13.875, 2.875, 14.5 ], "texture": "#dogtags_atlas" },
				"east": { "uv": [ 6.25, 9.5, 6.125, 10.125 ], "texture": "#dogtags_atlas" }
			}
		},
		{
			"__comment": "Voxels",
			"from": [ 8.75, 12.25, 9 ],
			"to": [ 9, 12.5, 9.5 ],
			"faces": {
				"down": { "uv": [ 8.125, 10.75, 8.25, 11 ], "texture": "#dogtags_atlas" },
				"up": { "uv": [ 8.25, 11, 8.375, 10.75 ], "texture": "#dogtags_atlas" },
				"north": { "uv": [ 8.875, 12.5, 8.75, 12.625 ], "texture": "#dogtags_atlas" },
				"south": { "uv": [ 8.75, 12.375, 8.875, 12.5 ], "texture": "#dogtags_atlas" },
				"west": { "uv": [ 7.75, 14.125, 8, 14.25 ], "texture": "#dogtags_atlas" },
				"east": { "uv": [ 8, 14, 7.75, 14.125 ], "texture": "#dogtags_atlas" }
			}
		},
		{
			"__comment": "Voxels",
			"from": [ 8.75, 12.5, 9.25 ],
			"to": [ 9.25, 12.75, 9.5 ],
			"faces": {
				"down": { "uv": [ 8, 10.375, 8.25, 10.5 ], "texture": "#dogtags_atlas" },
				"up": { "uv": [ 8, 10.375, 8.25, 10.25 ], "texture": "#dogtags_atlas" },
				"north": { "uv": [ 8.25, 9.875, 8, 10 ], "texture": "#dogtags_atlas" },
				"south": { "uv": [ 8, 9.75, 8.25, 9.875 ], "texture": "#dogtags_atlas" },
				"west": { "uv": [ 9.875, 15, 10, 15.125 ], "texture": "#dogtags_atlas" },
				"east": { "uv": [ 10.375, 15, 10.25, 15.125 ], "texture": "#dogtags_atlas" }
			}
		},
		{
			"__comment": "Voxels",
			"from": [ 9, 6.25, 8.75 ],
			"to": [ 9.25, 7.25, 9 ],
			"faces": {
				"down": { "uv": [ 10.875, 15, 11, 15.125 ], "texture": "#dogtags_atlas" },
				"up": { "uv": [ 11, 15.125, 11.125, 15 ], "texture": "#dogtags_atlas" },
				"north": { "uv": [ 6.625, 9.375, 6.5, 9.875 ], "texture": "#dogtags_atlas" },
				"south": { "uv": [ 6.5, 8.75, 6.625, 9.25 ], "texture": "#dogtags_atlas" },
				"west": { "uv": [ 6.875, 8.5, 7, 9 ], "texture": "#dogtags_atlas" },
				"east": { "uv": [ 6.875, 8, 6.75, 8.5 ], "texture": "#dogtags_atlas" }
			}
		},
		{
			"__comment": "Voxels",
			"from": [ 9, 6.75, 9 ],
			"to": [ 9.25, 7.75, 9.25 ],
			"faces": {
				"down": { "uv": [ 15, 15, 15.125, 15.125 ], "texture": "#dogtags_atlas" },
				"up": { "uv": [ 15.125, 15.125, 15.25, 15 ], "texture": "#dogtags_atlas" },
				"north": { "uv": [ 6.875, 8.5, 6.75, 9 ], "texture": "#dogtags_atlas" },
				"south": { "uv": [ 6.625, 8, 6.75, 8.5 ], "texture": "#dogtags_atlas" },
				"east": { "uv": [ 6.625, 8.25, 6.5, 8.75 ], "texture": "#dogtags_atlas" }
			}
		},
		{
			"__comment": "Voxels",
			"from": [ 9, 12.5, 9 ],
			"to": [ 9.25, 12.75, 9.25 ],
			"faces": {
				"down": { "uv": [ 8.75, 10.125, 8.875, 10.25 ], "texture": "#dogtags_atlas" },
				"up": { "uv": [ 8.75, 9.875, 8.875, 9.75 ], "texture": "#dogtags_atlas" },
				"north": { "uv": [ 8.875, 8.875, 8.75, 9 ], "texture": "#dogtags_atlas" },
				"west": { "uv": [ 9.625, 15, 9.75, 15.125 ], "texture": "#dogtags_atlas" },
				"east": { "uv": [ 9.875, 15, 9.75, 15.125 ], "texture": "#dogtags_atlas" }
			}
		},
		{
			"__comment": "Voxels",
			"from": [ 9, 12.75, 9.25 ],
			"to": [ 9.75, 13, 9.5 ],
			"faces": {
				"down": { "uv": [ 7.625, 13.5, 8, 13.625 ], "texture": "#dogtags_atlas" },
				"up": { "uv": [ 7.625, 13.5, 8, 13.375 ], "texture": "#dogtags_atlas" },
				"north": { "uv": [ 8, 13.25, 7.625, 13.375 ], "texture": "#dogtags_atlas" },
				"south": { "uv": [ 7.625, 13.125, 8, 13.25 ], "texture": "#dogtags_atlas" },
				"west": { "uv": [ 11.125, 15, 11.25, 15.125 ], "texture": "#dogtags_atlas" },
				"east": { "uv": [ 11.625, 15, 11.5, 15.125 ], "texture": "#dogtags_atlas" }
			}
		},
		{
			"__comment": "Voxels",
			"from": [ 9.25, 12.75, 9 ],
			"to": [ 9.75, 13, 9.25 ],
			"faces": {
				"down": { "uv": [ 8, 9.125, 8.25, 9.25 ], "texture": "#dogtags_atlas" },
				"up": { "uv": [ 8, 9.125, 8.25, 9 ], "texture": "#dogtags_atlas" },
				"north": { "uv": [ 8.25, 8.875, 8, 9 ], "texture": "#dogtags_atlas" },
				"west": { "uv": [ 13.75, 15, 13.875, 15.125 ], "texture": "#dogtags_atlas" },
				"east": { "uv": [ 14, 15, 13.875, 15.125 ], "texture": "#dogtags_atlas" }
			}
		},
		{
			"__comment": "Voxels",
			"from": [ 9.25, 13, 9.25 ],
			"to": [ 10.25, 13.25, 9.5 ],
			"faces": {
				"down": { "uv": [ 7.125, 9, 7.625, 9.125 ], "texture": "#dogtags_atlas" },
				"up": { "uv": [ 6.625, 9.125, 7.125, 9 ], "texture": "#dogtags_atlas" },
				"north": { "uv": [ 7.625, 9.125, 7.125, 9.25 ], "texture": "#dogtags_atlas" },
				"south": { "uv": [ 6.625, 9.125, 7.125, 9.25 ], "texture": "#dogtags_atlas" },
				"west": { "uv": [ 8.875, 14.125, 9, 14.25 ], "texture": "#dogtags_atlas" },
				"east": { "uv": [ 9, 14, 8.875, 14.125 ], "texture": "#dogtags_atlas" }
			}
		},
		{
			"__comment": "Voxels",
			"from": [ 9.25, 14, 7.75 ],
			"to": [ 9.5, 14.25, 8 ],
			"faces": {
				"down": { "uv": [ 8.875, 12.875, 9, 13 ], "texture": "#dogtags_atlas" },
				"north": { "uv": [ 8.875, 12.25, 8.75, 12.375 ], "texture": "#dogtags_atlas" },
				"south": { "uv": [ 8.75, 12.125, 8.875, 12.25 ], "texture": "#dogtags_atlas" },
				"west": { "uv": [ 8.75, 12, 8.875, 12.125 ], "texture": "#dogtags_atlas" },
				"east": { "uv": [ 8.875, 11.875, 8.75, 12 ], "texture": "#dogtags_atlas" }
			}
		},
		{
			"__comment": "Voxels",
			"from": [ 9.25, 14.5, 7.75 ],
			"to": [ 10.25, 14.75, 8 ],
			"faces": {
				"down": { "uv": [ 7, 9.25, 7.5, 9.375 ], "texture": "#dogtags_atlas" },
				"up": { "uv": [ 6.5, 9.375, 7, 9.25 ], "texture": "#dogtags_atlas" },
				"north": { "uv": [ 7.75, 9.75, 7.25, 9.875 ], "texture": "#dogtags_atlas" },
				"south": { "uv": [ 7.125, 11.125, 7.625, 11.25 ], "texture": "#dogtags_atlas" },
				"west": { "uv": [ 8.75, 11, 8.875, 11.125 ], "texture": "#dogtags_atlas" },
				"east": { "uv": [ 8.875, 10.875, 8.75, 11 ], "texture": "#dogtags_atlas" }
			}
		},
		{
			"__comment": "Voxels",
			"from": [ 9.5, 13, 9 ],
			"to": [ 12, 13.25, 9.25 ],
			"faces": {
				"down": { "uv": [ 6.375, 11.625, 7.625, 11.75 ], "texture": "#dogtags_atlas" },
				"up": { "uv": [ 6.375, 11.625, 7.625, 11.5 ], "texture": "#dogtags_atlas" },
				"north": { "uv": [ 7.625, 11.375, 6.375, 11.5 ], "texture": "#dogtags_atlas" },
				"south": { "uv": [ 6.375, 11.25, 7.625, 11.375 ], "texture": "#dogtags_atlas" },
				"west": { "uv": [ 8.75, 9.625, 8.875, 9.75 ], "texture": "#dogtags_atlas" },
				"east": { "uv": [ 8.875, 9, 8.75, 9.125 ], "texture": "#dogtags_atlas" }
			}
		},
		{
			"__comment": "Voxels",
			"from": [ 9.75, 14.75, 7.75 ],
			"to": [ 10.5, 15, 8 ],
			"faces": {
				"down": { "uv": [ 7.625, 13, 8, 13.125 ], "texture": "#dogtags_atlas" },
				"up": { "uv": [ 7.625, 13, 8, 12.875 ], "texture": "#dogtags_atlas" },
				"north": { "uv": [ 8, 12.75, 7.625, 12.875 ], "texture": "#dogtags_atlas" },
				"south": { "uv": [ 7.625, 12.125, 8, 12.25 ], "texture": "#dogtags_atlas" },
				"west": { "uv": [ 8.875, 15, 9, 15.125 ], "texture": "#dogtags_atlas" },
				"east": { "uv": [ 9.625, 15, 9.5, 15.125 ], "texture": "#dogtags_atlas" }
			}
		},
		{
			"__comment": "Voxels",
			"from": [ 10.25, 15, 7.75 ],
			"to": [ 10.75, 15.25, 8 ],
			"faces": {
				"down": { "uv": [ 10.875, 15.375, 11.125, 15.5 ], "texture": "#dogtags_atlas" },
				"up": { "uv": [ 11.125, 15.5, 11.375, 15.375 ], "texture": "#dogtags_atlas" },
				"north": { "uv": [ 11.625, 15.375, 11.375, 15.5 ], "texture": "#dogtags_atlas" },
				"south": { "uv": [ 11.625, 15.375, 11.875, 15.5 ], "texture": "#dogtags_atlas" },
				"west": { "uv": [ 10.375, 15, 10.5, 15.125 ], "texture": "#dogtags_atlas" },
				"east": { "uv": [ 10.875, 15, 10.75, 15.125 ], "texture": "#dogtags_atlas" }
			}
		},
		{
			"__comment": "Voxels",
			"from": [ 10.5, 12.75, 9 ],
			"to": [ 11, 13, 9.25 ],
			"faces": {
				"down": { "uv": [ 11.875, 15.375, 12.125, 15.5 ], "texture": "#dogtags_atlas" },
				"north": { "uv": [ 12.625, 15.375, 12.375, 15.5 ], "texture": "#dogtags_atlas" },
				"south": { "uv": [ 12.625, 15.375, 12.875, 15.5 ], "texture": "#dogtags_atlas" },
				"west": { "uv": [ 11.625, 15, 11.75, 15.125 ], "texture": "#dogtags_atlas" },
				"east": { "uv": [ 12.375, 15, 12.25, 15.125 ], "texture": "#dogtags_atlas" }
			}
		},
		{
			"__comment": "Voxels",
			"from": [ 10.5, 15.25, 7.75 ],
			"to": [ 11, 15.5, 8 ],
			"faces": {
				"down": { "uv": [ 12.875, 15.375, 13.125, 15.5 ], "texture": "#dogtags_atlas" },
				"up": { "uv": [ 13.125, 15.5, 13.375, 15.375 ], "texture": "#dogtags_atlas" },
				"north": { "uv": [ 13.625, 15.375, 13.375, 15.5 ], "texture": "#dogtags_atlas" },
				"south": { "uv": [ 13.625, 15.375, 13.875, 15.5 ], "texture": "#dogtags_atlas" },
				"west": { "uv": [ 13.5, 15, 13.625, 15.125 ], "texture": "#dogtags_atlas" },
				"east": { "uv": [ 13.75, 15, 13.625, 15.125 ], "texture": "#dogtags_atlas" }
			}
		},
		{
			"__comment": "Voxels",
			"from": [ 10.75, 13.25, 9 ],
			"to": [ 11.25, 13.5, 9.25 ],
			"faces": {
				"up": { "uv": [ 14.125, 15.5, 14.375, 15.375 ], "texture": "#dogtags_atlas" },
				"north": { "uv": [ 14.625, 15.375, 14.375, 15.5 ], "texture": "#dogtags_atlas" },
				"south": { "uv": [ 14.625, 15.375, 14.875, 15.5 ], "texture": "#dogtags_atlas" },
				"west": { "uv": [ 14.75, 15, 14.875, 15.125 ], "texture": "#dogtags_atlas" },
				"east": { "uv": [ 15, 15, 14.875, 15.125 ], "texture": "#dogtags_atlas" }
			}
		},
		{
			"__comment": "Voxels",
			"from": [ 10.75, 15.5, 7.75 ],
			"to": [ 11.25, 15.75, 8 ],
			"faces": {
				"down": { "uv": [ 14.875, 15.375, 15.125, 15.5 ], "texture": "#dogtags_atlas" },
				"up": { "uv": [ 15.125, 15.5, 15.375, 15.375 ], "texture": "#dogtags_atlas" },
				"north": { "uv": [ 15.625, 15.375, 15.375, 15.5 ], "texture": "#dogtags_atlas" },
				"south": { "uv": [ 15.625, 15.375, 15.875, 15.5 ], "texture": "#dogtags_atlas" },
				"west": { "uv": [ 8.875, 13.625, 9, 13.75 ], "texture": "#dogtags_atlas" },
				"east": { "uv": [ 9, 13.5, 8.875, 13.625 ], "texture": "#dogtags_atlas" }
			}
		},
		{
			"__comment": "Voxels",
			"from": [ 11, 15.5, 8 ],
			"to": [ 11.25, 16, 8.25 ],
			"faces": {
				"down": { "uv": [ 8.875, 13.125, 9, 13.25 ], "texture": "#dogtags_atlas" },
				"up": { "uv": [ 8.875, 13.125, 9, 13 ], "texture": "#dogtags_atlas" },
				"north": { "uv": [ 8.5, 12.875, 8.375, 13.125 ], "texture": "#dogtags_atlas" },
				"south": { "uv": [ 8.375, 12.625, 8.5, 12.875 ], "texture": "#dogtags_atlas" },
				"west": { "uv": [ 8.375, 12.375, 8.5, 12.625 ], "texture": "#dogtags_atlas" },
				"east": { "uv": [ 8.5, 12.125, 8.375, 12.375 ], "texture": "#dogtags_atlas" }
			}
		},
		{
			"__comment": "Voxels",
			"from": [ 11, 15.75, 7.75 ],
			"to": [ 11.5, 16, 8 ],
			"faces": {
				"down": { "uv": [ 9.5, 15.25, 9.75, 15.375 ], "texture": "#dogtags_atlas" },
				"up": { "uv": [ 9.75, 15.375, 10, 15.25 ], "texture": "#dogtags_atlas" },
				"north": { "uv": [ 10.25, 15.25, 10, 15.375 ], "texture": "#dogtags_atlas" },
				"south": { "uv": [ 10.25, 15.25, 10.5, 15.375 ], "texture": "#dogtags_atlas" },
				"west": { "uv": [ 8.75, 11.5, 8.875, 11.625 ], "texture": "#dogtags_atlas" },
				"east": { "uv": [ 8.875, 11.375, 8.75, 11.5 ], "texture": "#dogtags_atlas" }
			}
		},
		{
			"__comment": "Voxels",
			"from": [ 11.25, 15.75, 8 ],
			"to": [ 11.75, 16, 8.25 ],
			"faces": {
				"down": { "uv": [ 10.5, 15.25, 10.75, 15.375 ], "texture": "#dogtags_atlas" },
				"up": { "uv": [ 10.75, 15.375, 11, 15.25 ], "texture": "#dogtags_atlas" },
				"north": { "uv": [ 11.25, 15.25, 11, 15.375 ], "texture": "#dogtags_atlas" },
				"south": { "uv": [ 11.25, 15.25, 11.5, 15.375 ], "texture": "#dogtags_atlas" },
				"east": { "uv": [ 8.875, 10.625, 8.75, 10.75 ], "texture": "#dogtags_atlas" }
			}
		},
		{
			"__comment": "Voxels",
			"from": [ 11.5, 13, 8.75 ],
			"to": [ 12.75, 13.25, 9 ],
			"faces": {
				"down": { "uv": [ 7.375, 10.625, 8, 10.75 ], "texture": "#dogtags_atlas" },
				"up": { "uv": [ 7.375, 10.875, 8, 10.75 ], "texture": "#dogtags_atlas" },
				"north": { "uv": [ 8, 10.875, 7.375, 11 ], "texture": "#dogtags_atlas" },
				"south": { "uv": [ 7.375, 11, 8, 11.125 ], "texture": "#dogtags_atlas" },
				"west": { "uv": [ 8.75, 10, 8.875, 10.125 ], "texture": "#dogtags_atlas" },
				"east": { "uv": [ 8.875, 9.875, 8.75, 10 ], "texture": "#dogtags_atlas" }
			}
		},
		{
			"__comment": "Voxels",
			"from": [ 11.75, 12.75, 8.75 ],
			"to": [ 12.5, 13, 9 ],
			"faces": {
				"down": { "uv": [ 7.625, 12, 8, 12.125 ], "texture": "#dogtags_atlas" },
				"north": { "uv": [ 8, 9.125, 7.625, 9.25 ], "texture": "#dogtags_atlas" },
				"south": { "uv": [ 7.625, 9, 8, 9.125 ], "texture": "#dogtags_atlas" },
				"west": { "uv": [ 8.75, 9.25, 8.875, 9.375 ], "texture": "#dogtags_atlas" },
				"east": { "uv": [ 8.875, 9.125, 8.75, 9.25 ], "texture": "#dogtags_atlas" }
			}
		},
		{
			"__comment": "Voxels",
			"from": [ 11.75, 16, 8 ],
			"to": [ 13, 16.25, 8.25 ],
			"faces": {
				"down": { "uv": [ 6.125, 10.375, 6.75, 10.5 ], "texture": "#dogtags_atlas" },
				"up": { "uv": [ 6.125, 10.625, 6.75, 10.5 ], "texture": "#dogtags_atlas" },
				"north": { "uv": [ 6.75, 10.625, 6.125, 10.75 ], "texture": "#dogtags_atlas" },
				"south": { "uv": [ 6.125, 10.75, 6.75, 10.875 ], "texture": "#dogtags_atlas" },
				"west": { "uv": [ 8.75, 8.5, 8.875, 8.625 ], "texture": "#dogtags_atlas" },
				"east": { "uv": [ 8.875, 8.375, 8.75, 8.5 ], "texture": "#dogtags_atlas" }
			}
		},
		{
			"__comment": "Voxels",
			"from": [ 12, 15.75, 8 ],
			"to": [ 13, 16, 8.25 ],
			"faces": {
				"down": { "uv": [ 5.375, 9.25, 5.875, 9.375 ], "texture": "#dogtags_atlas" },
				"north": { "uv": [ 7.75, 9.5, 7.25, 9.625 ], "texture": "#dogtags_atlas" },
				"south": { "uv": [ 7.25, 9.625, 7.75, 9.75 ], "texture": "#dogtags_atlas" },
				"west": { "uv": [ 9, 15, 9.125, 15.125 ], "texture": "#dogtags_atlas" },
				"east": { "uv": [ 9.25, 15, 9.125, 15.125 ], "texture": "#dogtags_atlas" }
			}
		},
		{
			"__comment": "Voxels",
			"from": [ 12.25, 12.75, 8.5 ],
			"to": [ 12.5, 13.25, 8.75 ],
			"faces": {
				"down": { "uv": [ 9.25, 15, 9.375, 15.125 ], "texture": "#dogtags_atlas" },
				"up": { "uv": [ 9.375, 15.125, 9.5, 15 ], "texture": "#dogtags_atlas" },
				"north": { "uv": [ 8.625, 13.875, 8.5, 14.125 ], "texture": "#dogtags_atlas" },
				"south": { "uv": [ 8.625, 13.875, 8.75, 14.125 ], "texture": "#dogtags_atlas" },
				"west": { "uv": [ 8.5, 13.625, 8.625, 13.875 ], "texture": "#dogtags_atlas" },
				"east": { "uv": [ 8.75, 13.625, 8.625, 13.875 ], "texture": "#dogtags_atlas" }
			}
		},
		{
			"__comment": "Voxels",
			"from": [ 12.5, 13, 8.5 ],
			"to": [ 13.25, 13.25, 8.75 ],
			"faces": {
				"down": { "uv": [ 7.625, 8.125, 8, 8.25 ], "texture": "#dogtags_atlas" },
				"up": { "uv": [ 7.625, 8.125, 8, 8 ], "texture": "#dogtags_atlas" },
				"north": { "uv": [ 8.375, 15.375, 8, 15.5 ], "texture": "#dogtags_atlas" },
				"south": { "uv": [ 8, 15.25, 8.375, 15.375 ], "texture": "#dogtags_atlas" },
				"east": { "uv": [ 10.75, 15, 10.625, 15.125 ], "texture": "#dogtags_atlas" }
			}
		},
		{
			"__comment": "Voxels",
			"from": [ 12.5, 15.75, 8.25 ],
			"to": [ 13, 16, 8.5 ],
			"faces": {
				"down": { "uv": [ 8.5, 13.25, 8.75, 13.375 ], "texture": "#dogtags_atlas" },
				"up": { "uv": [ 8.5, 13.25, 8.75, 13.125 ], "texture": "#dogtags_atlas" },
				"south": { "uv": [ 8.5, 12.875, 8.75, 13 ], "texture": "#dogtags_atlas" },
				"west": { "uv": [ 11.25, 15, 11.375, 15.125 ], "texture": "#dogtags_atlas" },
				"east": { "uv": [ 11.5, 15, 11.375, 15.125 ], "texture": "#dogtags_atlas" }
			}
		},
		{
			"__comment": "Voxels",
			"from": [ 12.75, 13.25, 8.5 ],
			"to": [ 13.5, 13.5, 8.75 ],
			"faces": {
				"down": { "uv": [ 8, 15.125, 8.375, 15.25 ], "texture": "#dogtags_atlas" },
				"up": { "uv": [ 8, 15.125, 8.375, 15 ], "texture": "#dogtags_atlas" },
				"north": { "uv": [ 8.375, 14.875, 8, 15 ], "texture": "#dogtags_atlas" },
				"south": { "uv": [ 8, 14.75, 8.375, 14.875 ], "texture": "#dogtags_atlas" },
				"west": { "uv": [ 12, 15, 12.125, 15.125 ], "texture": "#dogtags_atlas" },
				"east": { "uv": [ 12.25, 15, 12.125, 15.125 ], "texture": "#dogtags_atlas" }
			}
		},
		{
			"__comment": "Voxels",
			"from": [ 13, 13.5, 8.5 ],
			"to": [ 13.5, 13.75, 8.75 ],
			"faces": {
				"up": { "uv": [ 8.5, 12.25, 8.75, 12.125 ], "texture": "#dogtags_atlas" },
				"north": { "uv": [ 8.75, 12, 8.5, 12.125 ], "texture": "#dogtags_atlas" },
				"south": { "uv": [ 8.5, 11.125, 8.75, 11.25 ], "texture": "#dogtags_atlas" },
				"west": { "uv": [ 12.75, 15, 12.875, 15.125 ], "texture": "#dogtags_atlas" },
				"east": { "uv": [ 13, 15, 12.875, 15.125 ], "texture": "#dogtags_atlas" }
			}
		},
		{
			"__comment": "Voxels",
			"from": [ 13, 15.25, 8 ],
			"to": [ 13.5, 15.5, 8.5 ],
			"faces": {
				"down": { "uv": [ 6.75, 9.875, 7, 10.125 ], "texture": "#dogtags_atlas" },
				"up": { "uv": [ 6.5, 10.125, 6.75, 9.875 ], "texture": "#dogtags_atlas" },
				"north": { "uv": [ 8.75, 11, 8.5, 11.125 ], "texture": "#dogtags_atlas" },
				"south": { "uv": [ 12.5, 15.25, 12.75, 15.375 ], "texture": "#dogtags_atlas" },
				"west": { "uv": [ 8.5, 10.625, 8.75, 10.75 ], "texture": "#dogtags_atlas" },
				"east": { "uv": [ 8.75, 10.5, 8.5, 10.625 ], "texture": "#dogtags_atlas" }
			}
		},
		{
			"__comment": "Voxels",
			"from": [ 13, 15.5, 8 ],
			"to": [ 13.25, 15.75, 8.5 ],
			"faces": {
				"up": { "uv": [ 8.625, 9.5, 8.75, 9.25 ], "texture": "#dogtags_atlas" },
				"north": { "uv": [ 14.125, 15, 14, 15.125 ], "texture": "#dogtags_atlas" },
				"south": { "uv": [ 14.125, 15, 14.25, 15.125 ], "texture": "#dogtags_atlas" },
				"west": { "uv": [ 8.5, 8.625, 8.75, 8.75 ], "texture": "#dogtags_atlas" },
				"east": { "uv": [ 8.75, 8.5, 8.5, 8.625 ], "texture": "#dogtags_atlas" }
			}
		},
		{
			"__comment": "Voxels",
			"from": [ 13.25, 13.5, 8.25 ],
			"to": [ 13.5, 14, 8.5 ],
			"faces": {
				"down": { "uv": [ 14.5, 15, 14.625, 15.125 ], "texture": "#dogtags_atlas" },
				"up": { "uv": [ 14.625, 15.125, 14.75, 15 ], "texture": "#dogtags_atlas" },
				"north": { "uv": [ 8, 11.25, 7.875, 11.5 ], "texture": "#dogtags_atlas" },
				"south": { "uv": [ 7.75, 9.375, 7.875, 9.625 ], "texture": "#dogtags_atlas" },
				"west": { "uv": [ 7, 8, 7.125, 8.25 ], "texture": "#dogtags_atlas" },
				"east": { "uv": [ 7.25, 8, 7.125, 8.25 ], "texture": "#dogtags_atlas" }
			}
		},
		{
			"__comment": "Voxels",
			"from": [ 13.25, 13.75, 8.5 ],
			"to": [ 13.5, 14, 8.75 ],
			"faces": {
				"up": { "uv": [ 15.375, 15.125, 15.5, 15 ], "texture": "#dogtags_atlas" },
				"south": { "uv": [ 15.625, 15, 15.75, 15.125 ], "texture": "#dogtags_atlas" },
				"west": { "uv": [ 15.75, 15, 15.875, 15.125 ], "texture": "#dogtags_atlas" },
				"east": { "uv": [ 16, 15, 15.875, 15.125 ], "texture": "#dogtags_atlas" }
			}
		},
		{
			"__comment": "Voxels",
			"from": [ 13.25, 14.5, 8.25 ],
			"to": [ 14, 14.75, 8.5 ],
			"faces": {
				"down": { "uv": [ 8, 14.625, 8.375, 14.75 ], "texture": "#dogtags_atlas" },
				"up": { "uv": [ 8, 14.625, 8.375, 14.5 ], "texture": "#dogtags_atlas" },
				"north": { "uv": [ 8.375, 14.375, 8, 14.5 ], "texture": "#dogtags_atlas" },
				"south": { "uv": [ 8, 14.25, 8.375, 14.375 ], "texture": "#dogtags_atlas" },
				"west": { "uv": [ 8.875, 14.375, 9, 14.5 ], "texture": "#dogtags_atlas" },
				"east": { "uv": [ 9, 14.25, 8.875, 14.375 ], "texture": "#dogtags_atlas" }
			}
		},
		{
			"__comment": "Voxels",
			"from": [ 13.25, 14.75, 8.25 ],
			"to": [ 13.75, 15.25, 8.5 ],
			"faces": {
				"up": { "uv": [ 2.625, 8.375, 2.875, 8.25 ], "texture": "#dogtags_atlas" },
				"north": { "uv": [ 5.5, 8, 5.25, 8.25 ], "texture": "#dogtags_atlas" },
				"south": { "uv": [ 5, 8, 5.25, 8.25 ], "texture": "#dogtags_atlas" },
				"west": { "uv": [ 7.25, 8, 7.375, 8.25 ], "texture": "#dogtags_atlas" },
				"east": { "uv": [ 7.5, 8, 7.375, 8.25 ], "texture": "#dogtags_atlas" }
			}
		},
		{
			"__comment": "Voxels",
			"from": [ 13.5, 14, 8.25 ],
			"to": [ 13.75, 14.5, 8.5 ],
			"faces": {
				"down": { "uv": [ 8.875, 13.375, 9, 13.5 ], "texture": "#dogtags_atlas" },
				"north": { "uv": [ 7.625, 8, 7.5, 8.25 ], "texture": "#dogtags_atlas" },
				"south": { "uv": [ 8, 10.75, 8.125, 11 ], "texture": "#dogtags_atlas" },
				"west": { "uv": [ 8, 10.5, 8.125, 10.75 ], "texture": "#dogtags_atlas" },
				"east": { "uv": [ 8.25, 10.5, 8.125, 10.75 ], "texture": "#dogtags_atlas" }
			}
		},
		{
			"__comment": "Voxels",
			"from": [ 13.5, 14, 8.5 ],
			"to": [ 13.75, 14.25, 8.75 ],
			"faces": {
				"down": { "uv": [ 8.875, 12.625, 9, 12.75 ], "texture": "#dogtags_atlas" },
				"up": { "uv": [ 8.875, 12.625, 9, 12.5 ], "texture": "#dogtags_atlas" },
				"south": { "uv": [ 8.875, 12.25, 9, 12.375 ], "texture": "#dogtags_atlas" },
				"west": { "uv": [ 8.875, 12.125, 9, 12.25 ], "texture": "#dogtags_atlas" },
				"east": { "uv": [ 9, 12, 8.875, 12.125 ], "texture": "#dogtags_atlas" }
			}
		},
		{
			"__comment": "Voxels",
			"from": [ 13.5, 15, 8 ],
			"to": [ 13.75, 15.25, 8.25 ],
			"faces": {
				"down": { "uv": [ 8.875, 11.875, 9, 12 ], "texture": "#dogtags_atlas" },
				"up": { "uv": [ 8.875, 11.875, 9, 11.75 ], "texture": "#dogtags_atlas" },
				"north": { "uv": [ 9, 11.625, 8.875, 11.75 ], "texture": "#dogtags_atlas" },
				"west": { "uv": [ 8.875, 11.375, 9, 11.5 ], "texture": "#dogtags_atlas" },
				"east": { "uv": [ 9, 11.25, 8.875, 11.375 ], "texture": "#dogtags_atlas" }
			}
		},
		{
			"__comment": "Voxels",
			"from": [ 13.75, 14.25, 8.25 ],
			"to": [ 14, 14.5, 8.5 ],
			"faces": {
				"down": { "uv": [ 8.875, 11.125, 9, 11.25 ], "texture": "#dogtags_atlas" },
				"north": { "uv": [ 9, 10.875, 8.875, 11 ], "texture": "#dogtags_atlas" },
				"south": { "uv": [ 8.875, 10.75, 9, 10.875 ], "texture": "#dogtags_atlas" },
				"east": { "uv": [ 9, 10.5, 8.875, 10.625 ], "texture": "#dogtags_atlas" }
			}
		}
	],
	"display": {
		"thirdperson_righthand": {
			"rotation":  [ 95, 0, 0 ],
			"scale":  [ 0.3, 0.3, 0.3 ]
		},
		"firstperson_righthand": {
			"rotation":  [ 127, 0, 0 ],
			"translation":  [ 14.608, -6.954, -15.3 ]
		},
		"gui": {
			"rotation":  [ -27, 0, 69 ]
		},
		"ground": {
			"rotation":  [ 90, 0, 0 ],
			"scale":  [ 0.3, 0.3, 0.3 ]
		}
	}
}