{
	"__comment": "Designed by EFM",
	"textures": {
		"particle": "blocks/e_particle",
		"texture": "blocks/e_texture",
		"dvd_atlas": "efm/dvd_atlas"
	},
	"elements": [ 	 
		{
			"__comment": "Voxels",
			"from": [ -3.5, -3.25, 5.25 ],
			"to": [ 19.5, -2.75, 5.5 ],
			"faces": {
				"down": { "uv": [ 9.75, 8.25, 15.5, 8.3125 ], "texture": "#dvd_atlas" },
				"up": { "uv": [ 9.75, 8.375, 15.5, 8.3125 ], "texture": "#dvd_atlas" },
				"north": { "uv": [ 15.5, 8.625, 9.75, 8.75 ], "texture": "#dvd_atlas" },
				"south": { "uv": [ 9.75, 8.75, 15.5, 8.875 ], "texture": "#dvd_atlas" },
				"west": { "uv": [ 15.375, 7.6875, 15.4375, 7.8125 ], "texture": "#dvd_atlas" },
				"east": { "uv": [ 16, 8.875, 15.9375, 9 ], "texture": "#dvd_atlas" }
			}
		},
		{
			"__comment": "Voxels",
			"from": [ -3.5, -3.25, 5.5 ],
			"to": [ 19.5, -3, 10.75 ],
			"faces": {
				"down": { "uv": [ 0, 9.25, 5.75, 10.5625 ], "texture": "#dvd_atlas" },
				"up": { "uv": [ 0, 9.25, 5.75, 7.9375 ], "texture": "#dvd_atlas" },
				"south": { "uv": [ 9.75, 8.125, 15.5, 8.1875 ], "texture": "#dvd_atlas" },
				"west": { "uv": [ 13.5625, 7.5625, 14.875, 7.625 ], "texture": "#dvd_atlas" },
				"east": { "uv": [ 14.875, 7.5, 13.5625, 7.5625 ], "texture": "#dvd_atlas" }
			}
		},
		{
			"__comment": "Voxels",
			"from": [ -3.5, -3, 5.5 ],
			"to": [ -3.25, -2.75, 10.75 ],
			"faces": {
				"up": { "uv": [ 8.8125, 1.625, 8.875, 0.3125 ], "texture": "#dvd_atlas" },
				"south": { "uv": [ 8.1875, 0, 8.25, 0.0625 ], "texture": "#dvd_atlas" },
				"west": { "uv": [ 12.9375, 9.375, 14.25, 9.4375 ], "texture": "#dvd_atlas" },
				"east": { "uv": [ 14.875, 7.625, 13.5625, 7.6875 ], "texture": "#dvd_atlas" }
			}
		},
		{
			"__comment": "Voxels",
			"from": [ -3.25, -3, 10.5 ],
			"to": [ 19.5, -2.75, 10.75 ],
			"faces": {
				"up": { "uv": [ 9.75, 8, 15.4375, 7.9375 ], "texture": "#dvd_atlas" },
				"north": { "uv": [ 15.4375, 8, 9.75, 8.0625 ], "texture": "#dvd_atlas" },
				"south": { "uv": [ 9.75, 8.0625, 15.4375, 8.125 ], "texture": "#dvd_atlas" },
				"east": { "uv": [ 16, 10.625, 15.9375, 10.6875 ], "texture": "#dvd_atlas" }
			}
		},
		{
			"__comment": "Voxels",
			"from": [ -3.25, -2.75, 5.25 ],
			"to": [ 19.25, -2.5, 5.75 ],
			"faces": {
				"down": { "uv": [ 9.75, 8.375, 15.375, 8.5 ], "texture": "#dvd_atlas" },
				"up": { "uv": [ 9.75, 8.625, 15.375, 8.5 ], "texture": "#dvd_atlas" },
				"north": { "uv": [ 15.375, 7.75, 9.75, 7.8125 ], "texture": "#dvd_atlas" },
				"south": { "uv": [ 9.75, 7.8125, 15.375, 7.875 ], "texture": "#dvd_atlas" },
				"west": { "uv": [ 15.875, 8.4375, 16, 8.5 ], "texture": "#dvd_atlas" },
				"east": { "uv": [ 16, 8.625, 15.875, 8.6875 ], "texture": "#dvd_atlas" }
			}
		},
		{
			"__comment": "Voxels",
			"from": [ -3.25, -2.75, 5.75 ],
			"to": [ -2.75, -2.5, 10.75 ],
			"faces": {
				"down": { "uv": [ 9.625, 3.625, 9.75, 4.875 ], "texture": "#dvd_atlas" },
				"up": { "uv": [ 9.5, 4.875, 9.625, 3.625 ], "texture": "#dvd_atlas" },
				"south": { "uv": [ 6.3125, 0, 6.4375, 0.0625 ], "texture": "#dvd_atlas" },
				"west": { "uv": [ 14.25, 9.375, 15.5, 9.4375 ], "texture": "#dvd_atlas" },
				"east": { "uv": [ 14.8125, 7.4375, 13.5625, 7.5 ], "texture": "#dvd_atlas" }
			}
		},
		{
			"__comment": "Voxels",
			"from": [ -3, -2.5, 5.5 ],
			"to": [ 19, 19.25, 5.75 ],
			"faces": {
				"up": { "uv": [ 9.75, 7.75, 15.25, 7.6875 ], "texture": "#dvd_atlas" },
				"north": { "uv": [ 11, 10.5625, 5.5, 16 ], "texture": "#dvd_atlas" },
				"south": { "uv": [ 0, 10.5625, 5.5, 16 ], "texture": "#dvd_atlas" },
				"west": { "uv": [ 8.0625, 1.8125, 8.125, 7.25 ], "texture": "#dvd_atlas" },
				"east": { "uv": [ 8.1875, 1.8125, 8.125, 7.25 ], "texture": "#dvd_atlas" }
			}
		},
		{
			"__comment": "Voxels",
			"from": [ -3, -2.5, 5.75 ],
			"to": [ -2.75, 19.25, 7.5 ],
			"faces": {
				"up": { "uv": [ 10.125, 4.6875, 10.1875, 4.25 ], "texture": "#dvd_atlas" },
				"south": { "uv": [ 8.25, 1.625, 8.3125, 7.0625 ], "texture": "#dvd_atlas" },
				"west": { "uv": [ 5.75, 5.125, 6.1875, 10.5625 ], "texture": "#dvd_atlas" },
				"east": { "uv": [ 6.625, 5.125, 6.1875, 10.5625 ], "texture": "#dvd_atlas" }
			}
		},
		{
			"__comment": "Voxels",
			"from": [ -3, -2.5, 7.5 ],
			"to": [ -2.75, -0.75, 10.5 ],
			"faces": {
				"up": { "uv": [ 9.5625, 1.5625, 9.625, 0.8125 ], "texture": "#dvd_atlas" },
				"south": { "uv": [ 10.125, 4.6875, 10.1875, 5.125 ], "texture": "#dvd_atlas" },
				"west": { "uv": [ 15.25, 15.5625, 16, 16 ], "texture": "#dvd_atlas" },
				"east": { "uv": [ 16, 15.125, 15.25, 15.5625 ], "texture": "#dvd_atlas" }
			}
		},
		{
			"__comment": "Voxels",
			"from": [ -3, -0.75, 8.25 ],
			"to": [ -2.75, 19.25, 9 ],
			"faces": {
				"up": { "uv": [ 9.6875, 2.5, 9.75, 2.3125 ], "texture": "#dvd_atlas" },
				"north": { "uv": [ 6.1875, 0.125, 6.125, 5.125 ], "texture": "#dvd_atlas" },
				"south": { "uv": [ 8.4375, 1.125, 8.5, 6.125 ], "texture": "#dvd_atlas" },
				"west": { "uv": [ 5.75, 0.125, 5.9375, 5.125 ], "texture": "#dvd_atlas" },
				"east": { "uv": [ 6.125, 0.125, 5.9375, 5.125 ], "texture": "#dvd_atlas" }
			}
		},
		{
			"__comment": "Voxels",
			"from": [ -3, -0.75, 9 ],
			"to": [ -2.75, 2.5, 10 ],
			"faces": {
				"up": { "uv": [ 15.875, 9.375, 15.9375, 9.125 ], "texture": "#dvd_atlas" },
				"south": { "uv": [ 9.0625, 0, 9.125, 0.8125 ], "texture": "#dvd_atlas" },
				"west": { "uv": [ 15.5, 13.4375, 15.75, 14.25 ], "texture": "#dvd_atlas" },
				"east": { "uv": [ 15.5, 13.4375, 15.25, 14.25 ], "texture": "#dvd_atlas" }
			}
		},
		{
			"__comment": "Voxels",
			"from": [ -3, -0.75, 10 ],
			"to": [ -2.75, 1.75, 10.5 ],
			"faces": {
				"up": { "uv": [ 5.6875, 3.4375, 5.75, 3.3125 ], "texture": "#dvd_atlas" },
				"south": { "uv": [ 9.5625, 1.5625, 9.625, 2.1875 ], "texture": "#dvd_atlas" },
				"west": { "uv": [ 9.1875, 1.5625, 9.3125, 2.1875 ], "texture": "#dvd_atlas" },
				"east": { "uv": [ 5.75, 2.6875, 5.625, 3.3125 ], "texture": "#dvd_atlas" }
			}
		},
		{
			"__comment": "Voxels",
			"from": [ -3, 0, 7.5 ],
			"to": [ -2.75, 19.25, 8.25 ],
			"faces": {
				"down": { "uv": [ 9.5625, 2.3125, 9.625, 2.5 ], "texture": "#dvd_atlas" },
				"up": { "uv": [ 5.6875, 7.0625, 5.75, 6.875 ], "texture": "#dvd_atlas" },
				"west": { "uv": [ 6.1875, 0.3125, 6.375, 5.125 ], "texture": "#dvd_atlas" },
				"east": { "uv": [ 6.5625, 0.3125, 6.375, 5.125 ], "texture": "#dvd_atlas" }
			}
		},
		{
			"__comment": "Voxels",
			"from": [ -3, 2.5, 9.25 ],
			"to": [ -2.75, 19.25, 10 ],
			"faces": {
				"up": { "uv": [ 9.8125, 2.5, 9.875, 2.3125 ], "texture": "#dvd_atlas" },
				"north": { "uv": [ 7.5, 1, 7.4375, 5.1875 ], "texture": "#dvd_atlas" },
				"south": { "uv": [ 9, 1.8125, 9.0625, 6 ], "texture": "#dvd_atlas" },
				"west": { "uv": [ 7.25, 1, 7.4375, 5.1875 ], "texture": "#dvd_atlas" },
				"east": { "uv": [ 7.25, 1, 7.0625, 5.1875 ], "texture": "#dvd_atlas" }
			}
		},
		{
			"__comment": "Voxels",
			"from": [ -3, 2.75, 9 ],
			"to": [ -2.75, 13.5, 9.25 ],
			"faces": {
				"down": { "uv": [ 15.125, 6.9375, 15.1875, 7 ], "texture": "#dvd_atlas" },
				"up": { "uv": [ 15.0625, 7, 15.125, 6.9375 ], "texture": "#dvd_atlas" },
				"west": { "uv": [ 7.875, 0.5, 7.9375, 3.1875 ], "texture": "#dvd_atlas" },
				"east": { "uv": [ 8, 0.5, 7.9375, 3.1875 ], "texture": "#dvd_atlas" }
			}
		},
		{
			"__comment": "Voxels",
			"from": [ -3, 3.75, 10 ],
			"to": [ -2.75, 12.75, 10.5 ],
			"faces": {
				"down": { "uv": [ 15.9375, 9, 16, 9.125 ], "texture": "#dvd_atlas" },
				"up": { "uv": [ 5.6875, 1.0625, 5.75, 0.9375 ], "texture": "#dvd_atlas" },
				"south": { "uv": [ 10.0625, 2.875, 10.125, 5.125 ], "texture": "#dvd_atlas" },
				"west": { "uv": [ 7.5, 0.5, 7.625, 2.75 ], "texture": "#dvd_atlas" },
				"east": { "uv": [ 7.75, 0.5, 7.625, 2.75 ], "texture": "#dvd_atlas" }
			}
		},
		{
			"__comment": "Voxels",
			"from": [ -3, 13.75, 9 ],
			"to": [ -2.75, 19.25, 9.25 ],
			"faces": {
				"down": { "uv": [ 14.875, 6.9375, 14.9375, 7 ], "texture": "#dvd_atlas" },
				"up": { "uv": [ 14.8125, 7, 14.875, 6.9375 ], "texture": "#dvd_atlas" },
				"west": { "uv": [ 8.375, 0, 8.4375, 1.375 ], "texture": "#dvd_atlas" },
				"east": { "uv": [ 8.375, 0, 8.3125, 1.375 ], "texture": "#dvd_atlas" }
			}
		},
		{
			"__comment": "Voxels",
			"from": [ -3, 14.5, 10 ],
			"to": [ -2, 14.75, 10.5 ],
			"faces": {
				"down": { "uv": [ 5.4375, 3.4375, 5.6875, 3.5625 ], "texture": "#dvd_atlas" },
				"up": { "uv": [ 5.4375, 3.4375, 5.6875, 3.3125 ], "texture": "#dvd_atlas" },
				"north": { "uv": [ 15.5, 7, 15.25, 7.0625 ], "texture": "#dvd_atlas" },
				"south": { "uv": [ 13.6875, 6.9375, 13.9375, 7 ], "texture": "#dvd_atlas" },
				"west": { "uv": [ 14.375, 6.9375, 14.5, 7 ], "texture": "#dvd_atlas" },
				"east": { "uv": [ 16, 7.25, 15.875, 7.3125 ], "texture": "#dvd_atlas" }
			}
		},
		{
			"__comment": "Voxels",
			"from": [ -3, 14.75, 10 ],
			"to": [ -2.75, 19.25, 10.5 ],
			"faces": {
				"up": { "uv": [ 8.0625, 0.125, 8.125, 0 ], "texture": "#dvd_atlas" },
				"south": { "uv": [ 8.5, 0.0625, 8.5625, 1.1875 ], "texture": "#dvd_atlas" },
				"west": { "uv": [ 9.5, 2.5, 9.625, 3.625 ], "texture": "#dvd_atlas" },
				"east": { "uv": [ 9.75, 2.5, 9.625, 3.625 ], "texture": "#dvd_atlas" }
			}
		},
		{
			"__comment": "Voxels",
			"from": [ -2.75, -2.75, 10.5 ],
			"to": [ 19.25, -2.5, 10.75 ],
			"faces": {
				"up": { "uv": [ 8.0625, 7.5, 13.5625, 7.4375 ], "texture": "#dvd_atlas" },
				"north": { "uv": [ 13.5625, 7.5, 8.0625, 7.5625 ], "texture": "#dvd_atlas" },
				"south": { "uv": [ 8.0625, 7.5625, 13.5625, 7.625 ], "texture": "#dvd_atlas" },
				"east": { "uv": [ 15.25, 6.9375, 15.1875, 7 ], "texture": "#dvd_atlas" }
			}
		},
		{
			"__comment": "Voxels",
			"from": [ -2.75, -2.5, 10.5 ],
			"to": [ 18.75, 1.75, 10.75 ],
			"faces": {
				"up": { "uv": [ 8.4375, 6.5625, 13.8125, 6.5 ], "texture": "#dvd_atlas" },
				"north": { "uv": [ 5.375, 5.8125, 0, 6.875 ], "texture": "#dvd_atlas" },
				"south": { "uv": [ 0, 6.875, 5.375, 7.9375 ], "texture": "#dvd_atlas" },
				"west": { "uv": [ 9, 0.75, 9.0625, 1.8125 ], "texture": "#dvd_atlas" },
				"east": { "uv": [ 8.625, 0.125, 8.5625, 1.1875 ], "texture": "#dvd_atlas" }
			}
		},
		{
			"__comment": "Voxels",
			"from": [ -2.75, 1.75, 9.75 ],
			"to": [ -2, 3.75, 10 ],
			"faces": {
				"down": { "uv": [ 14.1875, 6.9375, 14.375, 7 ], "texture": "#dvd_atlas" },
				"up": { "uv": [ 15.8125, 7.125, 16, 7.0625 ], "texture": "#dvd_atlas" },
				"north": { "uv": [ 15.875, 7.6875, 15.6875, 8.1875 ], "texture": "#dvd_atlas" },
				"south": { "uv": [ 15.5, 7.6875, 15.6875, 8.1875 ], "texture": "#dvd_atlas" },
				"west": { "uv": [ 9.6875, 1.0625, 9.75, 1.5625 ], "texture": "#dvd_atlas" },
				"east": { "uv": [ 9.8125, 1.0625, 9.75, 1.5625 ], "texture": "#dvd_atlas" }
			}
		},
		{
			"__comment": "Voxels",
			"from": [ -2.75, 1.75, 10 ],
			"to": [ -1.75, 2, 10.5 ],
			"faces": {
				"down": { "uv": [ 15.6875, 9, 15.9375, 9.125 ], "texture": "#dvd_atlas" },
				"up": { "uv": [ 15.6875, 9, 15.9375, 8.875 ], "texture": "#dvd_atlas" },
				"north": { "uv": [ 15.8125, 7.0625, 15.5625, 7.125 ], "texture": "#dvd_atlas" },
				"south": { "uv": [ 15.3125, 7.0625, 15.5625, 7.125 ], "texture": "#dvd_atlas" },
				"west": { "uv": [ 15.375, 7.8125, 15.5, 7.875 ], "texture": "#dvd_atlas" },
				"east": { "uv": [ 16, 8.375, 15.875, 8.4375 ], "texture": "#dvd_atlas" }
			}
		},
		{
			"__comment": "Voxels",
			"from": [ -2.75, 3.5, 10 ],
			"to": [ -1.75, 3.75, 10.5 ],
			"faces": {
				"down": { "uv": [ 5.375, 6.9375, 5.625, 7.0625 ], "texture": "#dvd_atlas" },
				"up": { "uv": [ 5.375, 5.0625, 5.625, 4.9375 ], "texture": "#dvd_atlas" },
				"north": { "uv": [ 15.875, 7.125, 15.625, 7.1875 ], "texture": "#dvd_atlas" },
				"south": { "uv": [ 15.375, 7.125, 15.625, 7.1875 ], "texture": "#dvd_atlas" },
				"west": { "uv": [ 15.875, 7.125, 16, 7.1875 ], "texture": "#dvd_atlas" },
				"east": { "uv": [ 6.3125, 0, 6.1875, 0.0625 ], "texture": "#dvd_atlas" }
			}
		},
		{
			"__comment": "Voxels",
			"from": [ -2.75, 3.75, 10.5 ],
			"to": [ 18.75, 6, 10.75 ],
			"faces": {
				"down": { "uv": [ 8.4375, 6.6875, 13.8125, 6.75 ], "texture": "#dvd_atlas" },
				"up": { "uv": [ 8.4375, 6.6875, 13.8125, 6.625 ], "texture": "#dvd_atlas" },
				"north": { "uv": [ 5.375, 2, 0, 2.5625 ], "texture": "#dvd_atlas" },
				"south": { "uv": [ 0, 1.4375, 5.375, 2 ], "texture": "#dvd_atlas" },
				"west": { "uv": [ 9.6875, 1.625, 9.75, 2.1875 ], "texture": "#dvd_atlas" },
				"east": { "uv": [ 9.6875, 1.625, 9.625, 2.1875 ], "texture": "#dvd_atlas" }
			}
		},
		{
			"__comment": "Voxels",
			"from": [ -2.75, 6, 10.5 ],
			"to": [ 1.75, 12.75, 10.75 ],
			"faces": {
				"up": { "uv": [ 14.875, 7.625, 16, 7.5625 ], "texture": "#dvd_atlas" },
				"north": { "uv": [ 9.75, 7.6875, 8.625, 9.375 ], "texture": "#dvd_atlas" },
				"south": { "uv": [ 7.5, 7.6875, 8.625, 9.375 ], "texture": "#dvd_atlas" },
				"west": { "uv": [ 8.125, 0.125, 8.1875, 1.8125 ], "texture": "#dvd_atlas" },
				"east": { "uv": [ 8.125, 0.125, 8.0625, 1.8125 ], "texture": "#dvd_atlas" }
			}
		},
		{
			"__comment": "Voxels",
			"from": [ -2.75, 12.75, 9.75 ],
			"to": [ -2, 14.5, 10 ],
			"faces": {
				"down": { "uv": [ 15.8125, 7.3125, 16, 7.375 ], "texture": "#dvd_atlas" },
				"up": { "uv": [ 7.875, 0.0625, 8.0625, 0 ], "texture": "#dvd_atlas" },
				"north": { "uv": [ 7.0625, 0, 6.875, 0.4375 ], "texture": "#dvd_atlas" },
				"south": { "uv": [ 15.8125, 10.125, 16, 10.5625 ], "texture": "#dvd_atlas" },
				"east": { "uv": [ 9.9375, 1.125, 9.875, 1.5625 ], "texture": "#dvd_atlas" }
			}
		},
		{
			"__comment": "Voxels",
			"from": [ -2.75, 12.75, 10 ],
			"to": [ -1.75, 13, 10.5 ],
			"faces": {
				"down": { "uv": [ 5.4375, 2.5625, 5.6875, 2.6875 ], "texture": "#dvd_atlas" },
				"up": { "uv": [ 5.375, 1.5625, 5.625, 1.4375 ], "texture": "#dvd_atlas" },
				"north": { "uv": [ 15.875, 7.1875, 15.625, 7.25 ], "texture": "#dvd_atlas" },
				"south": { "uv": [ 15.375, 7.1875, 15.625, 7.25 ], "texture": "#dvd_atlas" },
				"west": { "uv": [ 15.875, 7.75, 16, 7.8125 ], "texture": "#dvd_atlas" },
				"east": { "uv": [ 15.375, 7.6875, 15.25, 7.75 ], "texture": "#dvd_atlas" }
			}
		},
		{
			"__comment": "Voxels",
			"from": [ -2.75, 14.5, 9.75 ],
			"to": [ -2.5, 14.75, 10 ],
			"faces": {
				"up": { "uv": [ 13.9375, 6.9375, 14, 6.875 ], "texture": "#dvd_atlas" },
				"north": { "uv": [ 14.8125, 6.9375, 14.75, 7 ], "texture": "#dvd_atlas" },
				"east": { "uv": [ 13.75, 6.875, 13.6875, 6.9375 ], "texture": "#dvd_atlas" }
			}
		},
		{
			"__comment": "Voxels",
			"from": [ -2.75, 14.5, 10.5 ],
			"to": [ 18.75, 18, 10.75 ],
			"faces": {
				"down": { "uv": [ 8.3125, 6.75, 13.6875, 6.8125 ], "texture": "#dvd_atlas" },
				"up": { "uv": [ 8.3125, 6.875, 13.6875, 6.8125 ], "texture": "#dvd_atlas" },
				"north": { "uv": [ 5.375, 4.9375, 0, 5.8125 ], "texture": "#dvd_atlas" },
				"south": { "uv": [ 0, 4.0625, 5.375, 4.9375 ], "texture": "#dvd_atlas" },
				"west": { "uv": [ 9.125, 0.8125, 9.1875, 1.6875 ], "texture": "#dvd_atlas" },
				"east": { "uv": [ 9.375, 0.6875, 9.3125, 1.5625 ], "texture": "#dvd_atlas" }
			}
		},
		{
			"__comment": "Voxels",
			"from": [ -2.75, 17.25, 8.75 ],
			"to": [ 19, 19.25, 9 ],
			"faces": {
				"down": { "uv": [ 8.0625, 7.25, 13.5, 7.3125 ], "texture": "#dvd_atlas" },
				"up": { "uv": [ 8.0625, 7.375, 13.5, 7.3125 ], "texture": "#dvd_atlas" },
				"north": { "uv": [ 5.4375, 0.9375, 0, 1.4375 ], "texture": "#dvd_atlas" },
				"south": { "uv": [ 0, 0.4375, 5.4375, 0.9375 ], "texture": "#dvd_atlas" },
				"east": { "uv": [ 9.25, 0.1875, 9.1875, 0.6875 ], "texture": "#dvd_atlas" }
			}
		},
		{
			"__comment": "Voxels",
			"from": [ -2.75, 17.25, 9 ],
			"to": [ 19, 17.5, 10.5 ],
			"faces": {
				"down": { "uv": [ 7.5, 9.375, 12.9375, 9.75 ], "texture": "#dvd_atlas" },
				"up": { "uv": [ 7.5, 10.125, 12.9375, 9.75 ], "texture": "#dvd_atlas" },
				"south": { "uv": [ 8.3125, 7, 13.75, 7.0625 ], "texture": "#dvd_atlas" },
				"west": { "uv": [ 15.5, 8.6875, 15.875, 8.75 ], "texture": "#dvd_atlas" },
				"east": { "uv": [ 15.875, 8.75, 15.5, 8.8125 ], "texture": "#dvd_atlas" }
			}
		},
		{
			"__comment": "Voxels",
			"from": [ -2.75, 17.5, 9 ],
			"to": [ -2.5, 19.25, 10.5 ],
			"faces": {
				"up": { "uv": [ 10.125, 3.0625, 10.1875, 2.6875 ], "texture": "#dvd_atlas" },
				"south": { "uv": [ 9.375, 0.25, 9.4375, 0.6875 ], "texture": "#dvd_atlas" },
				"west": { "uv": [ 5.375, 7.5, 5.75, 7.9375 ], "texture": "#dvd_atlas" },
				"east": { "uv": [ 5.75, 7.0625, 5.375, 7.5 ], "texture": "#dvd_atlas" }
			}
		},
		{
			"__comment": "Voxels",
			"from": [ -2.75, 18, 10.5 ],
			"to": [ -1.75, 19.25, 10.75 ],
			"faces": {
				"up": { "uv": [ 13.9375, 7, 14.1875, 6.9375 ], "texture": "#dvd_atlas" },
				"north": { "uv": [ 14.75, 10.5625, 14.5, 10.875 ], "texture": "#dvd_atlas" },
				"south": { "uv": [ 14.75, 10.5625, 15, 10.875 ], "texture": "#dvd_atlas" },
				"west": { "uv": [ 6.4375, 0, 6.5, 0.3125 ], "texture": "#dvd_atlas" },
				"east": { "uv": [ 15.0625, 10.5625, 15, 10.875 ], "texture": "#dvd_atlas" }
			}
		},
		{
			"__comment": "Voxels",
			"from": [ -2.75, 19, 5.75 ],
			"to": [ 19, 19.25, 8.75 ],
			"faces": {
				"down": { "uv": [ 0, 2.5625, 5.4375, 3.3125 ], "texture": "#dvd_atlas" },
				"up": { "uv": [ 0, 4.0625, 5.4375, 3.3125 ], "texture": "#dvd_atlas" },
				"west": { "uv": [ 14.5, 7, 15.25, 7.0625 ], "texture": "#dvd_atlas" },
				"east": { "uv": [ 14.5, 7, 13.75, 7.0625 ], "texture": "#dvd_atlas" }
			}
		},
		{
			"__comment": "Voxels",
			"from": [ -2.5, 17.5, 10.25 ],
			"to": [ 19, 19.25, 10.5 ],
			"faces": {
				"up": { "uv": [ 8.3125, 6.9375, 13.6875, 6.875 ], "texture": "#dvd_atlas" },
				"north": { "uv": [ 12.875, 10.125, 7.5, 10.5625 ], "texture": "#dvd_atlas" },
				"south": { "uv": [ 0, 0, 5.375, 0.4375 ], "texture": "#dvd_atlas" },
				"east": { "uv": [ 9.75, 0.25, 9.6875, 0.6875 ], "texture": "#dvd_atlas" }
			}
		},
		{
			"__comment": "Voxels",
			"from": [ -2, 1.75, 10.5 ],
			"to": [ 18, 3.75, 10.75 ],
			"faces": {
				"north": { "uv": [ 16, 12.875, 11, 13.375 ], "texture": "#dvd_atlas" },
				"south": { "uv": [ 11, 12.375, 16, 12.875 ], "texture": "#dvd_atlas" },
				"west": { "uv": [ 9.75, 1.6875, 9.8125, 2.1875 ], "texture": "#dvd_atlas" },
				"east": { "uv": [ 10, 1.6875, 9.9375, 2.1875 ], "texture": "#dvd_atlas" }
			}
		},
		{
			"__comment": "Voxels",
			"from": [ -2, 2, 10 ],
			"to": [ -1.75, 3.5, 10.5 ],
			"faces": {
				"north": { "uv": [ 10.1875, 1.5625, 10.125, 1.9375 ], "texture": "#dvd_atlas" },
				"west": { "uv": [ 9.75, 2.5, 9.875, 2.875 ], "texture": "#dvd_atlas" },
				"east": { "uv": [ 5.75, 4.0625, 5.625, 4.4375 ], "texture": "#dvd_atlas" }
			}
		},
		{
			"__comment": "Voxels",
			"from": [ -2, 12.75, 10.5 ],
			"to": [ 18, 14.5, 10.75 ],
			"faces": {
				"down": { "uv": [ 8.4375, 6.3125, 13.4375, 6.375 ], "texture": "#dvd_atlas" },
				"north": { "uv": [ 16, 11.5, 11, 11.9375 ], "texture": "#dvd_atlas" },
				"south": { "uv": [ 11, 11.9375, 16, 12.375 ], "texture": "#dvd_atlas" },
				"west": { "uv": [ 9.25, 0.25, 9.3125, 0.6875 ], "texture": "#dvd_atlas" },
				"east": { "uv": [ 9.5625, 0.25, 9.5, 0.6875 ], "texture": "#dvd_atlas" }
			}
		},
		{
			"__comment": "Voxels",
			"from": [ -2, 13, 10 ],
			"to": [ -1.75, 14.5, 10.5 ],
			"faces": {
				"up": { "uv": [ 9.6875, 2.3125, 9.75, 2.1875 ], "texture": "#dvd_atlas" },
				"north": { "uv": [ 10, 0.6875, 9.9375, 1.0625 ], "texture": "#dvd_atlas" },
				"west": { "uv": [ 15.875, 7.8125, 16, 8.1875 ], "texture": "#dvd_atlas" },
				"east": { "uv": [ 5.75, 1.625, 5.625, 2 ], "texture": "#dvd_atlas" }
			}
		},
		{
			"__comment": "Voxels",
			"from": [ -2, 14.5, 10.25 ],
			"to": [ -1.75, 14.75, 10.5 ],
			"faces": {
				"up": { "uv": [ 15.625, 7, 15.6875, 6.9375 ], "texture": "#dvd_atlas" },
				"north": { "uv": [ 15.75, 6.9375, 15.6875, 7 ], "texture": "#dvd_atlas" },
				"east": { "uv": [ 14.625, 6.9375, 14.5625, 7 ], "texture": "#dvd_atlas" }
			}
		},
		{
			"__comment": "Voxels",
			"from": [ -1.75, 18.25, 10.5 ],
			"to": [ 18.75, 19.25, 10.75 ],
			"faces": {
				"down": { "uv": [ 8.4375, 6.375, 13.5625, 6.4375 ], "texture": "#dvd_atlas" },
				"up": { "uv": [ 8.4375, 6.5, 13.5625, 6.4375 ], "texture": "#dvd_atlas" },
				"south": { "uv": [ 9.75, 9.125, 14.875, 9.375 ], "texture": "#dvd_atlas" },
				"east": { "uv": [ 16, 9.125, 15.9375, 9.375 ], "texture": "#dvd_atlas" }
			}
		},
		{
			"__comment": "Voxels",
			"from": [ -1.5, 18, 10.5 ],
			"to": [ 2.75, 18.25, 10.75 ],
			"faces": {
				"south": { "uv": [ 14.75, 7.3125, 15.8125, 7.375 ], "texture": "#dvd_atlas" },
				"west": { "uv": [ 14.6875, 6.9375, 14.75, 7 ], "texture": "#dvd_atlas" },
				"east": { "uv": [ 14.6875, 6.9375, 14.625, 7 ], "texture": "#dvd_atlas" }
			}
		},
		{
			"__comment": "Voxels",
			"from": [ 0.75, 17.5, 9 ],
			"to": [ 4.25, 19, 9.25 ],
			"faces": {
				"up": { "uv": [ 15.0625, 10.625, 15.9375, 10.5625 ], "texture": "#dvd_atlas" },
				"south": { "uv": [ 15.0625, 11.125, 15.9375, 11.5 ], "texture": "#dvd_atlas" },
				"west": { "uv": [ 9.8125, 0.6875, 9.875, 1.0625 ], "texture": "#dvd_atlas" },
				"east": { "uv": [ 5.75, 0.5625, 5.6875, 0.9375 ], "texture": "#dvd_atlas" }
			}
		},
		{
			"__comment": "Voxels",
			"from": [ 0.75, 17.5, 9.25 ],
			"to": [ 1, 19, 10.25 ],
			"faces": {
				"up": { "uv": [ 8.1875, 0.3125, 8.25, 0.0625 ], "texture": "#dvd_atlas" },
				"west": { "uv": [ 5.375, 0.0625, 5.625, 0.4375 ], "texture": "#dvd_atlas" },
				"east": { "uv": [ 6.875, 0.0625, 6.625, 0.4375 ], "texture": "#dvd_atlas" }
			}
		},
		{
			"__comment": "Voxels",
			"from": [ 0.75, 19, 10 ],
			"to": [ 4.25, 19.25, 10.25 ],
			"faces": {
				"down": { "uv": [ 14.5, 7.125, 15.375, 7.1875 ], "texture": "#dvd_atlas" },
				"up": { "uv": [ 13.625, 7.25, 14.5, 7.1875 ], "texture": "#dvd_atlas" },
				"north": { "uv": [ 15.375, 7.1875, 14.5, 7.25 ], "texture": "#dvd_atlas" },
				"west": { "uv": [ 14.1875, 6.875, 14.25, 6.9375 ], "texture": "#dvd_atlas" },
				"east": { "uv": [ 14.125, 6.875, 14.0625, 6.9375 ], "texture": "#dvd_atlas" }
			}
		},
		{
			"__comment": "Voxels",
			"from": [ 1, 19, 9 ],
			"to": [ 4.25, 19.25, 10 ],
			"faces": {
				"down": { "uv": [ 9.1875, 4.875, 10, 5.125 ], "texture": "#dvd_atlas" },
				"up": { "uv": [ 14.875, 9.125, 15.6875, 8.875 ], "texture": "#dvd_atlas" },
				"west": { "uv": [ 15.5, 7, 15.75, 7.0625 ], "texture": "#dvd_atlas" },
				"east": { "uv": [ 16, 7, 15.75, 7.0625 ], "texture": "#dvd_atlas" }
			}
		},
		{
			"__comment": "Voxels",
			"from": [ 1.75, 7.5, 10.5 ],
			"to": [ 18.75, 12.75, 10.75 ],
			"faces": {
				"down": { "uv": [ 9, 6, 13.25, 6.0625 ], "texture": "#dvd_atlas" },
				"up": { "uv": [ 9, 6.125, 13.25, 6.0625 ], "texture": "#dvd_atlas" },
				"north": { "uv": [ 15.25, 13.375, 11, 14.6875 ], "texture": "#dvd_atlas" },
				"south": { "uv": [ 11, 14.6875, 15.25, 16 ], "texture": "#dvd_atlas" },
				"east": { "uv": [ 8.75, 0.0625, 8.6875, 1.375 ], "texture": "#dvd_atlas" }
			}
		},
		{
			"__comment": "Voxels",
			"from": [ 2.25, 7.25, 10.5 ],
			"to": [ 18.75, 7.5, 10.75 ],
			"faces": {
				"down": { "uv": [ 9.0625, 5.8125, 13.1875, 5.875 ], "texture": "#dvd_atlas" },
				"north": { "uv": [ 13.1875, 5.9375, 9.0625, 6 ], "texture": "#dvd_atlas" },
				"south": { "uv": [ 9.0625, 5.875, 13.1875, 5.9375 ], "texture": "#dvd_atlas" },
				"west": { "uv": [ 14.125, 6.875, 14.1875, 6.9375 ], "texture": "#dvd_atlas" },
				"east": { "uv": [ 15.5625, 6.9375, 15.5, 7 ], "texture": "#dvd_atlas" }
			}
		},
		{
			"__comment": "Voxels",
			"from": [ 2.5, 6, 10.5 ],
			"to": [ 18.75, 7.25, 10.75 ],
			"faces": {
				"north": { "uv": [ 15.0625, 10.875, 11, 11.1875 ], "texture": "#dvd_atlas" },
				"south": { "uv": [ 11, 11.1875, 15.0625, 11.5 ], "texture": "#dvd_atlas" },
				"west": { "uv": [ 6.5, 0, 6.5625, 0.3125 ], "texture": "#dvd_atlas" },
				"east": { "uv": [ 6.625, 0, 6.5625, 0.3125 ], "texture": "#dvd_atlas" }
			}
		},
		{
			"__comment": "Voxels",
			"from": [ 3, 18, 10.5 ],
			"to": [ 18.75, 18.25, 10.75 ],
			"faces": {
				"south": { "uv": [ 9.0625, 5.5625, 13, 5.625 ], "texture": "#dvd_atlas" },
				"west": { "uv": [ 14.9375, 6.9375, 15, 7 ], "texture": "#dvd_atlas" },
				"east": { "uv": [ 16, 7.5, 15.9375, 7.5625 ], "texture": "#dvd_atlas" }
			}
		},
		{
			"__comment": "Voxels",
			"from": [ 4, 17.5, 9.25 ],
			"to": [ 4.25, 19, 10.25 ],
			"faces": {
				"up": { "uv": [ 8.75, 0.3125, 8.8125, 0.0625 ], "texture": "#dvd_atlas" },
				"west": { "uv": [ 5.4375, 1.0625, 5.6875, 1.4375 ], "texture": "#dvd_atlas" },
				"east": { "uv": [ 10, 2.875, 9.75, 3.25 ], "texture": "#dvd_atlas" }
			}
		},
		{
			"__comment": "Voxels",
			"from": [ 4.5, 17.5, 9 ],
			"to": [ 16.25, 19, 9.25 ],
			"faces": {
				"up": { "uv": [ 12.875, 10.1875, 15.8125, 10.125 ], "texture": "#dvd_atlas" },
				"south": { "uv": [ 12.875, 10.1875, 15.8125, 10.5625 ], "texture": "#dvd_atlas" },
				"west": { "uv": [ 15.9375, 10.75, 16, 11.125 ], "texture": "#dvd_atlas" },
				"east": { "uv": [ 5.75, 1.0625, 5.6875, 1.4375 ], "texture": "#dvd_atlas" }
			}
		},
		{
			"__comment": "Voxels",
			"from": [ 4.5, 17.5, 9.25 ],
			"to": [ 4.75, 19, 10.25 ],
			"faces": {
				"up": { "uv": [ 9.5, 2.5, 9.5625, 2.25 ], "texture": "#dvd_atlas" },
				"west": { "uv": [ 15.75, 9.375, 16, 9.75 ], "texture": "#dvd_atlas" },
				"east": { "uv": [ 7.3125, 0, 7.0625, 0.375 ], "texture": "#dvd_atlas" }
			}
		},
		{
			"__comment": "Voxels",
			"from": [ 4.5, 19, 10 ],
			"to": [ 19, 19.25, 10.25 ],
			"faces": {
				"down": { "uv": [ 9.1875, 5.125, 12.8125, 5.1875 ], "texture": "#dvd_atlas" },
				"up": { "uv": [ 9.1875, 5.25, 12.8125, 5.1875 ], "texture": "#dvd_atlas" },
				"north": { "uv": [ 12.8125, 5.25, 9.1875, 5.3125 ], "texture": "#dvd_atlas" },
				"west": { "uv": [ 15.4375, 8, 15.5, 8.0625 ], "texture": "#dvd_atlas" },
				"east": { "uv": [ 15.5, 7.9375, 15.4375, 8 ], "texture": "#dvd_atlas" }
			}
		},
		{
			"__comment": "Voxels",
			"from": [ 4.75, 19, 9 ],
			"to": [ 15, 19.25, 10 ],
			"faces": {
				"down": { "uv": [ 11, 10.625, 13.5625, 10.875 ], "texture": "#dvd_atlas" },
				"up": { "uv": [ 12.9375, 9.75, 15.5, 9.5 ], "texture": "#dvd_atlas" },
				"west": { "uv": [ 15.5, 13.375, 15.75, 13.4375 ], "texture": "#dvd_atlas" },
				"east": { "uv": [ 16, 13.375, 15.75, 13.4375 ], "texture": "#dvd_atlas" }
			}
		},
		{
			"__comment": "Voxels",
			"from": [ 15, 17.5, 9.25 ],
			"to": [ 15.5, 19, 10.25 ],
			"faces": {
				"up": { "uv": [ 6.3125, 0.3125, 6.4375, 0.0625 ], "texture": "#dvd_atlas" },
				"west": { "uv": [ 5.4375, 0.5625, 5.6875, 0.9375 ], "texture": "#dvd_atlas" },
				"east": { "uv": [ 5.625, 4.0625, 5.375, 4.4375 ], "texture": "#dvd_atlas" }
			}
		},
		{
			"__comment": "Voxels",
			"from": [ 15.25, 19, 9 ],
			"to": [ 19, 19.25, 10 ],
			"faces": {
				"down": { "uv": [ 13.5625, 10.625, 14.5, 10.875 ], "texture": "#dvd_atlas" },
				"up": { "uv": [ 14.875, 9.375, 15.8125, 9.125 ], "texture": "#dvd_atlas" },
				"west": { "uv": [ 5.375, 6.875, 5.625, 6.9375 ], "texture": "#dvd_atlas" },
				"east": { "uv": [ 5.625, 0, 5.375, 0.0625 ], "texture": "#dvd_atlas" }
			}
		},
		{
			"__comment": "Voxels",
			"from": [ 17.5, 17.5, 9 ],
			"to": [ 19, 19, 9.25 ],
			"faces": {
				"south": { "uv": [ 5.375, 5.4375, 5.75, 5.8125 ], "texture": "#dvd_atlas" },
				"west": { "uv": [ 10.125, 1.1875, 10.1875, 1.5625 ], "texture": "#dvd_atlas" },
				"east": { "uv": [ 9.9375, 2.5, 9.875, 2.875 ], "texture": "#dvd_atlas" }
			}
		},
		{
			"__comment": "Voxels",
			"from": [ 17.75, 1.75, 10 ],
			"to": [ 18.75, 2, 10.5 ],
			"faces": {
				"down": { "uv": [ 5.4375, 0.4375, 5.6875, 0.5625 ], "texture": "#dvd_atlas" },
				"up": { "uv": [ 5.9375, 0.125, 6.1875, 0 ], "texture": "#dvd_atlas" },
				"north": { "uv": [ 6.875, 0, 6.625, 0.0625 ], "texture": "#dvd_atlas" },
				"south": { "uv": [ 15.375, 8.4375, 15.625, 8.5 ], "texture": "#dvd_atlas" },
				"west": { "uv": [ 15.875, 7.1875, 16, 7.25 ], "texture": "#dvd_atlas" },
				"east": { "uv": [ 16, 7.6875, 15.875, 7.75 ], "texture": "#dvd_atlas" }
			}
		},
		{
			"__comment": "Voxels",
			"from": [ 17.75, 2, 10 ],
			"to": [ 18, 3.75, 10.5 ],
			"faces": {
				"up": { "uv": [ 5.6875, 0.5625, 5.75, 0.4375 ], "texture": "#dvd_atlas" },
				"north": { "uv": [ 9.6875, 0.25, 9.625, 0.6875 ], "texture": "#dvd_atlas" },
				"west": { "uv": [ 5.625, 2.125, 5.75, 2.5625 ], "texture": "#dvd_atlas" },
				"east": { "uv": [ 5.75, 4.5, 5.625, 4.9375 ], "texture": "#dvd_atlas" }
			}
		},
		{
			"__comment": "Voxels",
			"from": [ 17.75, 12.75, 10 ],
			"to": [ 18.75, 13, 10.5 ],
			"faces": {
				"down": { "uv": [ 5.4375, 0.9375, 5.6875, 1.0625 ], "texture": "#dvd_atlas" },
				"up": { "uv": [ 5.375, 2.125, 5.625, 2 ], "texture": "#dvd_atlas" },
				"north": { "uv": [ 15.875, 8.4375, 15.625, 8.5 ], "texture": "#dvd_atlas" },
				"south": { "uv": [ 15.625, 8.375, 15.875, 8.4375 ], "texture": "#dvd_atlas" },
				"west": { "uv": [ 7.75, 0, 7.875, 0.0625 ], "texture": "#dvd_atlas" },
				"east": { "uv": [ 5.75, 5, 5.625, 5.0625 ], "texture": "#dvd_atlas" }
			}
		},
		{
			"__comment": "Voxels",
			"from": [ 17.75, 13, 10 ],
			"to": [ 18, 14.5, 10.5 ],
			"faces": {
				"up": { "uv": [ 8.5625, 0.125, 8.625, 0 ], "texture": "#dvd_atlas" },
				"north": { "uv": [ 9.75, 0.6875, 9.6875, 1.0625 ], "texture": "#dvd_atlas" },
				"west": { "uv": [ 7.5, 0.125, 7.625, 0.5 ], "texture": "#dvd_atlas" },
				"east": { "uv": [ 7.75, 0.125, 7.625, 0.5 ], "texture": "#dvd_atlas" }
			}
		},
		{
			"__comment": "Voxels",
			"from": [ 17.75, 14.5, 10.25 ],
			"to": [ 19, 14.75, 10.5 ],
			"faces": {
				"down": { "uv": [ 15.375, 8.5, 15.6875, 8.5625 ], "texture": "#dvd_atlas" },
				"up": { "uv": [ 15.6875, 8.625, 16, 8.5625 ], "texture": "#dvd_atlas" },
				"north": { "uv": [ 16, 8.5, 15.6875, 8.5625 ], "texture": "#dvd_atlas" },
				"south": { "uv": [ 15.375, 8.5625, 15.6875, 8.625 ], "texture": "#dvd_atlas" },
				"west": { "uv": [ 15.875, 6.9375, 15.9375, 7 ], "texture": "#dvd_atlas" },
				"east": { "uv": [ 14.5625, 6.875, 14.5, 6.9375 ], "texture": "#dvd_atlas" }
			}
		},
		{
			"__comment": "Voxels",
			"from": [ 18, 1.75, 9.75 ],
			"to": [ 19, 3.75, 10 ],
			"faces": {
				"down": { "uv": [ 15.5, 8.3125, 15.75, 8.375 ], "texture": "#dvd_atlas" },
				"up": { "uv": [ 15.75, 8.375, 16, 8.3125 ], "texture": "#dvd_atlas" },
				"north": { "uv": [ 5.6875, 3.5625, 5.4375, 4.0625 ], "texture": "#dvd_atlas" },
				"south": { "uv": [ 5.375, 4.4375, 5.625, 4.9375 ], "texture": "#dvd_atlas" },
				"west": { "uv": [ 9.875, 1.6875, 9.9375, 2.1875 ], "texture": "#dvd_atlas" },
				"east": { "uv": [ 9.875, 1.6875, 9.8125, 2.1875 ], "texture": "#dvd_atlas" }
			}
		},
		{
			"__comment": "Voxels",
			"from": [ 18, 3.5, 10 ],
			"to": [ 18.75, 3.75, 10.5 ],
			"faces": {
				"down": { "uv": [ 5.5625, 6.125, 5.75, 6.25 ], "texture": "#dvd_atlas" },
				"up": { "uv": [ 5.75, 0.125, 5.9375, 0 ], "texture": "#dvd_atlas" },
				"south": { "uv": [ 7.875, 0.0625, 8.0625, 0.125 ], "texture": "#dvd_atlas" },
				"east": { "uv": [ 16, 8.75, 15.875, 8.8125 ], "texture": "#dvd_atlas" }
			}
		},
		{
			"__comment": "Voxels",
			"from": [ 18, 12.75, 9.75 ],
			"to": [ 19, 14.5, 10 ],
			"faces": {
				"down": { "uv": [ 15.375, 8.375, 15.625, 8.4375 ], "texture": "#dvd_atlas" },
				"up": { "uv": [ 15.5, 8.3125, 15.75, 8.25 ], "texture": "#dvd_atlas" },
				"north": { "uv": [ 5.625, 1.5625, 5.375, 2 ], "texture": "#dvd_atlas" },
				"south": { "uv": [ 5.375, 2.125, 5.625, 2.5625 ], "texture": "#dvd_atlas" },
				"west": { "uv": [ 9.9375, 1.125, 10, 1.5625 ], "texture": "#dvd_atlas" },
				"east": { "uv": [ 9.875, 1.125, 9.8125, 1.5625 ], "texture": "#dvd_atlas" }
			}
		},
		{
			"__comment": "Voxels",
			"from": [ 18, 14.5, 10 ],
			"to": [ 19, 14.75, 10.25 ],
			"faces": {
				"down": { "uv": [ 15.75, 8.25, 16, 8.3125 ], "texture": "#dvd_atlas" },
				"up": { "uv": [ 15.5, 8.25, 15.75, 8.1875 ], "texture": "#dvd_atlas" },
				"north": { "uv": [ 16, 8.1875, 15.75, 8.25 ], "texture": "#dvd_atlas" },
				"west": { "uv": [ 15.4375, 6.9375, 15.5, 7 ], "texture": "#dvd_atlas" },
				"east": { "uv": [ 13.875, 6.875, 13.8125, 6.9375 ], "texture": "#dvd_atlas" }
			}
		},
		{
			"__comment": "Voxels",
			"from": [ 18.25, 17.5, 9.25 ],
			"to": [ 19, 19, 10.25 ],
			"faces": {
				"up": { "uv": [ 5.375, 6.0625, 5.5625, 5.8125 ], "texture": "#dvd_atlas" },
				"west": { "uv": [ 9.75, 3.25, 10, 3.625 ], "texture": "#dvd_atlas" },
				"east": { "uv": [ 15.75, 9.375, 15.5, 9.75 ], "texture": "#dvd_atlas" }
			}
		},
		{
			"__comment": "Voxels",
			"from": [ 18.5, 14.5, 9.75 ],
			"to": [ 19, 14.75, 10 ],
			"faces": {
				"up": { "uv": [ 5.625, 4.5, 5.75, 4.4375 ], "texture": "#dvd_atlas" },
				"north": { "uv": [ 5.75, 2.0625, 5.625, 2.125 ], "texture": "#dvd_atlas" },
				"west": { "uv": [ 15.4375, 8.0625, 15.5, 8.125 ], "texture": "#dvd_atlas" },
				"east": { "uv": [ 15.5, 7.875, 15.4375, 7.9375 ], "texture": "#dvd_atlas" }
			}
		},
		{
			"__comment": "Voxels",
			"from": [ 18.75, -2.75, 5.75 ],
			"to": [ 19.25, -2.5, 10.5 ],
			"faces": {
				"down": { "uv": [ 9.875, 3.6875, 10, 4.875 ], "texture": "#dvd_atlas" },
				"up": { "uv": [ 9.75, 4.875, 9.875, 3.6875 ], "texture": "#dvd_atlas" },
				"west": { "uv": [ 14.8125, 7.375, 16, 7.4375 ], "texture": "#dvd_atlas" },
				"east": { "uv": [ 16, 7.4375, 14.8125, 7.5 ], "texture": "#dvd_atlas" }
			}
		},
		{
			"__comment": "Voxels",
			"from": [ 18.75, -2.5, 5.75 ],
			"to": [ 19, 19, 7.5 ],
			"faces": {
				"south": { "uv": [ 8.375, 1.375, 8.4375, 6.75 ], "texture": "#dvd_atlas" },
				"west": { "uv": [ 6.625, 5.1875, 7.0625, 10.5625 ], "texture": "#dvd_atlas" },
				"east": { "uv": [ 7.5, 5.1875, 7.0625, 10.5625 ], "texture": "#dvd_atlas" }
			}
		},
		{
			"__comment": "Voxels",
			"from": [ 18.75, -2.5, 7.5 ],
			"to": [ 19, -0.75, 10.5 ],
			"faces": {
				"up": { "uv": [ 9.5, 1.5625, 9.5625, 0.8125 ], "texture": "#dvd_atlas" },
				"south": { "uv": [ 10.0625, 0.1875, 10.125, 0.625 ], "texture": "#dvd_atlas" },
				"west": { "uv": [ 15.25, 14.25, 16, 14.6875 ], "texture": "#dvd_atlas" },
				"east": { "uv": [ 16, 14.6875, 15.25, 15.125 ], "texture": "#dvd_atlas" }
			}
		},
		{
			"__comment": "Voxels",
			"from": [ 18.75, -0.75, 8.25 ],
			"to": [ 19, 19, 8.75 ],
			"faces": {
				"north": { "uv": [ 8.625, 1.1875, 8.5625, 6.125 ], "texture": "#dvd_atlas" },
				"south": { "uv": [ 8.5, 1.1875, 8.5625, 6.125 ], "texture": "#dvd_atlas" },
				"west": { "uv": [ 7.5, 2.75, 7.625, 7.6875 ], "texture": "#dvd_atlas" },
				"east": { "uv": [ 7.75, 2.75, 7.625, 7.6875 ], "texture": "#dvd_atlas" }
			}
		},
		{
			"__comment": "Voxels",
			"from": [ 18.75, -0.75, 8.75 ],
			"to": [ 19, 17.25, 9 ],
			"faces": {
				"south": { "uv": [ 8.9375, 1.625, 9, 6.125 ], "texture": "#dvd_atlas" },
				"west": { "uv": [ 8.8125, 1.625, 8.875, 6.125 ], "texture": "#dvd_atlas" },
				"east": { "uv": [ 8.8125, 1.625, 8.75, 6.125 ], "texture": "#dvd_atlas" }
			}
		},
		{
			"__comment": "Voxels",
			"from": [ 18.75, -0.75, 9 ],
			"to": [ 19, 2.5, 9.75 ],
			"faces": {
				"up": { "uv": [ 9.9375, 2.5, 10, 2.3125 ], "texture": "#dvd_atlas" },
				"south": { "uv": [ 9.4375, 0.75, 9.5, 1.5625 ], "texture": "#dvd_atlas" },
				"west": { "uv": [ 5.375, 6.0625, 5.5625, 6.875 ], "texture": "#dvd_atlas" },
				"east": { "uv": [ 15.9375, 13.4375, 15.75, 14.25 ], "texture": "#dvd_atlas" }
			}
		},
		{
			"__comment": "Voxels",
			"from": [ 18.75, -0.75, 9.75 ],
			"to": [ 19, 1.75, 10.5 ],
			"faces": {
				"up": { "uv": [ 9.25, 0.25, 9.3125, 0.0625 ], "texture": "#dvd_atlas" },
				"south": { "uv": [ 7.4375, 0.375, 7.5, 1 ], "texture": "#dvd_atlas" },
				"west": { "uv": [ 5.5625, 6.25, 5.75, 6.875 ], "texture": "#dvd_atlas" },
				"east": { "uv": [ 5.625, 2.6875, 5.4375, 3.3125 ], "texture": "#dvd_atlas" }
			}
		},
		{
			"__comment": "Voxels",
			"from": [ 18.75, 0, 7.5 ],
			"to": [ 19, 19, 8.25 ],
			"faces": {
				"down": { "uv": [ 9.625, 2.3125, 9.6875, 2.5 ], "texture": "#dvd_atlas" },
				"west": { "uv": [ 6.625, 0.4375, 6.8125, 5.1875 ], "texture": "#dvd_atlas" },
				"east": { "uv": [ 7, 0.4375, 6.8125, 5.1875 ], "texture": "#dvd_atlas" }
			}
		},
		{
			"__comment": "Voxels",
			"from": [ 18.75, 2.5, 9.25 ],
			"to": [ 19, 17.25, 9.75 ],
			"faces": {
				"north": { "uv": [ 9.1875, 1.6875, 9.125, 5.375 ], "texture": "#dvd_atlas" },
				"south": { "uv": [ 9.0625, 1.6875, 9.125, 5.375 ], "texture": "#dvd_atlas" },
				"west": { "uv": [ 7.75, 4, 7.875, 7.6875 ], "texture": "#dvd_atlas" },
				"east": { "uv": [ 7.875, 0.3125, 7.75, 4 ], "texture": "#dvd_atlas" }
			}
		},
		{
			"__comment": "Voxels",
			"from": [ 18.75, 2.75, 9 ],
			"to": [ 19, 13.5, 9.25 ],
			"faces": {
				"down": { "uv": [ 15, 6.9375, 15.0625, 7 ], "texture": "#dvd_atlas" },
				"up": { "uv": [ 15.9375, 7, 16, 6.9375 ], "texture": "#dvd_atlas" },
				"west": { "uv": [ 9.4375, 2.1875, 9.5, 4.875 ], "texture": "#dvd_atlas" },
				"east": { "uv": [ 9.25, 2.1875, 9.1875, 4.875 ], "texture": "#dvd_atlas" }
			}
		},
		{
			"__comment": "Voxels",
			"from": [ 18.75, 3.75, 9.75 ],
			"to": [ 19, 12.75, 10.5 ],
			"faces": {
				"down": { "uv": [ 9.375, 0.0625, 9.4375, 0.25 ], "texture": "#dvd_atlas" },
				"up": { "uv": [ 9.4375, 0.25, 9.5, 0.0625 ], "texture": "#dvd_atlas" },
				"south": { "uv": [ 10.0625, 0.625, 10.125, 2.875 ], "texture": "#dvd_atlas" },
				"west": { "uv": [ 7.875, 5.4375, 8.0625, 7.6875 ], "texture": "#dvd_atlas" },
				"east": { "uv": [ 8.0625, 3.1875, 7.875, 5.4375 ], "texture": "#dvd_atlas" }
			}
		},
		{
			"__comment": "Voxels",
			"from": [ 18.75, 13.75, 9 ],
			"to": [ 19, 17.25, 9.25 ],
			"faces": {
				"down": { "uv": [ 15.75, 6.9375, 15.8125, 7 ], "texture": "#dvd_atlas" },
				"west": { "uv": [ 9.0625, 0.8125, 9.125, 1.6875 ], "texture": "#dvd_atlas" },
				"east": { "uv": [ 9.25, 0.6875, 9.1875, 1.5625 ], "texture": "#dvd_atlas" }
			}
		},
		{
			"__comment": "Voxels",
			"from": [ 18.75, 14.75, 9.75 ],
			"to": [ 19, 17.25, 10.5 ],
			"faces": {
				"down": { "uv": [ 9.5, 0.0625, 9.5625, 0.25 ], "texture": "#dvd_atlas" },
				"south": { "uv": [ 9.5, 1.5625, 9.5625, 2.1875 ], "texture": "#dvd_atlas" },
				"west": { "uv": [ 7.0625, 0.375, 7.25, 1 ], "texture": "#dvd_atlas" },
				"east": { "uv": [ 7.4375, 0.375, 7.25, 1 ], "texture": "#dvd_atlas" }
			}
		},
		{
			"__comment": "Voxels",
			"from": [ 19.25, -3, 5.5 ],
			"to": [ 19.5, -2.75, 10.5 ],
			"faces": {
				"up": { "uv": [ 8.9375, 1.625, 9, 0.375 ], "texture": "#dvd_atlas" },
				"west": { "uv": [ 13.5625, 7.375, 14.8125, 7.4375 ], "texture": "#dvd_atlas" },
				"east": { "uv": [ 14.75, 7.3125, 13.5, 7.375 ], "texture": "#dvd_atlas" }
			}
		}
	],
	"display": {
		"thirdperson_righthand": {
			"rotation":  [ 89, 0, 0 ],
			"scale":  [ 0.2, 0.2, 0.2 ]
		},
		"firstperson_righthand": {
			"rotation":  [ 158, 0, 0 ],
			"translation":  [ -4.869, 4.8695, 6.2608 ],
			"scale":  [ 0.2, 0.2, 0.2 ]
		},
		"gui": {
			"rotation":  [ 111, -6, 136 ],
			"scale":  [ 0.6, 0.6, 0.6 ]
		},
		"ground": {
			"translation":  [ 0, 4.1739, 0 ],
			"scale":  [ 0.3, 0.3, 0.3 ]
		}
	}
}