{
	"__comment": "Designed by EFM",
	"textures": {
		"particle": "blocks/e_particle",
		"texture": "blocks/e_texture",
		"kektape_atlas": "efm/kektape_atlas"
	},
	"elements": [ 	 
		{
			"__comment": "Voxels",
			"from": [ 2.5, 1.75, 6.5 ],
			"to": [ 3, 14.25, 6.75 ],
			"faces": {
				"down": { "uv": [ 4, 0.25, 4.125, 0.3125 ], "texture": "#kektape_atlas" },
				"up": { "uv": [ 4.5, 0.1875, 4.625, 0.125 ], "texture": "#kektape_atlas" },
				"north": { "uv": [ 3, 9.75, 2.875, 12.875 ], "texture": "#kektape_atlas" },
				"south": { "uv": [ 2.875, 6.625, 3, 9.75 ], "texture": "#kektape_atlas" },
				"west": { "uv": [ 5.8125, 9.75, 5.875, 12.875 ], "texture": "#kektape_atlas" },
				"east": { "uv": [ 5.875, 6.625, 5.8125, 9.75 ], "texture": "#kektape_atlas" }
			}
		},
		{
			"__comment": "Voxels",
			"from": [ 2.5, 1.75, 6.75 ],
			"to": [ 2.75, 14.25, 9.5 ],
			"faces": {
				"down": { "uv": [ 6.75, 6.3125, 6.8125, 7 ], "texture": "#kektape_atlas" },
				"up": { "uv": [ 6.75, 7.6875, 6.8125, 7 ], "texture": "#kektape_atlas" },
				"south": { "uv": [ 5.9375, 6.625, 6, 9.75 ], "texture": "#kektape_atlas" },
				"west": { "uv": [ 1.625, 0.375, 2.3125, 3.5 ], "texture": "#kektape_atlas" },
				"east": { "uv": [ 3, 12.875, 2.3125, 16 ], "texture": "#kektape_atlas" }
			}
		},
		{
			"__comment": "Voxels",
			"from": [ 2.75, 1.75, 6 ],
			"to": [ 3.25, 14.25, 6.25 ],
			"faces": {
				"down": { "uv": [ 4.375, 0, 4.5, 0.0625 ], "texture": "#kektape_atlas" },
				"up": { "uv": [ 4.25, 0.0625, 4.375, 0 ], "texture": "#kektape_atlas" },
				"north": { "uv": [ 14.625, 12.875, 14.5, 16 ], "texture": "#kektape_atlas" },
				"south": { "uv": [ 14.625, 12.875, 14.75, 16 ], "texture": "#kektape_atlas" },
				"west": { "uv": [ 6, 3.5, 6.0625, 6.625 ], "texture": "#kektape_atlas" },
				"east": { "uv": [ 6.0625, 0.375, 6, 3.5 ], "texture": "#kektape_atlas" }
			}
		},
		{
			"__comment": "Voxels",
			"from": [ 2.75, 1.75, 6.25 ],
			"to": [ 3, 14.25, 6.5 ],
			"faces": {
				"down": { "uv": [ 5.125, 0.1875, 5.1875, 0.25 ], "texture": "#kektape_atlas" },
				"up": { "uv": [ 2.25, 0.375, 2.3125, 0.3125 ], "texture": "#kektape_atlas" },
				"west": { "uv": [ 6.3125, 9.75, 6.375, 12.875 ], "texture": "#kektape_atlas" },
				"east": { "uv": [ 6.4375, 9.75, 6.375, 12.875 ], "texture": "#kektape_atlas" }
			}
		},
		{
			"__comment": "Voxels",
			"from": [ 2.75, 1.75, 9.25 ],
			"to": [ 3, 14.25, 10 ],
			"faces": {
				"down": { "uv": [ 1.8125, 0.1875, 1.875, 0.375 ], "texture": "#kektape_atlas" },
				"up": { "uv": [ 1.5625, 0.1875, 1.625, 0 ], "texture": "#kektape_atlas" },
				"north": { "uv": [ 6.75, 9.75, 6.6875, 12.875 ], "texture": "#kektape_atlas" },
				"south": { "uv": [ 6.75, 9.75, 6.8125, 12.875 ], "texture": "#kektape_atlas" },
				"west": { "uv": [ 5.4375, 12.875, 5.625, 16 ], "texture": "#kektape_atlas" },
				"east": { "uv": [ 5.8125, 12.875, 5.625, 16 ], "texture": "#kektape_atlas" }
			}
		},
		{
			"__comment": "Voxels",
			"from": [ 3, 1.75, 5.5 ],
			"to": [ 3.5, 14.25, 5.75 ],
			"faces": {
				"down": { "uv": [ 4.25, 0.125, 4.375, 0.1875 ], "texture": "#kektape_atlas" },
				"up": { "uv": [ 4.25, 0.25, 4.375, 0.1875 ], "texture": "#kektape_atlas" },
				"north": { "uv": [ 3.125, 9.75, 3, 12.875 ], "texture": "#kektape_atlas" },
				"south": { "uv": [ 3, 6.625, 3.125, 9.75 ], "texture": "#kektape_atlas" },
				"west": { "uv": [ 6.9375, 9.75, 7, 12.875 ], "texture": "#kektape_atlas" },
				"east": { "uv": [ 7.0625, 9.75, 7, 12.875 ], "texture": "#kektape_atlas" }
			}
		},
		{
			"__comment": "Voxels",
			"from": [ 3, 1.75, 5.75 ],
			"to": [ 3.25, 14.25, 6 ],
			"faces": {
				"down": { "uv": [ 5, 0.25, 5.0625, 0.3125 ], "texture": "#kektape_atlas" },
				"up": { "uv": [ 5.0625, 0.3125, 5.125, 0.25 ], "texture": "#kektape_atlas" },
				"west": { "uv": [ 7.6875, 9.75, 7.75, 12.875 ], "texture": "#kektape_atlas" },
				"east": { "uv": [ 7.8125, 9.75, 7.75, 12.875 ], "texture": "#kektape_atlas" }
			}
		},
		{
			"__comment": "Voxels",
			"from": [ 3, 1.75, 9.75 ],
			"to": [ 3.25, 14.25, 10.5 ],
			"faces": {
				"down": { "uv": [ 1.5, 0, 1.5625, 0.1875 ], "texture": "#kektape_atlas" },
				"up": { "uv": [ 1.4375, 0.1875, 1.5, 0 ], "texture": "#kektape_atlas" },
				"north": { "uv": [ 8.3125, 9.75, 8.25, 12.875 ], "texture": "#kektape_atlas" },
				"south": { "uv": [ 8.4375, 9.75, 8.5, 12.875 ], "texture": "#kektape_atlas" },
				"west": { "uv": [ 2.5, 3.5, 2.6875, 6.625 ], "texture": "#kektape_atlas" },
				"east": { "uv": [ 9.1875, 12.875, 9, 16 ], "texture": "#kektape_atlas" }
			}
		},
		{
			"__comment": "Voxels",
			"from": [ 3.25, 1.75, 5 ],
			"to": [ 3.75, 14.25, 5.25 ],
			"faces": {
				"down": { "uv": [ 4.125, 0.25, 4.25, 0.3125 ], "texture": "#kektape_atlas" },
				"up": { "uv": [ 4, 0.125, 4.125, 0.0625 ], "texture": "#kektape_atlas" },
				"north": { "uv": [ 3.25, 0.375, 3.125, 3.5 ], "texture": "#kektape_atlas" },
				"south": { "uv": [ 3.25, 9.75, 3.375, 12.875 ], "texture": "#kektape_atlas" },
				"west": { "uv": [ 8.5, 9.75, 8.5625, 12.875 ], "texture": "#kektape_atlas" },
				"east": { "uv": [ 8.625, 9.75, 8.5625, 12.875 ], "texture": "#kektape_atlas" }
			}
		},
		{
			"__comment": "Voxels",
			"from": [ 3.25, 1.75, 5.25 ],
			"to": [ 3.5, 14.25, 5.5 ],
			"faces": {
				"down": { "uv": [ 5.125, 0.25, 5.1875, 0.3125 ], "texture": "#kektape_atlas" },
				"up": { "uv": [ 5.1875, 0.3125, 5.25, 0.25 ], "texture": "#kektape_atlas" },
				"west": { "uv": [ 9.25, 9.75, 9.3125, 12.875 ], "texture": "#kektape_atlas" },
				"east": { "uv": [ 9.375, 9.75, 9.3125, 12.875 ], "texture": "#kektape_atlas" }
			}
		},
		{
			"__comment": "Voxels",
			"from": [ 3.25, 1.75, 10.25 ],
			"to": [ 3.5, 14.25, 11 ],
			"faces": {
				"down": { "uv": [ 1.1875, 0.0625, 1.25, 0.25 ], "texture": "#kektape_atlas" },
				"up": { "uv": [ 1.125, 0.25, 1.1875, 0.0625 ], "texture": "#kektape_atlas" },
				"north": { "uv": [ 9.4375, 9.75, 9.375, 12.875 ], "texture": "#kektape_atlas" },
				"south": { "uv": [ 9.6875, 9.75, 9.75, 12.875 ], "texture": "#kektape_atlas" },
				"west": { "uv": [ 12.1875, 12.875, 12.375, 16 ], "texture": "#kektape_atlas" },
				"east": { "uv": [ 12.5625, 12.875, 12.375, 16 ], "texture": "#kektape_atlas" }
			}
		},
		{
			"__comment": "Voxels",
			"from": [ 3.5, 1.75, 4.75 ],
			"to": [ 4, 14.25, 5 ],
			"faces": {
				"down": { "uv": [ 3.875, 0.0625, 4, 0.125 ], "texture": "#kektape_atlas" },
				"up": { "uv": [ 3.875, 0.1875, 4, 0.125 ], "texture": "#kektape_atlas" },
				"north": { "uv": [ 3.625, 9.75, 3.5, 12.875 ], "texture": "#kektape_atlas" },
				"south": { "uv": [ 4.625, 9.75, 4.75, 12.875 ], "texture": "#kektape_atlas" },
				"west": { "uv": [ 10, 9.75, 10.0625, 12.875 ], "texture": "#kektape_atlas" },
				"east": { "uv": [ 10.125, 9.75, 10.0625, 12.875 ], "texture": "#kektape_atlas" }
			}
		},
		{
			"__comment": "Voxels",
			"from": [ 3.5, 1.75, 6.5 ],
			"to": [ 4, 14.25, 6.75 ],
			"faces": {
				"down": { "uv": [ 3.875, 0.3125, 4, 0.375 ], "texture": "#kektape_atlas" },
				"up": { "uv": [ 3.75, 0.0625, 3.875, 0 ], "texture": "#kektape_atlas" },
				"north": { "uv": [ 4, 0.375, 3.875, 3.5 ], "texture": "#kektape_atlas" },
				"south": { "uv": [ 3.875, 3.5, 4, 6.625 ], "texture": "#kektape_atlas" },
				"west": { "uv": [ 10.125, 9.75, 10.1875, 12.875 ], "texture": "#kektape_atlas" },
				"east": { "uv": [ 10.375, 9.75, 10.3125, 12.875 ], "texture": "#kektape_atlas" }
			}
		},
		{
			"__comment": "Voxels",
			"from": [ 3.5, 1.75, 6.75 ],
			"to": [ 3.75, 14.25, 9.5 ],
			"faces": {
				"down": { "uv": [ 6.75, 4.9375, 6.8125, 5.625 ], "texture": "#kektape_atlas" },
				"up": { "uv": [ 6.75, 8.375, 6.8125, 7.6875 ], "texture": "#kektape_atlas" },
				"south": { "uv": [ 10.8125, 9.75, 10.875, 12.875 ], "texture": "#kektape_atlas" },
				"west": { "uv": [ 0.875, 3.5, 1.5625, 6.625 ], "texture": "#kektape_atlas" },
				"east": { "uv": [ 2.3125, 3.5, 1.625, 6.625 ], "texture": "#kektape_atlas" }
			}
		},
		{
			"__comment": "Voxels",
			"from": [ 3.5, 1.75, 10.75 ],
			"to": [ 3.75, 14.25, 11.25 ],
			"faces": {
				"down": { "uv": [ 4.9375, 0, 5, 0.125 ], "texture": "#kektape_atlas" },
				"up": { "uv": [ 4.875, 0.125, 4.9375, 0 ], "texture": "#kektape_atlas" },
				"north": { "uv": [ 11.1875, 9.75, 11.125, 12.875 ], "texture": "#kektape_atlas" },
				"south": { "uv": [ 11.1875, 9.75, 11.25, 12.875 ], "texture": "#kektape_atlas" },
				"west": { "uv": [ 3.625, 9.75, 3.75, 12.875 ], "texture": "#kektape_atlas" },
				"east": { "uv": [ 3.625, 0.375, 3.5, 3.5 ], "texture": "#kektape_atlas" }
			}
		},
		{
			"__comment": "Voxels",
			"from": [ 3.75, 1.75, 4.25 ],
			"to": [ 4.25, 14.25, 4.5 ],
			"faces": {
				"down": { "uv": [ 4.875, 0.125, 5, 0.1875 ], "texture": "#kektape_atlas" },
				"up": { "uv": [ 4.75, 0.125, 4.875, 0.0625 ], "texture": "#kektape_atlas" },
				"north": { "uv": [ 3, 3.5, 2.875, 6.625 ], "texture": "#kektape_atlas" },
				"south": { "uv": [ 2.875, 0.375, 3, 3.5 ], "texture": "#kektape_atlas" },
				"west": { "uv": [ 11.3125, 9.75, 11.375, 12.875 ], "texture": "#kektape_atlas" },
				"east": { "uv": [ 11.8125, 9.75, 11.75, 12.875 ], "texture": "#kektape_atlas" }
			}
		},
		{
			"__comment": "Voxels",
			"from": [ 3.75, 1.75, 4.5 ],
			"to": [ 4, 14.25, 4.75 ],
			"faces": {
				"down": { "uv": [ 5, 0, 5.0625, 0.0625 ], "texture": "#kektape_atlas" },
				"up": { "uv": [ 5.0625, 0.1875, 5.125, 0.125 ], "texture": "#kektape_atlas" },
				"west": { "uv": [ 12.375, 9.75, 12.4375, 12.875 ], "texture": "#kektape_atlas" },
				"east": { "uv": [ 12.5, 9.75, 12.4375, 12.875 ], "texture": "#kektape_atlas" }
			}
		},
		{
			"__comment": "Voxels",
			"from": [ 3.75, 1.75, 6 ],
			"to": [ 4.25, 14.25, 6.25 ],
			"faces": {
				"down": { "uv": [ 4.75, 0.125, 4.875, 0.1875 ], "texture": "#kektape_atlas" },
				"up": { "uv": [ 4.625, 0.125, 4.75, 0.0625 ], "texture": "#kektape_atlas" },
				"north": { "uv": [ 15.125, 12.875, 15, 16 ], "texture": "#kektape_atlas" },
				"south": { "uv": [ 15.125, 12.875, 15.25, 16 ], "texture": "#kektape_atlas" },
				"west": { "uv": [ 12.5625, 9.75, 12.625, 12.875 ], "texture": "#kektape_atlas" },
				"east": { "uv": [ 12.8125, 9.75, 12.75, 12.875 ], "texture": "#kektape_atlas" }
			}
		},
		{
			"__comment": "Voxels",
			"from": [ 3.75, 1.75, 6.25 ],
			"to": [ 4, 14.25, 6.5 ],
			"faces": {
				"down": { "uv": [ 2.75, 0, 2.8125, 0.0625 ], "texture": "#kektape_atlas" },
				"up": { "uv": [ 2.9375, 0.3125, 3, 0.25 ], "texture": "#kektape_atlas" },
				"west": { "uv": [ 13.375, 9.75, 13.4375, 12.875 ], "texture": "#kektape_atlas" },
				"east": { "uv": [ 13.5, 9.75, 13.4375, 12.875 ], "texture": "#kektape_atlas" }
			}
		},
		{
			"__comment": "Voxels",
			"from": [ 3.75, 1.75, 9.25 ],
			"to": [ 4, 14.25, 10 ],
			"faces": {
				"down": { "uv": [ 3.125, 0.1875, 3.1875, 0.375 ], "texture": "#kektape_atlas" },
				"up": { "uv": [ 3.0625, 0.375, 3.125, 0.1875 ], "texture": "#kektape_atlas" },
				"north": { "uv": [ 13.625, 9.75, 13.5625, 12.875 ], "texture": "#kektape_atlas" },
				"south": { "uv": [ 14, 9.75, 14.0625, 12.875 ], "texture": "#kektape_atlas" },
				"west": { "uv": [ 8.0625, 12.875, 8.25, 16 ], "texture": "#kektape_atlas" },
				"east": { "uv": [ 8.4375, 12.875, 8.25, 16 ], "texture": "#kektape_atlas" }
			}
		},
		{
			"__comment": "Voxels",
			"from": [ 3.75, 1.75, 11 ],
			"to": [ 4, 14.25, 11.75 ],
			"faces": {
				"down": { "uv": [ 3, 0.1875, 3.0625, 0.375 ], "texture": "#kektape_atlas" },
				"up": { "uv": [ 3.1875, 0.375, 3.25, 0.1875 ], "texture": "#kektape_atlas" },
				"north": { "uv": [ 14.625, 9.75, 14.5625, 12.875 ], "texture": "#kektape_atlas" },
				"south": { "uv": [ 14.625, 9.75, 14.6875, 12.875 ], "texture": "#kektape_atlas" },
				"west": { "uv": [ 10.3125, 12.875, 10.5, 16 ], "texture": "#kektape_atlas" },
				"east": { "uv": [ 10.6875, 12.875, 10.5, 16 ], "texture": "#kektape_atlas" }
			}
		},
		{
			"__comment": "Voxels",
			"from": [ 4, 1.75, 4 ],
			"to": [ 4.5, 14.25, 4.25 ],
			"faces": {
				"down": { "uv": [ 4.5, 0.25, 4.625, 0.3125 ], "texture": "#kektape_atlas" },
				"up": { "uv": [ 4.375, 0.25, 4.5, 0.1875 ], "texture": "#kektape_atlas" },
				"north": { "uv": [ 3.5, 9.75, 3.375, 12.875 ], "texture": "#kektape_atlas" },
				"south": { "uv": [ 3.375, 6.625, 3.5, 9.75 ], "texture": "#kektape_atlas" },
				"west": { "uv": [ 14.875, 9.75, 14.9375, 12.875 ], "texture": "#kektape_atlas" },
				"east": { "uv": [ 15, 9.75, 14.9375, 12.875 ], "texture": "#kektape_atlas" }
			}
		},
		{
			"__comment": "Voxels",
			"from": [ 4, 1.75, 5.75 ],
			"to": [ 4.5, 14.25, 6 ],
			"faces": {
				"down": { "uv": [ 4.375, 0.25, 4.5, 0.3125 ], "texture": "#kektape_atlas" },
				"up": { "uv": [ 4.375, 0.375, 4.5, 0.3125 ], "texture": "#kektape_atlas" },
				"north": { "uv": [ 5, 9.75, 4.875, 12.875 ], "texture": "#kektape_atlas" },
				"south": { "uv": [ 4.75, 0.375, 4.875, 3.5 ], "texture": "#kektape_atlas" },
				"west": { "uv": [ 15.3125, 9.75, 15.375, 12.875 ], "texture": "#kektape_atlas" },
				"east": { "uv": [ 15.4375, 9.75, 15.375, 12.875 ], "texture": "#kektape_atlas" }
			}
		},
		{
			"__comment": "Voxels",
			"from": [ 4, 1.75, 9.75 ],
			"to": [ 4.25, 14.25, 10.25 ],
			"faces": {
				"down": { "uv": [ 4.3125, 0.25, 4.375, 0.375 ], "texture": "#kektape_atlas" },
				"up": { "uv": [ 4.25, 0.375, 4.3125, 0.25 ], "texture": "#kektape_atlas" },
				"north": { "uv": [ 15.5625, 9.75, 15.5, 12.875 ], "texture": "#kektape_atlas" },
				"south": { "uv": [ 6.1875, 3.5, 6.25, 6.625 ], "texture": "#kektape_atlas" },
				"west": { "uv": [ 3.875, 6.625, 4, 9.75 ], "texture": "#kektape_atlas" },
				"east": { "uv": [ 3.875, 3.5, 3.75, 6.625 ], "texture": "#kektape_atlas" }
			}
		},
		{
			"__comment": "Voxels",
			"from": [ 4, 1.75, 11.5 ],
			"to": [ 4.25, 14.25, 12 ],
			"faces": {
				"down": { "uv": [ 4.1875, 0, 4.25, 0.125 ], "texture": "#kektape_atlas" },
				"up": { "uv": [ 4.125, 0.125, 4.1875, 0 ], "texture": "#kektape_atlas" },
				"north": { "uv": [ 6.3125, 6.625, 6.25, 9.75 ], "texture": "#kektape_atlas" },
				"south": { "uv": [ 6.25, 3.5, 6.3125, 6.625 ], "texture": "#kektape_atlas" },
				"west": { "uv": [ 14.125, 12.875, 14.25, 16 ], "texture": "#kektape_atlas" },
				"east": { "uv": [ 14.5, 12.875, 14.375, 16 ], "texture": "#kektape_atlas" }
			}
		},
		{
			"__comment": "Voxels",
			"from": [ 4.25, 1.75, 3.75 ],
			"to": [ 5, 14.25, 4 ],
			"faces": {
				"down": { "uv": [ 7.375, 9.6875, 7.5625, 9.75 ], "texture": "#kektape_atlas" },
				"up": { "uv": [ 6.8125, 9.75, 7, 9.6875 ], "texture": "#kektape_atlas" },
				"north": { "uv": [ 3.75, 12.875, 3.5625, 16 ], "texture": "#kektape_atlas" },
				"south": { "uv": [ 3.9375, 12.875, 4.125, 16 ], "texture": "#kektape_atlas" },
				"west": { "uv": [ 6.4375, 0.375, 6.5, 3.5 ], "texture": "#kektape_atlas" },
				"east": { "uv": [ 6.5625, 6.625, 6.5, 9.75 ], "texture": "#kektape_atlas" }
			}
		},
		{
			"__comment": "Voxels",
			"from": [ 4.25, 1.75, 5.25 ],
			"to": [ 4.75, 14.25, 5.5 ],
			"faces": {
				"down": { "uv": [ 4, 0.125, 4.125, 0.1875 ], "texture": "#kektape_atlas" },
				"up": { "uv": [ 4, 0.25, 4.125, 0.1875 ], "texture": "#kektape_atlas" },
				"north": { "uv": [ 3.25, 3.5, 3.125, 6.625 ], "texture": "#kektape_atlas" },
				"south": { "uv": [ 3, 3.5, 3.125, 6.625 ], "texture": "#kektape_atlas" },
				"west": { "uv": [ 6.6875, 3.5, 6.75, 6.625 ], "texture": "#kektape_atlas" },
				"east": { "uv": [ 5.8125, 3.5, 5.75, 6.625 ], "texture": "#kektape_atlas" }
			}
		},
		{
			"__comment": "Voxels",
			"from": [ 4.25, 1.75, 5.5 ],
			"to": [ 4.5, 14.25, 5.75 ],
			"faces": {
				"down": { "uv": [ 2.8125, 0, 2.875, 0.0625 ], "texture": "#kektape_atlas" },
				"up": { "uv": [ 1.9375, 0.0625, 2, 0 ], "texture": "#kektape_atlas" },
				"west": { "uv": [ 5.375, 9.75, 5.4375, 12.875 ], "texture": "#kektape_atlas" },
				"east": { "uv": [ 5.4375, 6.625, 5.375, 9.75 ], "texture": "#kektape_atlas" }
			}
		},
		{
			"__comment": "Voxels",
			"from": [ 4.25, 1.75, 10 ],
			"to": [ 4.5, 14.25, 10.75 ],
			"faces": {
				"down": { "uv": [ 2.6875, 0.125, 2.75, 0.3125 ], "texture": "#kektape_atlas" },
				"up": { "uv": [ 2.4375, 0.3125, 2.5, 0.125 ], "texture": "#kektape_atlas" },
				"north": { "uv": [ 5.4375, 3.5, 5.375, 6.625 ], "texture": "#kektape_atlas" },
				"south": { "uv": [ 5.375, 0.375, 5.4375, 3.5 ], "texture": "#kektape_atlas" },
				"west": { "uv": [ 13.5, 12.875, 13.6875, 16 ], "texture": "#kektape_atlas" },
				"east": { "uv": [ 2.6875, 9.75, 2.5, 12.875 ], "texture": "#kektape_atlas" }
			}
		},
		{
			"__comment": "Voxels",
			"from": [ 4.25, 1.75, 11.75 ],
			"to": [ 4.5, 14.25, 12.25 ],
			"faces": {
				"down": { "uv": [ 3.8125, 0.1875, 3.875, 0.3125 ], "texture": "#kektape_atlas" },
				"up": { "uv": [ 3.75, 0.3125, 3.8125, 0.1875 ], "texture": "#kektape_atlas" },
				"north": { "uv": [ 5.5, 3.5, 5.4375, 6.625 ], "texture": "#kektape_atlas" },
				"south": { "uv": [ 5.4375, 0.375, 5.5, 3.5 ], "texture": "#kektape_atlas" },
				"west": { "uv": [ 14, 12.875, 14.125, 16 ], "texture": "#kektape_atlas" },
				"east": { "uv": [ 14.875, 12.875, 14.75, 16 ], "texture": "#kektape_atlas" }
			}
		},
		{
			"__comment": "Voxels",
			"from": [ 4.5, 1.75, 4.75 ],
			"to": [ 5, 14.25, 5 ],
			"faces": {
				"down": { "uv": [ 3.75, 0.3125, 3.875, 0.375 ], "texture": "#kektape_atlas" },
				"up": { "uv": [ 3.625, 0.0625, 3.75, 0 ], "texture": "#kektape_atlas" },
				"north": { "uv": [ 15.625, 12.875, 15.5, 16 ], "texture": "#kektape_atlas" },
				"south": { "uv": [ 3, 0.375, 3.125, 3.5 ], "texture": "#kektape_atlas" },
				"west": { "uv": [ 5.5, 9.75, 5.5625, 12.875 ], "texture": "#kektape_atlas" },
				"east": { "uv": [ 5.5625, 6.625, 5.5, 9.75 ], "texture": "#kektape_atlas" }
			}
		},
		{
			"__comment": "Voxels",
			"from": [ 4.5, 1.75, 5 ],
			"to": [ 4.75, 14.25, 5.25 ],
			"faces": {
				"down": { "uv": [ 1.1875, 0, 1.25, 0.0625 ], "texture": "#kektape_atlas" },
				"up": { "uv": [ 5.1875, 0.25, 5.25, 0.1875 ], "texture": "#kektape_atlas" },
				"west": { "uv": [ 5.5625, 3.5, 5.625, 6.625 ], "texture": "#kektape_atlas" },
				"east": { "uv": [ 5.625, 0.375, 5.5625, 3.5 ], "texture": "#kektape_atlas" }
			}
		},
		{
			"__comment": "Voxels",
			"from": [ 4.5, 1.75, 10.5 ],
			"to": [ 4.75, 14.25, 11.25 ],
			"faces": {
				"down": { "uv": [ 1.8125, 0, 1.875, 0.1875 ], "texture": "#kektape_atlas" },
				"up": { "uv": [ 1.875, 0.3125, 1.9375, 0.125 ], "texture": "#kektape_atlas" },
				"north": { "uv": [ 5.6875, 9.75, 5.625, 12.875 ], "texture": "#kektape_atlas" },
				"south": { "uv": [ 5.625, 6.625, 5.6875, 9.75 ], "texture": "#kektape_atlas" },
				"west": { "uv": [ 7.6875, 12.875, 7.875, 16 ], "texture": "#kektape_atlas" },
				"east": { "uv": [ 8.0625, 12.875, 7.875, 16 ], "texture": "#kektape_atlas" }
			}
		},
		{
			"__comment": "Voxels",
			"from": [ 4.5, 1.75, 12 ],
			"to": [ 5, 14.25, 12.25 ],
			"faces": {
				"down": { "uv": [ 3.625, 0.3125, 3.75, 0.375 ], "texture": "#kektape_atlas" },
				"up": { "uv": [ 3.5, 0.0625, 3.625, 0 ], "texture": "#kektape_atlas" },
				"north": { "uv": [ 3.375, 3.5, 3.25, 6.625 ], "texture": "#kektape_atlas" },
				"south": { "uv": [ 3.25, 0.375, 3.375, 3.5 ], "texture": "#kektape_atlas" },
				"east": { "uv": [ 5.75, 6.625, 5.6875, 9.75 ], "texture": "#kektape_atlas" }
			}
		},
		{
			"__comment": "Voxels",
			"from": [ 4.75, 1.75, 3.5 ],
			"to": [ 5.25, 14.25, 3.75 ],
			"faces": {
				"down": { "uv": [ 3.5, 0.0625, 3.625, 0.125 ], "texture": "#kektape_atlas" },
				"up": { "uv": [ 3.5, 0.1875, 3.625, 0.125 ], "texture": "#kektape_atlas" },
				"north": { "uv": [ 3.25, 6.625, 3.125, 9.75 ], "texture": "#kektape_atlas" },
				"south": { "uv": [ 3.25, 6.625, 3.375, 9.75 ], "texture": "#kektape_atlas" },
				"west": { "uv": [ 5.6875, 3.5, 5.75, 6.625 ], "texture": "#kektape_atlas" },
				"east": { "uv": [ 5.75, 0.375, 5.6875, 3.5 ], "texture": "#kektape_atlas" }
			}
		},
		{
			"__comment": "Voxels",
			"from": [ 4.75, 1.75, 4.5 ],
			"to": [ 5.5, 14.25, 4.75 ],
			"faces": {
				"down": { "uv": [ 0.875, 0.0625, 1.0625, 0.125 ], "texture": "#kektape_atlas" },
				"up": { "uv": [ 2.6875, 0.375, 2.875, 0.3125 ], "texture": "#kektape_atlas" },
				"north": { "uv": [ 12.75, 12.875, 12.5625, 16 ], "texture": "#kektape_atlas" },
				"south": { "uv": [ 13.3125, 12.875, 13.5, 16 ], "texture": "#kektape_atlas" },
				"west": { "uv": [ 7.875, 9.75, 7.9375, 12.875 ], "texture": "#kektape_atlas" },
				"east": { "uv": [ 5.8125, 0.375, 5.75, 3.5 ], "texture": "#kektape_atlas" }
			}
		},
		{
			"__comment": "Voxels",
			"from": [ 4.75, 1.75, 11 ],
			"to": [ 5, 14.25, 11.5 ],
			"faces": {
				"down": { "uv": [ 3.4375, 0.0625, 3.5, 0.1875 ], "texture": "#kektape_atlas" },
				"up": { "uv": [ 3.375, 0.1875, 3.4375, 0.0625 ], "texture": "#kektape_atlas" },
				"north": { "uv": [ 5.875, 3.5, 5.8125, 6.625 ], "texture": "#kektape_atlas" },
				"south": { "uv": [ 5.8125, 0.375, 5.875, 3.5 ], "texture": "#kektape_atlas" },
				"west": { "uv": [ 4.875, 0.375, 5, 3.5 ], "texture": "#kektape_atlas" },
				"east": { "uv": [ 5.25, 9.75, 5.125, 12.875 ], "texture": "#kektape_atlas" }
			}
		},
		{
			"__comment": "Voxels",
			"from": [ 4.75, 1.75, 12.25 ],
			"to": [ 5.25, 14.25, 12.5 ],
			"faces": {
				"down": { "uv": [ 3.375, 0.3125, 3.5, 0.375 ], "texture": "#kektape_atlas" },
				"up": { "uv": [ 3.25, 0.0625, 3.375, 0 ], "texture": "#kektape_atlas" },
				"north": { "uv": [ 5.25, 0.375, 5.125, 3.5 ], "texture": "#kektape_atlas" },
				"south": { "uv": [ 4.125, 9.75, 4.25, 12.875 ], "texture": "#kektape_atlas" },
				"west": { "uv": [ 5.9375, 3.5, 6, 6.625 ], "texture": "#kektape_atlas" },
				"east": { "uv": [ 6, 0.375, 5.9375, 3.5 ], "texture": "#kektape_atlas" }
			}
		},
		{
			"__comment": "Voxels",
			"from": [ 5, 1.75, 3.25 ],
			"to": [ 5.75, 14.25, 3.5 ],
			"faces": {
				"down": { "uv": [ 2.5, 0.25, 2.6875, 0.3125 ], "texture": "#kektape_atlas" },
				"up": { "uv": [ 1.25, 0.0625, 1.4375, 0 ], "texture": "#kektape_atlas" },
				"north": { "uv": [ 2.6875, 0.375, 2.5, 3.5 ], "texture": "#kektape_atlas" },
				"south": { "uv": [ 3, 12.875, 3.1875, 16 ], "texture": "#kektape_atlas" },
				"west": { "uv": [ 6.0625, 9.75, 6.125, 12.875 ], "texture": "#kektape_atlas" },
				"east": { "uv": [ 6.125, 6.625, 6.0625, 9.75 ], "texture": "#kektape_atlas" }
			}
		},
		{
			"__comment": "Voxels",
			"from": [ 5, 1.75, 11.25 ],
			"to": [ 5.5, 14.25, 11.5 ],
			"faces": {
				"down": { "uv": [ 3.25, 0.1875, 3.375, 0.25 ], "texture": "#kektape_atlas" },
				"up": { "uv": [ 3.125, 0.0625, 3.25, 0 ], "texture": "#kektape_atlas" },
				"north": { "uv": [ 3.75, 6.625, 3.625, 9.75 ], "texture": "#kektape_atlas" },
				"south": { "uv": [ 3.625, 3.5, 3.75, 6.625 ], "texture": "#kektape_atlas" },
				"east": { "uv": [ 6.1875, 0.375, 6.125, 3.5 ], "texture": "#kektape_atlas" }
			}
		},
		{
			"__comment": "Voxels",
			"from": [ 5, 1.75, 12.5 ],
			"to": [ 5.75, 14.25, 12.75 ],
			"faces": {
				"down": { "uv": [ 2.125, 0.25, 2.3125, 0.3125 ], "texture": "#kektape_atlas" },
				"up": { "uv": [ 1.625, 0.375, 1.8125, 0.3125 ], "texture": "#kektape_atlas" },
				"north": { "uv": [ 3.375, 12.875, 3.1875, 16 ], "texture": "#kektape_atlas" },
				"south": { "uv": [ 3.375, 12.875, 3.5625, 16 ], "texture": "#kektape_atlas" },
				"west": { "uv": [ 6.4375, 9.75, 6.5, 12.875 ], "texture": "#kektape_atlas" },
				"east": { "uv": [ 6.5625, 9.75, 6.5, 12.875 ], "texture": "#kektape_atlas" }
			}
		},
		{
			"__comment": "Voxels",
			"from": [ 5.25, 1.75, 4.25 ],
			"to": [ 6, 14.25, 4.5 ],
			"faces": {
				"down": { "uv": [ 0.875, 0.1875, 1.0625, 0.25 ], "texture": "#kektape_atlas" },
				"up": { "uv": [ 7, 9.75, 7.1875, 9.6875 ], "texture": "#kektape_atlas" },
				"north": { "uv": [ 3.9375, 12.875, 3.75, 16 ], "texture": "#kektape_atlas" },
				"south": { "uv": [ 4.125, 12.875, 4.3125, 16 ], "texture": "#kektape_atlas" },
				"west": { "uv": [ 6.8125, 9.75, 6.875, 12.875 ], "texture": "#kektape_atlas" },
				"east": { "uv": [ 6.9375, 9.75, 6.875, 12.875 ], "texture": "#kektape_atlas" }
			}
		},
		{
			"__comment": "Voxels",
			"from": [ 5.25, 1.75, 11.5 ],
			"to": [ 6, 14.25, 11.75 ],
			"faces": {
				"down": { "uv": [ 2.5, 0.1875, 2.6875, 0.25 ], "texture": "#kektape_atlas" },
				"up": { "uv": [ 2.3125, 0.125, 2.5, 0.0625 ], "texture": "#kektape_atlas" },
				"north": { "uv": [ 5.0625, 12.875, 4.875, 16 ], "texture": "#kektape_atlas" },
				"south": { "uv": [ 5.0625, 12.875, 5.25, 16 ], "texture": "#kektape_atlas" },
				"west": { "uv": [ 7.1875, 9.75, 7.25, 12.875 ], "texture": "#kektape_atlas" },
				"east": { "uv": [ 7.3125, 9.75, 7.25, 12.875 ], "texture": "#kektape_atlas" }
			}
		},
		{
			"__comment": "Voxels",
			"from": [ 5.5, 1.75, 3 ],
			"to": [ 6.25, 14.25, 3.25 ],
			"faces": {
				"down": { "uv": [ 2, 0.1875, 2.1875, 0.25 ], "texture": "#kektape_atlas" },
				"up": { "uv": [ 1.9375, 0.3125, 2.125, 0.25 ], "texture": "#kektape_atlas" },
				"north": { "uv": [ 5.4375, 12.875, 5.25, 16 ], "texture": "#kektape_atlas" },
				"south": { "uv": [ 13.125, 12.875, 13.3125, 16 ], "texture": "#kektape_atlas" },
				"west": { "uv": [ 7.5625, 9.75, 7.625, 12.875 ], "texture": "#kektape_atlas" },
				"east": { "uv": [ 7.6875, 9.75, 7.625, 12.875 ], "texture": "#kektape_atlas" }
			}
		},
		{
			"__comment": "Voxels",
			"from": [ 5.5, 1.75, 12.75 ],
			"to": [ 6.25, 14.25, 13 ],
			"faces": {
				"down": { "uv": [ 1.625, 0.0625, 1.8125, 0.125 ], "texture": "#kektape_atlas" },
				"up": { "uv": [ 1.625, 0.1875, 1.8125, 0.125 ], "texture": "#kektape_atlas" },
				"north": { "uv": [ 6.375, 12.875, 6.1875, 16 ], "texture": "#kektape_atlas" },
				"south": { "uv": [ 7.5, 12.875, 7.6875, 16 ], "texture": "#kektape_atlas" },
				"west": { "uv": [ 7.9375, 9.75, 8, 12.875 ], "texture": "#kektape_atlas" },
				"east": { "uv": [ 8.0625, 9.75, 8, 12.875 ], "texture": "#kektape_atlas" }
			}
		},
		{
			"__comment": "Voxels",
			"from": [ 5.75, 1.75, 4 ],
			"to": [ 6.25, 14.25, 4.25 ],
			"faces": {
				"down": { "uv": [ 0.75, 0, 0.875, 0.0625 ], "texture": "#kektape_atlas" },
				"up": { "uv": [ 0.75, 0.125, 0.875, 0.0625 ], "texture": "#kektape_atlas" },
				"north": { "uv": [ 5.125, 9.75, 5, 12.875 ], "texture": "#kektape_atlas" },
				"south": { "uv": [ 5, 0.375, 5.125, 3.5 ], "texture": "#kektape_atlas" },
				"west": { "uv": [ 8.3125, 9.75, 8.375, 12.875 ], "texture": "#kektape_atlas" },
				"east": { "uv": [ 8.4375, 9.75, 8.375, 12.875 ], "texture": "#kektape_atlas" }
			}
		},
		{
			"__comment": "Voxels",
			"from": [ 5.75, 1.75, 11.75 ],
			"to": [ 6.25, 14.25, 12 ],
			"faces": {
				"down": { "uv": [ 4.875, 0.1875, 5, 0.25 ], "texture": "#kektape_atlas" },
				"up": { "uv": [ 4.875, 0.3125, 5, 0.25 ], "texture": "#kektape_atlas" },
				"north": { "uv": [ 5.375, 9.75, 5.25, 12.875 ], "texture": "#kektape_atlas" },
				"south": { "uv": [ 5.25, 0.375, 5.375, 3.5 ], "texture": "#kektape_atlas" },
				"west": { "uv": [ 8.6875, 9.75, 8.75, 12.875 ], "texture": "#kektape_atlas" },
				"east": { "uv": [ 8.8125, 9.75, 8.75, 12.875 ], "texture": "#kektape_atlas" }
			}
		},
		{
			"__comment": "Voxels",
			"from": [ 6, 1.75, 2.75 ],
			"to": [ 6.5, 14.25, 3 ],
			"faces": {
				"down": { "uv": [ 4.875, 0.3125, 5, 0.375 ], "texture": "#kektape_atlas" },
				"up": { "uv": [ 4.625, 0.25, 4.75, 0.1875 ], "texture": "#kektape_atlas" },
				"north": { "uv": [ 3.625, 6.625, 3.5, 9.75 ], "texture": "#kektape_atlas" },
				"south": { "uv": [ 3.5, 3.5, 3.625, 6.625 ], "texture": "#kektape_atlas" },
				"west": { "uv": [ 9.0625, 9.75, 9.125, 12.875 ], "texture": "#kektape_atlas" },
				"east": { "uv": [ 9.1875, 9.75, 9.125, 12.875 ], "texture": "#kektape_atlas" }
			}
		},
		{
			"__comment": "Voxels",
			"from": [ 6, 1.75, 3.75 ],
			"to": [ 6.75, 14.25, 4 ],
			"faces": {
				"down": { "uv": [ 2.5, 0.3125, 2.6875, 0.375 ], "texture": "#kektape_atlas" },
				"up": { "uv": [ 2.3125, 0.0625, 2.5, 0 ], "texture": "#kektape_atlas" },
				"north": { "uv": [ 7.3125, 12.875, 7.125, 16 ], "texture": "#kektape_atlas" },
				"south": { "uv": [ 7.3125, 12.875, 7.5, 16 ], "texture": "#kektape_atlas" },
				"west": { "uv": [ 9.4375, 9.75, 9.5, 12.875 ], "texture": "#kektape_atlas" },
				"east": { "uv": [ 9.5625, 9.75, 9.5, 12.875 ], "texture": "#kektape_atlas" }
			}
		},
		{
			"__comment": "Voxels",
			"from": [ 6, 1.75, 12 ],
			"to": [ 6.75, 14.25, 12.25 ],
			"faces": {
				"down": { "uv": [ 2, 0, 2.1875, 0.0625 ], "texture": "#kektape_atlas" },
				"up": { "uv": [ 2, 0.125, 2.1875, 0.0625 ], "texture": "#kektape_atlas" },
				"north": { "uv": [ 8.625, 12.875, 8.4375, 16 ], "texture": "#kektape_atlas" },
				"south": { "uv": [ 8.8125, 12.875, 9, 16 ], "texture": "#kektape_atlas" },
				"west": { "uv": [ 9.8125, 9.75, 9.875, 12.875 ], "texture": "#kektape_atlas" },
				"east": { "uv": [ 9.9375, 9.75, 9.875, 12.875 ], "texture": "#kektape_atlas" }
			}
		},
		{
			"__comment": "Voxels",
			"from": [ 6, 1.75, 13 ],
			"to": [ 6.5, 14.25, 13.25 ],
			"faces": {
				"down": { "uv": [ 4.625, 0.25, 4.75, 0.3125 ], "texture": "#kektape_atlas" },
				"up": { "uv": [ 4.5, 0.125, 4.625, 0.0625 ], "texture": "#kektape_atlas" },
				"north": { "uv": [ 3.875, 0.375, 3.75, 3.5 ], "texture": "#kektape_atlas" },
				"south": { "uv": [ 3.875, 9.75, 4, 12.875 ], "texture": "#kektape_atlas" },
				"west": { "uv": [ 10.1875, 9.75, 10.25, 12.875 ], "texture": "#kektape_atlas" },
				"east": { "uv": [ 10.3125, 9.75, 10.25, 12.875 ], "texture": "#kektape_atlas" }
			}
		},
		{
			"__comment": "Voxels",
			"from": [ 6.25, 1.75, 2.5 ],
			"to": [ 9.5, 14.25, 2.75 ],
			"faces": {
				"down": { "uv": [ 0, 0.1875, 0.8125, 0.25 ], "texture": "#kektape_atlas" },
				"up": { "uv": [ 0, 0.1875, 0.8125, 0.125 ], "texture": "#kektape_atlas" },
				"north": { "uv": [ 0.8125, 3.5, 0, 6.625 ], "texture": "#kektape_atlas" },
				"south": { "uv": [ 0, 6.625, 0.8125, 9.75 ], "texture": "#kektape_atlas" },
				"west": { "uv": [ 10.4375, 9.75, 10.5, 12.875 ], "texture": "#kektape_atlas" },
				"east": { "uv": [ 10.5625, 9.75, 10.5, 12.875 ], "texture": "#kektape_atlas" }
			}
		},
		{
			"__comment": "Voxels",
			"from": [ 6.25, 1.75, 13.25 ],
			"to": [ 9.75, 14.25, 13.5 ],
			"faces": {
				"down": { "uv": [ 0, 0.3125, 0.875, 0.375 ], "texture": "#kektape_atlas" },
				"up": { "uv": [ 0, 0.3125, 0.875, 0.25 ], "texture": "#kektape_atlas" },
				"north": { "uv": [ 0.875, 9.75, 0, 12.875 ], "texture": "#kektape_atlas" },
				"south": { "uv": [ 0, 12.875, 0.875, 16 ], "texture": "#kektape_atlas" },
				"west": { "uv": [ 10.6875, 9.75, 10.75, 12.875 ], "texture": "#kektape_atlas" },
				"east": { "uv": [ 10.8125, 9.75, 10.75, 12.875 ], "texture": "#kektape_atlas" }
			}
		},
		{
			"__comment": "Voxels",
			"from": [ 6.5, 1.75, 3.5 ],
			"to": [ 9.5, 14.25, 3.75 ],
			"faces": {
				"down": { "uv": [ 0.875, 0.3125, 1.625, 0.375 ], "texture": "#kektape_atlas" },
				"up": { "uv": [ 0.875, 0.3125, 1.625, 0.25 ], "texture": "#kektape_atlas" },
				"north": { "uv": [ 1.625, 12.875, 0.875, 16 ], "texture": "#kektape_atlas" },
				"south": { "uv": [ 0.875, 9.75, 1.625, 12.875 ], "texture": "#kektape_atlas" },
				"west": { "uv": [ 9.625, 9.75, 9.6875, 12.875 ], "texture": "#kektape_atlas" },
				"east": { "uv": [ 9.625, 9.75, 9.5625, 12.875 ], "texture": "#kektape_atlas" }
			}
		},
		{
			"__comment": "Voxels",
			"from": [ 6.5, 1.75, 12.25 ],
			"to": [ 9.5, 14.25, 12.5 ],
			"faces": {
				"down": { "uv": [ 0, 0.0625, 0.75, 0.125 ], "texture": "#kektape_atlas" },
				"up": { "uv": [ 0, 0.0625, 0.75, 0 ], "texture": "#kektape_atlas" },
				"north": { "uv": [ 1.625, 6.625, 0.875, 9.75 ], "texture": "#kektape_atlas" },
				"south": { "uv": [ 0, 0.375, 0.75, 3.5 ], "texture": "#kektape_atlas" },
				"west": { "uv": [ 8.875, 9.75, 8.9375, 12.875 ], "texture": "#kektape_atlas" },
				"east": { "uv": [ 8.875, 9.75, 8.8125, 12.875 ], "texture": "#kektape_atlas" }
			}
		},
		{
			"__comment": "Voxels",
			"from": [ 9.25, 1.75, 2.75 ],
			"to": [ 10, 14.25, 3 ],
			"faces": {
				"down": { "uv": [ 7.1875, 9.6875, 7.375, 9.75 ], "texture": "#kektape_atlas" },
				"up": { "uv": [ 8.875, 9.75, 9.0625, 9.6875 ], "texture": "#kektape_atlas" },
				"north": { "uv": [ 7.125, 12.875, 6.9375, 16 ], "texture": "#kektape_atlas" },
				"south": { "uv": [ 6.375, 12.875, 6.5625, 16 ], "texture": "#kektape_atlas" },
				"west": { "uv": [ 8.125, 9.75, 8.1875, 12.875 ], "texture": "#kektape_atlas" },
				"east": { "uv": [ 8.125, 9.75, 8.0625, 12.875 ], "texture": "#kektape_atlas" }
			}
		},
		{
			"__comment": "Voxels",
			"from": [ 9.25, 1.75, 3.75 ],
			"to": [ 10, 14.25, 4 ],
			"faces": {
				"down": { "uv": [ 1.25, 0.0625, 1.4375, 0.125 ], "texture": "#kektape_atlas" },
				"up": { "uv": [ 1.625, 0.25, 1.8125, 0.1875 ], "texture": "#kektape_atlas" },
				"north": { "uv": [ 6.1875, 12.875, 6, 16 ], "texture": "#kektape_atlas" },
				"south": { "uv": [ 5.8125, 12.875, 6, 16 ], "texture": "#kektape_atlas" },
				"west": { "uv": [ 7.375, 9.75, 7.4375, 12.875 ], "texture": "#kektape_atlas" },
				"east": { "uv": [ 7.375, 9.75, 7.3125, 12.875 ], "texture": "#kektape_atlas" }
			}
		},
		{
			"__comment": "Voxels",
			"from": [ 9.25, 1.75, 12 ],
			"to": [ 10, 14.25, 12.25 ],
			"faces": {
				"down": { "uv": [ 2, 0.125, 2.1875, 0.1875 ], "texture": "#kektape_atlas" },
				"up": { "uv": [ 2.3125, 0.375, 2.5, 0.3125 ], "texture": "#kektape_atlas" },
				"north": { "uv": [ 4.875, 12.875, 4.6875, 16 ], "texture": "#kektape_atlas" },
				"south": { "uv": [ 4.3125, 12.875, 4.5, 16 ], "texture": "#kektape_atlas" },
				"west": { "uv": [ 6.625, 9.75, 6.6875, 12.875 ], "texture": "#kektape_atlas" },
				"east": { "uv": [ 6.625, 9.75, 6.5625, 12.875 ], "texture": "#kektape_atlas" }
			}
		},
		{
			"__comment": "Voxels",
			"from": [ 9.5, 1.75, 13 ],
			"to": [ 10, 14.25, 13.25 ],
			"faces": {
				"down": { "uv": [ 2.875, 0.3125, 3, 0.375 ], "texture": "#kektape_atlas" },
				"up": { "uv": [ 3.125, 0.125, 3.25, 0.0625 ], "texture": "#kektape_atlas" },
				"north": { "uv": [ 3.875, 9.75, 3.75, 12.875 ], "texture": "#kektape_atlas" },
				"south": { "uv": [ 3.625, 0.375, 3.75, 3.5 ], "texture": "#kektape_atlas" },
				"west": { "uv": [ 6.0625, 0.375, 6.125, 3.5 ], "texture": "#kektape_atlas" },
				"east": { "uv": [ 6.125, 3.5, 6.0625, 6.625 ], "texture": "#kektape_atlas" }
			}
		},
		{
			"__comment": "Voxels",
			"from": [ 9.75, 1.75, 3 ],
			"to": [ 10.5, 14.25, 3.25 ],
			"faces": {
				"down": { "uv": [ 0.875, 0, 1.0625, 0.0625 ], "texture": "#kektape_atlas" },
				"up": { "uv": [ 1.25, 0.1875, 1.4375, 0.125 ], "texture": "#kektape_atlas" },
				"north": { "uv": [ 2.5, 0.375, 2.3125, 3.5 ], "texture": "#kektape_atlas" },
				"south": { "uv": [ 2.6875, 3.5, 2.875, 6.625 ], "texture": "#kektape_atlas" },
				"west": { "uv": [ 5.875, 0.375, 5.9375, 3.5 ], "texture": "#kektape_atlas" },
				"east": { "uv": [ 5.9375, 3.5, 5.875, 6.625 ], "texture": "#kektape_atlas" }
			}
		},
		{
			"__comment": "Voxels",
			"from": [ 9.75, 1.75, 4 ],
			"to": [ 10.25, 14.25, 4.25 ],
			"faces": {
				"down": { "uv": [ 3.375, 0.25, 3.5, 0.3125 ], "texture": "#kektape_atlas" },
				"up": { "uv": [ 3.375, 0.25, 3.5, 0.1875 ], "texture": "#kektape_atlas" },
				"north": { "uv": [ 4.625, 0.375, 4.5, 3.5 ], "texture": "#kektape_atlas" },
				"south": { "uv": [ 4, 0.375, 4.125, 3.5 ], "texture": "#kektape_atlas" },
				"west": { "uv": [ 5.75, 6.625, 5.8125, 9.75 ], "texture": "#kektape_atlas" },
				"east": { "uv": [ 5.8125, 9.75, 5.75, 12.875 ], "texture": "#kektape_atlas" }
			}
		},
		{
			"__comment": "Voxels",
			"from": [ 9.75, 1.75, 11.75 ],
			"to": [ 10.25, 14.25, 12 ],
			"faces": {
				"down": { "uv": [ 3.5, 0.25, 3.625, 0.3125 ], "texture": "#kektape_atlas" },
				"up": { "uv": [ 3.5, 0.25, 3.625, 0.1875 ], "texture": "#kektape_atlas" },
				"north": { "uv": [ 14, 12.875, 13.875, 16 ], "texture": "#kektape_atlas" },
				"south": { "uv": [ 3.75, 6.625, 3.875, 9.75 ], "texture": "#kektape_atlas" },
				"west": { "uv": [ 5.625, 0.375, 5.6875, 3.5 ], "texture": "#kektape_atlas" },
				"east": { "uv": [ 5.6875, 3.5, 5.625, 6.625 ], "texture": "#kektape_atlas" }
			}
		},
		{
			"__comment": "Voxels",
			"from": [ 9.75, 1.75, 12.75 ],
			"to": [ 10.5, 14.25, 13 ],
			"faces": {
				"down": { "uv": [ 0.875, 0.125, 1.0625, 0.1875 ], "texture": "#kektape_atlas" },
				"up": { "uv": [ 2.0625, 0.375, 2.25, 0.3125 ], "texture": "#kektape_atlas" },
				"north": { "uv": [ 2.5, 6.625, 2.3125, 9.75 ], "texture": "#kektape_atlas" },
				"south": { "uv": [ 2.6875, 9.75, 2.875, 12.875 ], "texture": "#kektape_atlas" },
				"west": { "uv": [ 5.5, 0.375, 5.5625, 3.5 ], "texture": "#kektape_atlas" },
				"east": { "uv": [ 5.5625, 3.5, 5.5, 6.625 ], "texture": "#kektape_atlas" }
			}
		},
		{
			"__comment": "Voxels",
			"from": [ 10, 1.75, 4.25 ],
			"to": [ 10.75, 14.25, 4.5 ],
			"faces": {
				"down": { "uv": [ 1.875, 0.3125, 2.0625, 0.375 ], "texture": "#kektape_atlas" },
				"up": { "uv": [ 1.625, 0.3125, 1.8125, 0.25 ], "texture": "#kektape_atlas" },
				"north": { "uv": [ 2.5, 9.75, 2.3125, 12.875 ], "texture": "#kektape_atlas" },
				"south": { "uv": [ 4.5, 12.875, 4.6875, 16 ], "texture": "#kektape_atlas" },
				"west": { "uv": [ 5.4375, 6.625, 5.5, 9.75 ], "texture": "#kektape_atlas" },
				"east": { "uv": [ 5.5, 9.75, 5.4375, 12.875 ], "texture": "#kektape_atlas" }
			}
		},
		{
			"__comment": "Voxels",
			"from": [ 10, 1.75, 11.5 ],
			"to": [ 10.75, 14.25, 11.75 ],
			"faces": {
				"down": { "uv": [ 2.5, 0.125, 2.6875, 0.1875 ], "texture": "#kektape_atlas" },
				"up": { "uv": [ 2.5, 0.125, 2.6875, 0.0625 ], "texture": "#kektape_atlas" },
				"north": { "uv": [ 12.1875, 12.875, 12, 16 ], "texture": "#kektape_atlas" },
				"south": { "uv": [ 11.8125, 12.875, 12, 16 ], "texture": "#kektape_atlas" },
				"west": { "uv": [ 0.8125, 3.5, 0.875, 6.625 ], "texture": "#kektape_atlas" },
				"east": { "uv": [ 0.875, 6.625, 0.8125, 9.75 ], "texture": "#kektape_atlas" }
			}
		},
		{
			"__comment": "Voxels",
			"from": [ 10.25, 1.75, 3.25 ],
			"to": [ 11, 14.25, 3.5 ],
			"faces": {
				"down": { "uv": [ 2.5, 0, 2.6875, 0.0625 ], "texture": "#kektape_atlas" },
				"up": { "uv": [ 2.75, 0.3125, 2.9375, 0.25 ], "texture": "#kektape_atlas" },
				"north": { "uv": [ 6.9375, 12.875, 6.75, 16 ], "texture": "#kektape_atlas" },
				"south": { "uv": [ 6.5625, 12.875, 6.75, 16 ], "texture": "#kektape_atlas" },
				"west": { "uv": [ 6.5, 3.5, 6.5625, 6.625 ], "texture": "#kektape_atlas" },
				"east": { "uv": [ 6.5, 3.5, 6.4375, 6.625 ], "texture": "#kektape_atlas" }
			}
		},
		{
			"__comment": "Voxels",
			"from": [ 10.25, 1.75, 12.5 ],
			"to": [ 11, 14.25, 12.75 ],
			"faces": {
				"down": { "uv": [ 8.3125, 9.6875, 8.5, 9.75 ], "texture": "#kektape_atlas" },
				"up": { "uv": [ 1.625, 0.0625, 1.8125, 0 ], "texture": "#kektape_atlas" },
				"north": { "uv": [ 2.875, 0.375, 2.6875, 3.5 ], "texture": "#kektape_atlas" },
				"south": { "uv": [ 2.3125, 3.5, 2.5, 6.625 ], "texture": "#kektape_atlas" },
				"west": { "uv": [ 6.1875, 0.375, 6.25, 3.5 ], "texture": "#kektape_atlas" },
				"east": { "uv": [ 15.5, 9.75, 15.4375, 12.875 ], "texture": "#kektape_atlas" }
			}
		},
		{
			"__comment": "Voxels",
			"from": [ 10.5, 1.75, 4.5 ],
			"to": [ 11.25, 14.25, 4.75 ],
			"faces": {
				"down": { "uv": [ 7.5625, 9.6875, 7.75, 9.75 ], "texture": "#kektape_atlas" },
				"up": { "uv": [ 7.75, 9.75, 7.9375, 9.6875 ], "texture": "#kektape_atlas" },
				"north": { "uv": [ 13.875, 12.875, 13.6875, 16 ], "texture": "#kektape_atlas" },
				"south": { "uv": [ 12.75, 12.875, 12.9375, 16 ], "texture": "#kektape_atlas" },
				"west": { "uv": [ 15, 9.75, 15.0625, 12.875 ], "texture": "#kektape_atlas" },
				"east": { "uv": [ 14.875, 9.75, 14.8125, 12.875 ], "texture": "#kektape_atlas" }
			}
		},
		{
			"__comment": "Voxels",
			"from": [ 10.5, 1.75, 11.25 ],
			"to": [ 11.25, 14.25, 11.5 ],
			"faces": {
				"down": { "uv": [ 7.9375, 9.6875, 8.125, 9.75 ], "texture": "#kektape_atlas" },
				"up": { "uv": [ 8.125, 9.75, 8.3125, 9.6875 ], "texture": "#kektape_atlas" },
				"north": { "uv": [ 10.875, 12.875, 10.6875, 16 ], "texture": "#kektape_atlas" },
				"south": { "uv": [ 8.625, 12.875, 8.8125, 16 ], "texture": "#kektape_atlas" },
				"west": { "uv": [ 14.0625, 9.75, 14.125, 12.875 ], "texture": "#kektape_atlas" },
				"east": { "uv": [ 13.5625, 9.75, 13.5, 12.875 ], "texture": "#kektape_atlas" }
			}
		},
		{
			"__comment": "Voxels",
			"from": [ 10.75, 1.75, 3.5 ],
			"to": [ 11.25, 14.25, 3.75 ],
			"faces": {
				"down": { "uv": [ 5, 0.3125, 5.125, 0.375 ], "texture": "#kektape_atlas" },
				"up": { "uv": [ 4.625, 0.375, 4.75, 0.3125 ], "texture": "#kektape_atlas" },
				"north": { "uv": [ 3.25, 9.75, 3.125, 12.875 ], "texture": "#kektape_atlas" },
				"south": { "uv": [ 15.625, 12.875, 15.75, 16 ], "texture": "#kektape_atlas" },
				"west": { "uv": [ 12.8125, 9.75, 12.875, 12.875 ], "texture": "#kektape_atlas" },
				"east": { "uv": [ 12.5625, 9.75, 12.5, 12.875 ], "texture": "#kektape_atlas" }
			}
		},
		{
			"__comment": "Voxels",
			"from": [ 10.75, 1.75, 12.25 ],
			"to": [ 11.25, 14.25, 12.5 ],
			"faces": {
				"down": { "uv": [ 4.75, 0.25, 4.875, 0.3125 ], "texture": "#kektape_atlas" },
				"up": { "uv": [ 4.75, 0.25, 4.875, 0.1875 ], "texture": "#kektape_atlas" },
				"north": { "uv": [ 15, 12.875, 14.875, 16 ], "texture": "#kektape_atlas" },
				"south": { "uv": [ 14.25, 12.875, 14.375, 16 ], "texture": "#kektape_atlas" },
				"west": { "uv": [ 11.8125, 9.75, 11.875, 12.875 ], "texture": "#kektape_atlas" },
				"east": { "uv": [ 11.3125, 9.75, 11.25, 12.875 ], "texture": "#kektape_atlas" }
			}
		},
		{
			"__comment": "Voxels",
			"from": [ 11, 1.75, 3.75 ],
			"to": [ 11.75, 14.25, 4 ],
			"faces": {
				"down": { "uv": [ 8.5, 9.6875, 8.6875, 9.75 ], "texture": "#kektape_atlas" },
				"up": { "uv": [ 8.6875, 9.75, 8.875, 9.6875 ], "texture": "#kektape_atlas" },
				"north": { "uv": [ 2.875, 6.625, 2.6875, 9.75 ], "texture": "#kektape_atlas" },
				"south": { "uv": [ 2.5, 6.625, 2.6875, 9.75 ], "texture": "#kektape_atlas" },
				"west": { "uv": [ 11.0625, 9.75, 11.125, 12.875 ], "texture": "#kektape_atlas" },
				"east": { "uv": [ 10.4375, 9.75, 10.375, 12.875 ], "texture": "#kektape_atlas" }
			}
		},
		{
			"__comment": "Voxels",
			"from": [ 11, 1.75, 4.75 ],
			"to": [ 11.5, 14.25, 5 ],
			"faces": {
				"down": { "uv": [ 3.75, 0.125, 3.875, 0.1875 ], "texture": "#kektape_atlas" },
				"up": { "uv": [ 3.75, 0.125, 3.875, 0.0625 ], "texture": "#kektape_atlas" },
				"north": { "uv": [ 4.125, 9.75, 4, 12.875 ], "texture": "#kektape_atlas" },
				"south": { "uv": [ 4, 3.5, 4.125, 6.625 ], "texture": "#kektape_atlas" },
				"west": { "uv": [ 9.9375, 9.75, 10, 12.875 ], "texture": "#kektape_atlas" },
				"east": { "uv": [ 9.8125, 9.75, 9.75, 12.875 ], "texture": "#kektape_atlas" }
			}
		},
		{
			"__comment": "Voxels",
			"from": [ 11, 1.75, 11 ],
			"to": [ 11.5, 14.25, 11.25 ],
			"faces": {
				"down": { "uv": [ 3.875, 0, 4, 0.0625 ], "texture": "#kektape_atlas" },
				"up": { "uv": [ 4, 0.375, 4.125, 0.3125 ], "texture": "#kektape_atlas" },
				"north": { "uv": [ 3.5, 0.375, 3.375, 3.5 ], "texture": "#kektape_atlas" },
				"south": { "uv": [ 3.375, 3.5, 3.5, 6.625 ], "texture": "#kektape_atlas" },
				"west": { "uv": [ 8.9375, 9.75, 9, 12.875 ], "texture": "#kektape_atlas" },
				"east": { "uv": [ 8.6875, 9.75, 8.625, 12.875 ], "texture": "#kektape_atlas" }
			}
		},
		{
			"__comment": "Voxels",
			"from": [ 11, 1.75, 12 ],
			"to": [ 11.75, 14.25, 12.25 ],
			"faces": {
				"down": { "uv": [ 1.25, 0.1875, 1.4375, 0.25 ], "texture": "#kektape_atlas" },
				"up": { "uv": [ 1.4375, 0.25, 1.625, 0.1875 ], "texture": "#kektape_atlas" },
				"north": { "uv": [ 9.5625, 12.875, 9.375, 16 ], "texture": "#kektape_atlas" },
				"south": { "uv": [ 9.1875, 12.875, 9.375, 16 ], "texture": "#kektape_atlas" },
				"west": { "uv": [ 8.1875, 9.75, 8.25, 12.875 ], "texture": "#kektape_atlas" },
				"east": { "uv": [ 7.875, 9.75, 7.8125, 12.875 ], "texture": "#kektape_atlas" }
			}
		},
		{
			"__comment": "Voxels",
			"from": [ 11.25, 1.75, 5 ],
			"to": [ 11.5, 14.25, 5.5 ],
			"faces": {
				"down": { "uv": [ 4.125, 0.125, 4.1875, 0.25 ], "texture": "#kektape_atlas" },
				"up": { "uv": [ 4.1875, 0.25, 4.25, 0.125 ], "texture": "#kektape_atlas" },
				"south": { "uv": [ 7.0625, 9.75, 7.125, 12.875 ], "texture": "#kektape_atlas" },
				"west": { "uv": [ 15.875, 12.875, 16, 16 ], "texture": "#kektape_atlas" },
				"east": { "uv": [ 15.875, 12.875, 15.75, 16 ], "texture": "#kektape_atlas" }
			}
		},
		{
			"__comment": "Voxels",
			"from": [ 11.25, 1.75, 10.5 ],
			"to": [ 11.75, 14.25, 10.75 ],
			"faces": {
				"down": { "uv": [ 4.25, 0.0625, 4.375, 0.125 ], "texture": "#kektape_atlas" },
				"up": { "uv": [ 3.375, 0.0625, 3.5, 0 ], "texture": "#kektape_atlas" },
				"north": { "uv": [ 15.5, 12.875, 15.375, 16 ], "texture": "#kektape_atlas" },
				"south": { "uv": [ 15.25, 12.875, 15.375, 16 ], "texture": "#kektape_atlas" },
				"west": { "uv": [ 6.125, 6.625, 6.1875, 9.75 ], "texture": "#kektape_atlas" },
				"east": { "uv": [ 6.1875, 9.75, 6.125, 12.875 ], "texture": "#kektape_atlas" }
			}
		},
		{
			"__comment": "Voxels",
			"from": [ 11.25, 1.75, 10.75 ],
			"to": [ 11.5, 14.25, 11 ],
			"faces": {
				"down": { "uv": [ 5.1875, 0.3125, 5.25, 0.375 ], "texture": "#kektape_atlas" },
				"up": { "uv": [ 5.125, 0.375, 5.1875, 0.3125 ], "texture": "#kektape_atlas" },
				"west": { "uv": [ 5.875, 6.625, 5.9375, 9.75 ], "texture": "#kektape_atlas" },
				"east": { "uv": [ 5.9375, 9.75, 5.875, 12.875 ], "texture": "#kektape_atlas" }
			}
		},
		{
			"__comment": "Voxels",
			"from": [ 11.5, 1.75, 4 ],
			"to": [ 12, 14.25, 4.25 ],
			"faces": {
				"down": { "uv": [ 4.5, 0.3125, 4.625, 0.375 ], "texture": "#kektape_atlas" },
				"up": { "uv": [ 4.5, 0.25, 4.625, 0.1875 ], "texture": "#kektape_atlas" },
				"north": { "uv": [ 0.875, 0.375, 0.75, 3.5 ], "texture": "#kektape_atlas" },
				"south": { "uv": [ 4, 6.625, 4.125, 9.75 ], "texture": "#kektape_atlas" },
				"west": { "uv": [ 10.875, 9.75, 10.9375, 12.875 ], "texture": "#kektape_atlas" },
				"east": { "uv": [ 11, 9.75, 10.9375, 12.875 ], "texture": "#kektape_atlas" }
			}
		},
		{
			"__comment": "Voxels",
			"from": [ 11.5, 1.75, 5.25 ],
			"to": [ 11.75, 14.25, 6 ],
			"faces": {
				"down": { "uv": [ 2.3125, 0.125, 2.375, 0.3125 ], "texture": "#kektape_atlas" },
				"up": { "uv": [ 2.375, 0.3125, 2.4375, 0.125 ], "texture": "#kektape_atlas" },
				"north": { "uv": [ 11.0625, 9.75, 11, 12.875 ], "texture": "#kektape_atlas" },
				"south": { "uv": [ 10.5625, 9.75, 10.625, 12.875 ], "texture": "#kektape_atlas" },
				"west": { "uv": [ 9.5625, 12.875, 9.75, 16 ], "texture": "#kektape_atlas" },
				"east": { "uv": [ 9.9375, 12.875, 9.75, 16 ], "texture": "#kektape_atlas" }
			}
		},
		{
			"__comment": "Voxels",
			"from": [ 11.5, 1.75, 10 ],
			"to": [ 12, 14.25, 10.25 ],
			"faces": {
				"down": { "uv": [ 4.625, 0.125, 4.75, 0.1875 ], "texture": "#kektape_atlas" },
				"up": { "uv": [ 4.75, 0.0625, 4.875, 0 ], "texture": "#kektape_atlas" },
				"north": { "uv": [ 4.25, 6.625, 4.125, 9.75 ], "texture": "#kektape_atlas" },
				"south": { "uv": [ 4.125, 3.5, 4.25, 6.625 ], "texture": "#kektape_atlas" },
				"west": { "uv": [ 11.375, 9.75, 11.4375, 12.875 ], "texture": "#kektape_atlas" },
				"east": { "uv": [ 11.5, 9.75, 11.4375, 12.875 ], "texture": "#kektape_atlas" }
			}
		},
		{
			"__comment": "Voxels",
			"from": [ 11.5, 1.75, 10.25 ],
			"to": [ 11.75, 14.25, 10.5 ],
			"faces": {
				"down": { "uv": [ 5.0625, 0.1875, 5.125, 0.25 ], "texture": "#kektape_atlas" },
				"up": { "uv": [ 5, 0.1875, 5.0625, 0.125 ], "texture": "#kektape_atlas" },
				"west": { "uv": [ 11.625, 9.75, 11.6875, 12.875 ], "texture": "#kektape_atlas" },
				"east": { "uv": [ 11.75, 9.75, 11.6875, 12.875 ], "texture": "#kektape_atlas" }
			}
		},
		{
			"__comment": "Voxels",
			"from": [ 11.5, 1.75, 11.75 ],
			"to": [ 12, 14.25, 12 ],
			"faces": {
				"down": { "uv": [ 2.1875, 0.1875, 2.3125, 0.25 ], "texture": "#kektape_atlas" },
				"up": { "uv": [ 2.1875, 0.1875, 2.3125, 0.125 ], "texture": "#kektape_atlas" },
				"north": { "uv": [ 4.25, 0.375, 4.125, 3.5 ], "texture": "#kektape_atlas" },
				"south": { "uv": [ 4.25, 9.75, 4.375, 12.875 ], "texture": "#kektape_atlas" },
				"west": { "uv": [ 11.875, 9.75, 11.9375, 12.875 ], "texture": "#kektape_atlas" },
				"east": { "uv": [ 12, 9.75, 11.9375, 12.875 ], "texture": "#kektape_atlas" }
			}
		},
		{
			"__comment": "Voxels",
			"from": [ 11.75, 1.75, 4.25 ],
			"to": [ 12.25, 14.25, 4.5 ],
			"faces": {
				"down": { "uv": [ 2.1875, 0.0625, 2.3125, 0.125 ], "texture": "#kektape_atlas" },
				"up": { "uv": [ 2.1875, 0.0625, 2.3125, 0 ], "texture": "#kektape_atlas" },
				"north": { "uv": [ 4.375, 6.625, 4.25, 9.75 ], "texture": "#kektape_atlas" },
				"south": { "uv": [ 4.25, 3.5, 4.375, 6.625 ], "texture": "#kektape_atlas" },
				"west": { "uv": [ 12.125, 9.75, 12.1875, 12.875 ], "texture": "#kektape_atlas" },
				"east": { "uv": [ 12.25, 9.75, 12.1875, 12.875 ], "texture": "#kektape_atlas" }
			}
		},
		{
			"__comment": "Voxels",
			"from": [ 11.75, 1.75, 5.75 ],
			"to": [ 12, 14.25, 6.25 ],
			"faces": {
				"down": { "uv": [ 1.875, 0, 1.9375, 0.125 ], "texture": "#kektape_atlas" },
				"up": { "uv": [ 2.6875, 0.125, 2.75, 0 ], "texture": "#kektape_atlas" },
				"north": { "uv": [ 12.3125, 9.75, 12.25, 12.875 ], "texture": "#kektape_atlas" },
				"south": { "uv": [ 12.3125, 9.75, 12.375, 12.875 ], "texture": "#kektape_atlas" },
				"west": { "uv": [ 4.25, 0.375, 4.375, 3.5 ], "texture": "#kektape_atlas" },
				"east": { "uv": [ 4.5, 9.75, 4.375, 12.875 ], "texture": "#kektape_atlas" }
			}
		},
		{
			"__comment": "Voxels",
			"from": [ 11.75, 1.75, 9.75 ],
			"to": [ 12.25, 14.25, 10 ],
			"faces": {
				"down": { "uv": [ 2.875, 0, 3, 0.0625 ], "texture": "#kektape_atlas" },
				"up": { "uv": [ 3.125, 0.1875, 3.25, 0.125 ], "texture": "#kektape_atlas" },
				"north": { "uv": [ 4.5, 6.625, 4.375, 9.75 ], "texture": "#kektape_atlas" },
				"south": { "uv": [ 4.375, 3.5, 4.5, 6.625 ], "texture": "#kektape_atlas" },
				"west": { "uv": [ 12.625, 9.75, 12.6875, 12.875 ], "texture": "#kektape_atlas" },
				"east": { "uv": [ 12.75, 9.75, 12.6875, 12.875 ], "texture": "#kektape_atlas" }
			}
		},
		{
			"__comment": "Voxels",
			"from": [ 11.75, 1.75, 11.5 ],
			"to": [ 12.25, 14.25, 11.75 ],
			"faces": {
				"down": { "uv": [ 3.25, 0.3125, 3.375, 0.375 ], "texture": "#kektape_atlas" },
				"up": { "uv": [ 3.25, 0.3125, 3.375, 0.25 ], "texture": "#kektape_atlas" },
				"north": { "uv": [ 4.5, 0.375, 4.375, 3.5 ], "texture": "#kektape_atlas" },
				"south": { "uv": [ 4.5, 9.75, 4.625, 12.875 ], "texture": "#kektape_atlas" },
				"west": { "uv": [ 12.875, 9.75, 12.9375, 12.875 ], "texture": "#kektape_atlas" },
				"east": { "uv": [ 13, 9.75, 12.9375, 12.875 ], "texture": "#kektape_atlas" }
			}
		},
		{
			"__comment": "Voxels",
			"from": [ 12, 1.75, 4.5 ],
			"to": [ 12.25, 14.25, 5 ],
			"faces": {
				"down": { "uv": [ 3.25, 0.0625, 3.3125, 0.1875 ], "texture": "#kektape_atlas" },
				"up": { "uv": [ 3.3125, 0.1875, 3.375, 0.0625 ], "texture": "#kektape_atlas" },
				"south": { "uv": [ 13.0625, 9.75, 13.125, 12.875 ], "texture": "#kektape_atlas" },
				"west": { "uv": [ 4.5, 6.625, 4.625, 9.75 ], "texture": "#kektape_atlas" },
				"east": { "uv": [ 4.625, 3.5, 4.5, 6.625 ], "texture": "#kektape_atlas" }
			}
		},
		{
			"__comment": "Voxels",
			"from": [ 12, 1.75, 6 ],
			"to": [ 12.25, 14.25, 6.75 ],
			"faces": {
				"down": { "uv": [ 1.0625, 0.0625, 1.125, 0.25 ], "texture": "#kektape_atlas" },
				"up": { "uv": [ 1.9375, 0.25, 2, 0.0625 ], "texture": "#kektape_atlas" },
				"north": { "uv": [ 13.3125, 9.75, 13.25, 12.875 ], "texture": "#kektape_atlas" },
				"south": { "uv": [ 13.3125, 9.75, 13.375, 12.875 ], "texture": "#kektape_atlas" },
				"west": { "uv": [ 9.9375, 12.875, 10.125, 16 ], "texture": "#kektape_atlas" },
				"east": { "uv": [ 13.125, 12.875, 12.9375, 16 ], "texture": "#kektape_atlas" }
			}
		},
		{
			"__comment": "Voxels",
			"from": [ 12, 1.75, 9.25 ],
			"to": [ 12.5, 14.25, 9.5 ],
			"faces": {
				"down": { "uv": [ 4.5, 0, 4.625, 0.0625 ], "texture": "#kektape_atlas" },
				"up": { "uv": [ 3.5, 0.375, 3.625, 0.3125 ], "texture": "#kektape_atlas" },
				"north": { "uv": [ 4.75, 6.625, 4.625, 9.75 ], "texture": "#kektape_atlas" },
				"south": { "uv": [ 4.625, 3.5, 4.75, 6.625 ], "texture": "#kektape_atlas" },
				"west": { "uv": [ 13.625, 9.75, 13.6875, 12.875 ], "texture": "#kektape_atlas" },
				"east": { "uv": [ 13.75, 9.75, 13.6875, 12.875 ], "texture": "#kektape_atlas" }
			}
		},
		{
			"__comment": "Voxels",
			"from": [ 12, 1.75, 9.5 ],
			"to": [ 12.25, 14.25, 9.75 ],
			"faces": {
				"down": { "uv": [ 5.0625, 0, 5.125, 0.0625 ], "texture": "#kektape_atlas" },
				"up": { "uv": [ 5, 0.25, 5.0625, 0.1875 ], "texture": "#kektape_atlas" },
				"west": { "uv": [ 13.875, 9.75, 13.9375, 12.875 ], "texture": "#kektape_atlas" },
				"east": { "uv": [ 14, 9.75, 13.9375, 12.875 ], "texture": "#kektape_atlas" }
			}
		},
		{
			"__comment": "Voxels",
			"from": [ 12, 1.75, 11 ],
			"to": [ 12.5, 14.25, 11.25 ],
			"faces": {
				"down": { "uv": [ 3.625, 0.25, 3.75, 0.3125 ], "texture": "#kektape_atlas" },
				"up": { "uv": [ 3.625, 0.25, 3.75, 0.1875 ], "texture": "#kektape_atlas" },
				"north": { "uv": [ 4.75, 0.375, 4.625, 3.5 ], "texture": "#kektape_atlas" },
				"south": { "uv": [ 4.75, 9.75, 4.875, 12.875 ], "texture": "#kektape_atlas" },
				"west": { "uv": [ 14.125, 9.75, 14.1875, 12.875 ], "texture": "#kektape_atlas" },
				"east": { "uv": [ 14.25, 9.75, 14.1875, 12.875 ], "texture": "#kektape_atlas" }
			}
		},
		{
			"__comment": "Voxels",
			"from": [ 12, 1.75, 11.25 ],
			"to": [ 12.25, 14.25, 11.5 ],
			"faces": {
				"down": { "uv": [ 0.8125, 0.1875, 0.875, 0.25 ], "texture": "#kektape_atlas" },
				"up": { "uv": [ 0.8125, 0.1875, 0.875, 0.125 ], "texture": "#kektape_atlas" },
				"west": { "uv": [ 6.6875, 0.375, 6.75, 3.5 ], "texture": "#kektape_atlas" },
				"east": { "uv": [ 14.4375, 9.75, 14.375, 12.875 ], "texture": "#kektape_atlas" }
			}
		},
		{
			"__comment": "Voxels",
			"from": [ 12.25, 1.75, 4.75 ],
			"to": [ 12.5, 14.25, 5.25 ],
			"faces": {
				"down": { "uv": [ 3.625, 0.0625, 3.6875, 0.1875 ], "texture": "#kektape_atlas" },
				"up": { "uv": [ 3.6875, 0.1875, 3.75, 0.0625 ], "texture": "#kektape_atlas" },
				"north": { "uv": [ 14.5, 9.75, 14.4375, 12.875 ], "texture": "#kektape_atlas" },
				"south": { "uv": [ 14.5, 9.75, 14.5625, 12.875 ], "texture": "#kektape_atlas" },
				"west": { "uv": [ 4.75, 6.625, 4.875, 9.75 ], "texture": "#kektape_atlas" },
				"east": { "uv": [ 4.875, 3.5, 4.75, 6.625 ], "texture": "#kektape_atlas" }
			}
		},
		{
			"__comment": "Voxels",
			"from": [ 12.25, 1.75, 6.5 ],
			"to": [ 12.5, 14.25, 9.25 ],
			"faces": {
				"down": { "uv": [ 6.75, 8.375, 6.8125, 9.0625 ], "texture": "#kektape_atlas" },
				"up": { "uv": [ 6.75, 9.75, 6.8125, 9.0625 ], "texture": "#kektape_atlas" },
				"north": { "uv": [ 14.75, 9.75, 14.6875, 12.875 ], "texture": "#kektape_atlas" },
				"west": { "uv": [ 1.625, 12.875, 2.3125, 16 ], "texture": "#kektape_atlas" },
				"east": { "uv": [ 1.5625, 0.375, 0.875, 3.5 ], "texture": "#kektape_atlas" }
			}
		},
		{
			"__comment": "Voxels",
			"from": [ 12.25, 1.75, 10.75 ],
			"to": [ 12.75, 14.25, 11 ],
			"faces": {
				"down": { "uv": [ 3.875, 0.25, 4, 0.3125 ], "texture": "#kektape_atlas" },
				"up": { "uv": [ 3.875, 0.25, 4, 0.1875 ], "texture": "#kektape_atlas" },
				"north": { "uv": [ 5, 6.625, 4.875, 9.75 ], "texture": "#kektape_atlas" },
				"south": { "uv": [ 4.875, 3.5, 5, 6.625 ], "texture": "#kektape_atlas" },
				"west": { "uv": [ 15.0625, 9.75, 15.125, 12.875 ], "texture": "#kektape_atlas" },
				"east": { "uv": [ 15.1875, 9.75, 15.125, 12.875 ], "texture": "#kektape_atlas" }
			}
		},
		{
			"__comment": "Voxels",
			"from": [ 12.5, 1.75, 5 ],
			"to": [ 12.75, 14.25, 5.75 ],
			"faces": {
				"down": { "uv": [ 2.75, 0.0625, 2.8125, 0.25 ], "texture": "#kektape_atlas" },
				"up": { "uv": [ 2.8125, 0.25, 2.875, 0.0625 ], "texture": "#kektape_atlas" },
				"north": { "uv": [ 15.25, 9.75, 15.1875, 12.875 ], "texture": "#kektape_atlas" },
				"south": { "uv": [ 15.25, 9.75, 15.3125, 12.875 ], "texture": "#kektape_atlas" },
				"west": { "uv": [ 10.125, 12.875, 10.3125, 16 ], "texture": "#kektape_atlas" },
				"east": { "uv": [ 11.0625, 12.875, 10.875, 16 ], "texture": "#kektape_atlas" }
			}
		},
		{
			"__comment": "Voxels",
			"from": [ 12.5, 1.75, 10.25 ],
			"to": [ 13, 14.25, 10.5 ],
			"faces": {
				"down": { "uv": [ 4, 0, 4.125, 0.0625 ], "texture": "#kektape_atlas" },
				"up": { "uv": [ 4.125, 0.375, 4.25, 0.3125 ], "texture": "#kektape_atlas" },
				"north": { "uv": [ 5.125, 6.625, 5, 9.75 ], "texture": "#kektape_atlas" },
				"south": { "uv": [ 5, 3.5, 5.125, 6.625 ], "texture": "#kektape_atlas" },
				"west": { "uv": [ 15.5625, 9.75, 15.625, 12.875 ], "texture": "#kektape_atlas" },
				"east": { "uv": [ 15.6875, 9.75, 15.625, 12.875 ], "texture": "#kektape_atlas" }
			}
		},
		{
			"__comment": "Voxels",
			"from": [ 12.5, 1.75, 10.5 ],
			"to": [ 12.75, 14.25, 10.75 ],
			"faces": {
				"down": { "uv": [ 1.0625, 0, 1.125, 0.0625 ], "texture": "#kektape_atlas" },
				"up": { "uv": [ 1.125, 0.0625, 1.1875, 0 ], "texture": "#kektape_atlas" },
				"west": { "uv": [ 15.8125, 9.75, 15.875, 12.875 ], "texture": "#kektape_atlas" },
				"east": { "uv": [ 15.9375, 9.75, 15.875, 12.875 ], "texture": "#kektape_atlas" }
			}
		},
		{
			"__comment": "Voxels",
			"from": [ 12.75, 1.75, 5.5 ],
			"to": [ 13, 14.25, 6.25 ],
			"faces": {
				"down": { "uv": [ 2.875, 0.0625, 2.9375, 0.25 ], "texture": "#kektape_atlas" },
				"up": { "uv": [ 2.9375, 0.25, 3, 0.0625 ], "texture": "#kektape_atlas" },
				"north": { "uv": [ 16, 9.75, 15.9375, 12.875 ], "texture": "#kektape_atlas" },
				"south": { "uv": [ 6.1875, 6.625, 6.25, 9.75 ], "texture": "#kektape_atlas" },
				"west": { "uv": [ 11.0625, 12.875, 11.25, 16 ], "texture": "#kektape_atlas" },
				"east": { "uv": [ 11.4375, 12.875, 11.25, 16 ], "texture": "#kektape_atlas" }
			}
		},
		{
			"__comment": "Voxels",
			"from": [ 12.75, 1.75, 9.75 ],
			"to": [ 13.25, 14.25, 10 ],
			"faces": {
				"down": { "uv": [ 4.375, 0.125, 4.5, 0.1875 ], "texture": "#kektape_atlas" },
				"up": { "uv": [ 4.375, 0.125, 4.5, 0.0625 ], "texture": "#kektape_atlas" },
				"north": { "uv": [ 5.25, 6.625, 5.125, 9.75 ], "texture": "#kektape_atlas" },
				"south": { "uv": [ 5.125, 3.5, 5.25, 6.625 ], "texture": "#kektape_atlas" },
				"west": { "uv": [ 6.25, 0.375, 6.3125, 3.5 ], "texture": "#kektape_atlas" },
				"east": { "uv": [ 6.375, 6.625, 6.3125, 9.75 ], "texture": "#kektape_atlas" }
			}
		},
		{
			"__comment": "Voxels",
			"from": [ 12.75, 1.75, 10 ],
			"to": [ 13, 14.25, 10.25 ],
			"faces": {
				"down": { "uv": [ 5.125, 0.125, 5.1875, 0.1875 ], "texture": "#kektape_atlas" },
				"up": { "uv": [ 5.1875, 0.1875, 5.25, 0.125 ], "texture": "#kektape_atlas" },
				"west": { "uv": [ 6.375, 6.625, 6.4375, 9.75 ], "texture": "#kektape_atlas" },
				"east": { "uv": [ 6.4375, 3.5, 6.375, 6.625 ], "texture": "#kektape_atlas" }
			}
		},
		{
			"__comment": "Voxels",
			"from": [ 13, 1.75, 6 ],
			"to": [ 13.25, 14.25, 6.75 ],
			"faces": {
				"down": { "uv": [ 3, 0, 3.0625, 0.1875 ], "texture": "#kektape_atlas" },
				"up": { "uv": [ 3.0625, 0.1875, 3.125, 0 ], "texture": "#kektape_atlas" },
				"north": { "uv": [ 6.4375, 0.375, 6.375, 3.5 ], "texture": "#kektape_atlas" },
				"south": { "uv": [ 6.4375, 6.625, 6.5, 9.75 ], "texture": "#kektape_atlas" },
				"west": { "uv": [ 11.4375, 12.875, 11.625, 16 ], "texture": "#kektape_atlas" },
				"east": { "uv": [ 11.8125, 12.875, 11.625, 16 ], "texture": "#kektape_atlas" }
			}
		},
		{
			"__comment": "Voxels",
			"from": [ 13, 1.75, 9.25 ],
			"to": [ 13.5, 14.25, 9.5 ],
			"faces": {
				"down": { "uv": [ 4.625, 0, 4.75, 0.0625 ], "texture": "#kektape_atlas" },
				"up": { "uv": [ 4.75, 0.375, 4.875, 0.3125 ], "texture": "#kektape_atlas" },
				"north": { "uv": [ 5.375, 6.625, 5.25, 9.75 ], "texture": "#kektape_atlas" },
				"south": { "uv": [ 5.25, 3.5, 5.375, 6.625 ], "texture": "#kektape_atlas" },
				"west": { "uv": [ 6.5, 0.375, 6.5625, 3.5 ], "texture": "#kektape_atlas" },
				"east": { "uv": [ 6.625, 6.625, 6.5625, 9.75 ], "texture": "#kektape_atlas" }
			}
		},
		{
			"__comment": "Voxels",
			"from": [ 13, 1.75, 9.5 ],
			"to": [ 13.25, 14.25, 9.75 ],
			"faces": {
				"down": { "uv": [ 5, 0.0625, 5.0625, 0.125 ], "texture": "#kektape_atlas" },
				"up": { "uv": [ 5.0625, 0.125, 5.125, 0.0625 ], "texture": "#kektape_atlas" },
				"west": { "uv": [ 6.625, 6.625, 6.6875, 9.75 ], "texture": "#kektape_atlas" },
				"east": { "uv": [ 6.6875, 3.5, 6.625, 6.625 ], "texture": "#kektape_atlas" }
			}
		},
		{
			"__comment": "Voxels",
			"from": [ 13.25, 1.75, 6.5 ],
			"to": [ 13.5, 14.25, 9.25 ],
			"faces": {
				"down": { "uv": [ 6.75, 4.25, 6.8125, 4.9375 ], "texture": "#kektape_atlas" },
				"up": { "uv": [ 6.75, 6.3125, 6.8125, 5.625 ], "texture": "#kektape_atlas" },
				"north": { "uv": [ 6.6875, 0.375, 6.625, 3.5 ], "texture": "#kektape_atlas" },
				"west": { "uv": [ 1.625, 6.625, 2.3125, 9.75 ], "texture": "#kektape_atlas" },
				"east": { "uv": [ 2.3125, 9.75, 1.625, 12.875 ], "texture": "#kektape_atlas" }
			}
		}
	],
	"display": {
		"thirdperson_righthand": {
			"scale":  [ 0.2, 0.2, 0.2 ]
		},
		"thirdperson_lefthand": {
			"scale":  [ 0.0001, 0.0001, 0.0001 ]
		},
		"firstperson_righthand": {
			"translation":  [ 17.391, -8.347, -18.07 ]
		},
		"firstperson_lefthand": {
			"scale":  [ 0.0001, 0.0001, 0.0001 ]
		},
		"gui": {
			"rotation":  [ 128, 28, -38 ]
		},
		"ground": {
			"translation":  [ 0, 1.3913, 0 ],
			"scale":  [ 0.2, 0.2, 0.2 ]
		}
	}
}