{
	"__comment": "Designed by EFM",
	"textures": {
		"particle": "blocks/e_particle",
		"texture": "blocks/e_texture",
		"raddetector_atlas": "efm/raddetector_atlas"
	},
	"elements": [ 	 
		{
			"__comment": "Voxels",
			"from": [ 3.5, 0, 6.5 ],
			"to": [ 12.5, 14.5, 7 ],
			"faces": {
				"down": { "uv": [ 4.375, 12.25, 6.625, 12.375 ], "texture": "#raddetector_atlas" },
				"up": { "uv": [ 4.375, 12.25, 6.625, 12.125 ], "texture": "#raddetector_atlas" },
				"north": { "uv": [ 2.25, 12.375, 0, 16 ], "texture": "#raddetector_atlas" },
				"south": { "uv": [ 2.25, 12.375, 4.5, 16 ], "texture": "#raddetector_atlas" },
				"west": { "uv": [ 7.625, 12.375, 7.75, 16 ], "texture": "#raddetector_atlas" },
				"east": { "uv": [ 7.875, 12.375, 7.75, 16 ], "texture": "#raddetector_atlas" }
			}
		},
		{
			"__comment": "Voxels",
			"from": [ 3.5, 0, 7 ],
			"to": [ 4.5, 0.5, 9.5 ],
			"faces": {
				"down": { "uv": [ 3.375, 9.5, 3.625, 10.125 ], "texture": "#raddetector_atlas" },
				"up": { "uv": [ 3.625, 10.125, 3.875, 9.5 ], "texture": "#raddetector_atlas" },
				"south": { "uv": [ 6.625, 9.375, 6.875, 9.5 ], "texture": "#raddetector_atlas" },
				"west": { "uv": [ 7.375, 11.625, 8, 11.75 ], "texture": "#raddetector_atlas" },
				"east": { "uv": [ 8, 10.5, 7.375, 10.625 ], "texture": "#raddetector_atlas" }
			}
		},
		{
			"__comment": "Voxels",
			"from": [ 3.5, 0.5, 7 ],
			"to": [ 4, 15, 9 ],
			"faces": {
				"up": { "uv": [ 0.125, 2.125, 0.25, 1.625 ], "texture": "#raddetector_atlas" },
				"north": { "uv": [ 8, 12.375, 7.875, 16 ], "texture": "#raddetector_atlas" },
				"south": { "uv": [ 0.5, 5.5, 0.625, 9.125 ], "texture": "#raddetector_atlas" },
				"west": { "uv": [ 6.625, 12.375, 7.125, 16 ], "texture": "#raddetector_atlas" },
				"east": { "uv": [ 7.625, 12.375, 7.125, 16 ], "texture": "#raddetector_atlas" }
			}
		},
		{
			"__comment": "Voxels",
			"from": [ 3.5, 0.5, 9 ],
			"to": [ 12.5, 1, 9.5 ],
			"faces": {
				"down": { "uv": [ 4.375, 11.625, 6.625, 11.75 ], "texture": "#raddetector_atlas" },
				"up": { "uv": [ 4.375, 12.125, 6.625, 12 ], "texture": "#raddetector_atlas" },
				"north": { "uv": [ 6.625, 11.875, 4.375, 12 ], "texture": "#raddetector_atlas" },
				"south": { "uv": [ 4.375, 11.75, 6.625, 11.875 ], "texture": "#raddetector_atlas" },
				"west": { "uv": [ 7.875, 11.25, 8, 11.375 ], "texture": "#raddetector_atlas" },
				"east": { "uv": [ 4.125, 10.25, 4, 10.375 ], "texture": "#raddetector_atlas" }
			}
		},
		{
			"__comment": "Voxels",
			"from": [ 3.5, 1, 9 ],
			"to": [ 4, 14.5, 9.5 ],
			"faces": {
				"up": { "uv": [ 7.875, 11.5, 8, 11.375 ], "texture": "#raddetector_atlas" },
				"south": { "uv": [ 0.75, 5.75, 0.875, 9.125 ], "texture": "#raddetector_atlas" },
				"west": { "uv": [ 0.75, 2.375, 0.875, 5.75 ], "texture": "#raddetector_atlas" },
				"east": { "uv": [ 1, 5.75, 0.875, 9.125 ], "texture": "#raddetector_atlas" }
			}
		},
		{
			"__comment": "Voxels",
			"from": [ 4, -0.5, 6.5 ],
			"to": [ 12, 0, 9.5 ],
			"faces": {
				"down": { "uv": [ 2.125, 10.875, 4.125, 11.625 ], "texture": "#raddetector_atlas" },
				"up": { "uv": [ 2.125, 12.375, 4.125, 11.625 ], "texture": "#raddetector_atlas" },
				"north": { "uv": [ 6.5, 12.375, 4.5, 12.5 ], "texture": "#raddetector_atlas" },
				"south": { "uv": [ 4.375, 11.5, 6.375, 11.625 ], "texture": "#raddetector_atlas" },
				"west": { "uv": [ 6.625, 11.75, 7.375, 11.875 ], "texture": "#raddetector_atlas" },
				"east": { "uv": [ 7.375, 11.625, 6.625, 11.75 ], "texture": "#raddetector_atlas" }
			}
		},
		{
			"__comment": "Voxels",
			"from": [ 4, 1.5, 9 ],
			"to": [ 12.5, 14.5, 9.5 ],
			"faces": {
				"down": { "uv": [ 4.5, 12.625, 6.625, 12.75 ], "texture": "#raddetector_atlas" },
				"up": { "uv": [ 4.5, 12.625, 6.625, 12.5 ], "texture": "#raddetector_atlas" },
				"north": { "uv": [ 6.625, 12.75, 4.5, 16 ], "texture": "#raddetector_atlas" },
				"south": { "uv": [ 0, 9.125, 2.125, 12.375 ], "texture": "#raddetector_atlas" },
				"east": { "uv": [ 4.375, 9.125, 4.25, 12.375 ], "texture": "#raddetector_atlas" }
			}
		},
		{
			"__comment": "Voxels",
			"from": [ 4, 14.5, 6.5 ],
			"to": [ 12, 15, 7 ],
			"faces": {
				"up": { "uv": [ 4.375, 10.375, 6.375, 10.25 ], "texture": "#raddetector_atlas" },
				"north": { "uv": [ 6.375, 10.125, 4.375, 10.25 ], "texture": "#raddetector_atlas" },
				"south": { "uv": [ 4.375, 10, 6.375, 10.125 ], "texture": "#raddetector_atlas" },
				"west": { "uv": [ 7.875, 11.875, 8, 12 ], "texture": "#raddetector_atlas" },
				"east": { "uv": [ 8, 12, 7.875, 12.125 ], "texture": "#raddetector_atlas" }
			}
		},
		{
			"__comment": "Voxels",
			"from": [ 4, 14.5, 7 ],
			"to": [ 4.5, 15.5, 9 ],
			"faces": {
				"down": { "uv": [ 0.25, 1.625, 0.375, 2.125 ], "texture": "#raddetector_atlas" },
				"up": { "uv": [ 7.875, 10.375, 8, 9.875 ], "texture": "#raddetector_atlas" },
				"north": { "uv": [ 6.75, 9.125, 6.625, 9.375 ], "texture": "#raddetector_atlas" },
				"south": { "uv": [ 6.75, 9.125, 6.875, 9.375 ], "texture": "#raddetector_atlas" },
				"west": { "uv": [ 3.625, 9.25, 4.125, 9.5 ], "texture": "#raddetector_atlas" },
				"east": { "uv": [ 7.375, 10.375, 6.875, 10.625 ], "texture": "#raddetector_atlas" }
			}
		},
		{
			"__comment": "Voxels",
			"from": [ 4, 14.5, 9 ],
			"to": [ 12, 15, 9.5 ],
			"faces": {
				"up": { "uv": [ 4.375, 10.75, 6.375, 10.625 ], "texture": "#raddetector_atlas" },
				"north": { "uv": [ 6.375, 10.5, 4.375, 10.625 ], "texture": "#raddetector_atlas" },
				"south": { "uv": [ 4.375, 9.875, 6.375, 10 ], "texture": "#raddetector_atlas" },
				"west": { "uv": [ 7.875, 9.625, 8, 9.75 ], "texture": "#raddetector_atlas" },
				"east": { "uv": [ 8, 9.75, 7.875, 9.875 ], "texture": "#raddetector_atlas" }
			}
		},
		{
			"__comment": "Voxels",
			"from": [ 4.5, 0, 9 ],
			"to": [ 12.5, 0.5, 9.5 ],
			"faces": {
				"down": { "uv": [ 4.375, 11.125, 6.375, 11.25 ], "texture": "#raddetector_atlas" },
				"north": { "uv": [ 6.375, 11.375, 4.375, 11.5 ], "texture": "#raddetector_atlas" },
				"south": { "uv": [ 4.375, 11.25, 6.375, 11.375 ], "texture": "#raddetector_atlas" },
				"east": { "uv": [ 8, 10.875, 7.875, 11 ], "texture": "#raddetector_atlas" }
			}
		},
		{
			"__comment": "Voxels",
			"from": [ 4.5, 1, 9 ],
			"to": [ 12.5, 1.5, 9.5 ],
			"faces": {
				"north": { "uv": [ 6.375, 11, 4.375, 11.125 ], "texture": "#raddetector_atlas" },
				"south": { "uv": [ 4.375, 10.875, 6.375, 11 ], "texture": "#raddetector_atlas" },
				"west": { "uv": [ 7.875, 12.25, 8, 12.375 ], "texture": "#raddetector_atlas" },
				"east": { "uv": [ 4.125, 10.125, 4, 10.25 ], "texture": "#raddetector_atlas" }
			}
		},
		{
			"__comment": "Voxels",
			"from": [ 4.5, 15, 6.5 ],
			"to": [ 11.5, 15.5, 7 ],
			"faces": {
				"up": { "uv": [ 1, 9.125, 2.75, 9 ], "texture": "#raddetector_atlas" },
				"north": { "uv": [ 6.125, 9.375, 4.375, 9.5 ], "texture": "#raddetector_atlas" },
				"south": { "uv": [ 4.375, 9.25, 6.125, 9.375 ], "texture": "#raddetector_atlas" },
				"west": { "uv": [ 6.5, 12.375, 6.625, 12.5 ], "texture": "#raddetector_atlas" },
				"east": { "uv": [ 7.875, 9.5, 7.75, 9.625 ], "texture": "#raddetector_atlas" }
			}
		},
		{
			"__comment": "Voxels",
			"from": [ 4.5, 15, 7 ],
			"to": [ 5.5, 15.5, 9.5 ],
			"faces": {
				"down": { "uv": [ 3.875, 9.5, 4.125, 10.125 ], "texture": "#raddetector_atlas" },
				"up": { "uv": [ 6.375, 10.625, 6.625, 10 ], "texture": "#raddetector_atlas" },
				"south": { "uv": [ 3.75, 10.125, 4, 10.25 ], "texture": "#raddetector_atlas" },
				"west": { "uv": [ 7.375, 11.75, 8, 11.875 ], "texture": "#raddetector_atlas" },
				"east": { "uv": [ 7.75, 9.5, 7.125, 9.625 ], "texture": "#raddetector_atlas" }
			}
		},
		{
			"__comment": "Voxels",
			"from": [ 5, 15.5, 6.5 ],
			"to": [ 11, 16, 7 ],
			"faces": {
				"up": { "uv": [ 6.375, 11.125, 7.875, 11 ], "texture": "#raddetector_atlas" },
				"north": { "uv": [ 7.875, 10.875, 6.375, 11 ], "texture": "#raddetector_atlas" },
				"south": { "uv": [ 6.375, 10.75, 7.875, 10.875 ], "texture": "#raddetector_atlas" },
				"west": { "uv": [ 6.875, 9.125, 7, 9.25 ], "texture": "#raddetector_atlas" },
				"east": { "uv": [ 8, 10.75, 7.875, 10.875 ], "texture": "#raddetector_atlas" }
			}
		},
		{
			"__comment": "Voxels",
			"from": [ 5, 15.5, 7 ],
			"to": [ 6, 16, 9.5 ],
			"faces": {
				"down": { "uv": [ 6.375, 9.375, 6.625, 10 ], "texture": "#raddetector_atlas" },
				"up": { "uv": [ 6.625, 10.625, 6.875, 10 ], "texture": "#raddetector_atlas" },
				"south": { "uv": [ 3.375, 9.375, 3.625, 9.5 ], "texture": "#raddetector_atlas" },
				"west": { "uv": [ 7.125, 9.375, 7.75, 9.5 ], "texture": "#raddetector_atlas" },
				"east": { "uv": [ 8, 10.375, 7.375, 10.5 ], "texture": "#raddetector_atlas" }
			}
		},
		{
			"__comment": "Voxels",
			"from": [ 5.5, 15, 9 ],
			"to": [ 11.5, 15.5, 9.5 ],
			"faces": {
				"up": { "uv": [ 6.375, 11.5, 7.875, 11.375 ], "texture": "#raddetector_atlas" },
				"north": { "uv": [ 7.875, 11.25, 6.375, 11.375 ], "texture": "#raddetector_atlas" },
				"south": { "uv": [ 6.375, 10.625, 7.875, 10.75 ], "texture": "#raddetector_atlas" },
				"east": { "uv": [ 8, 12.125, 7.875, 12.25 ], "texture": "#raddetector_atlas" }
			}
		},
		{
			"__comment": "Voxels",
			"from": [ 5.5, 16, 6.5 ],
			"to": [ 10.5, 16.5, 9.5 ],
			"faces": {
				"down": { "uv": [ 2.125, 9.375, 3.375, 10.125 ], "texture": "#raddetector_atlas" },
				"up": { "uv": [ 2.125, 10.875, 3.375, 10.125 ], "texture": "#raddetector_atlas" },
				"north": { "uv": [ 3.375, 9.25, 2.125, 9.375 ], "texture": "#raddetector_atlas" },
				"south": { "uv": [ 6.625, 11.875, 7.875, 12 ], "texture": "#raddetector_atlas" },
				"west": { "uv": [ 7.125, 9.625, 7.875, 9.75 ], "texture": "#raddetector_atlas" },
				"east": { "uv": [ 7.875, 9.75, 7.125, 9.875 ], "texture": "#raddetector_atlas" }
			}
		},
		{
			"__comment": "Voxels",
			"from": [ 6, 15.5, 9 ],
			"to": [ 11, 16, 9.5 ],
			"faces": {
				"up": { "uv": [ 6.625, 12.25, 7.875, 12.125 ], "texture": "#raddetector_atlas" },
				"north": { "uv": [ 3.375, 9.125, 2.125, 9.25 ], "texture": "#raddetector_atlas" },
				"south": { "uv": [ 6.625, 12.25, 7.875, 12.375 ], "texture": "#raddetector_atlas" },
				"east": { "uv": [ 8, 11.125, 7.875, 11.25 ], "texture": "#raddetector_atlas" }
			}
		},
		{
			"__comment": "Voxels",
			"from": [ 10, 15.5, 7 ],
			"to": [ 11, 16, 9 ],
			"faces": {
				"down": { "uv": [ 6.625, 9.5, 6.875, 10 ], "texture": "#raddetector_atlas" },
				"up": { "uv": [ 6.875, 10.375, 7.125, 9.875 ], "texture": "#raddetector_atlas" },
				"west": { "uv": [ 0, 1.25, 0.5, 1.375 ], "texture": "#raddetector_atlas" },
				"east": { "uv": [ 0.5, 1.375, 0, 1.5 ], "texture": "#raddetector_atlas" }
			}
		},
		{
			"__comment": "Voxels",
			"from": [ 10.5, 15, 7 ],
			"to": [ 12, 15.5, 9 ],
			"faces": {
				"down": { "uv": [ 3.75, 10.375, 4.125, 10.875 ], "texture": "#raddetector_atlas" },
				"up": { "uv": [ 3.375, 10.875, 3.75, 10.375 ], "texture": "#raddetector_atlas" },
				"north": { "uv": [ 3.75, 10.125, 3.375, 10.25 ], "texture": "#raddetector_atlas" },
				"south": { "uv": [ 3.375, 10.25, 3.75, 10.375 ], "texture": "#raddetector_atlas" },
				"west": { "uv": [ 0, 1.125, 0.5, 1.25 ], "texture": "#raddetector_atlas" },
				"east": { "uv": [ 4.125, 9.125, 3.625, 9.25 ], "texture": "#raddetector_atlas" }
			}
		},
		{
			"__comment": "Voxels",
			"from": [ 11.5, 0, 7 ],
			"to": [ 12.5, 0.5, 9 ],
			"faces": {
				"down": { "uv": [ 6.875, 9.375, 7.125, 9.875 ], "texture": "#raddetector_atlas" },
				"up": { "uv": [ 7.125, 10.375, 7.375, 9.875 ], "texture": "#raddetector_atlas" },
				"west": { "uv": [ 7.125, 9.125, 7.625, 9.25 ], "texture": "#raddetector_atlas" },
				"east": { "uv": [ 7.625, 9.25, 7.125, 9.375 ], "texture": "#raddetector_atlas" }
			}
		},
		{
			"__comment": "Voxels",
			"from": [ 11.5, 14.5, 7 ],
			"to": [ 12.5, 15, 9 ],
			"faces": {
				"down": { "uv": [ 7.625, 9.875, 7.875, 10.375 ], "texture": "#raddetector_atlas" },
				"up": { "uv": [ 7.375, 10.375, 7.625, 9.875 ], "texture": "#raddetector_atlas" },
				"north": { "uv": [ 6.625, 9.25, 6.375, 9.375 ], "texture": "#raddetector_atlas" },
				"south": { "uv": [ 6.375, 9.125, 6.625, 9.25 ], "texture": "#raddetector_atlas" },
				"west": { "uv": [ 0, 1.5, 0.5, 1.625 ], "texture": "#raddetector_atlas" },
				"east": { "uv": [ 0.5, 1, 0, 1.125 ], "texture": "#raddetector_atlas" }
			}
		},
		{
			"__comment": "Voxels",
			"from": [ 12, 0.5, 7 ],
			"to": [ 12.5, 14.5, 9 ],
			"faces": {
				"south": { "uv": [ 0.5, 2, 0.625, 5.5 ], "texture": "#raddetector_atlas" },
				"west": { "uv": [ 0, 5.625, 0.5, 9.125 ], "texture": "#raddetector_atlas" },
				"east": { "uv": [ 0.5, 2.125, 0, 5.625 ], "texture": "#raddetector_atlas" }
			}
		}
	],
	"display": {
		"thirdperson_righthand": {
			"scale":  [ 0.3, 0.3, 0.3 ]
		},
		"thirdperson_lefthand": {
			"scale":  [ 0.0001, 0.0001, 0.0001 ]
		},
		"firstperson_righthand": {
			"rotation":  [ 0, 108, 0 ],
			"translation":  [ 6.9565, -2.086, -9.739 ]
		},
		"firstperson_lefthand": {
			"scale":  [ 0.0001, 0.0001, 0.0001 ]
		},
		"gui": {
			"rotation":  [ 0, -151, 0 ],
			"translation":  [ 0, 0, 6.2608 ]
		},
		"ground": {
			"translation":  [ 0, 2.0869, 0 ],
			"scale":  [ 0.3, 0.3, 0.3 ]
		}
	}
}