{
	"__comment": "Designed by EFM",
	"textures": {
		"particle": "blocks/e_particle",
		"texture": "efm/hand1",
		"ak_atlas": "efm/ak_nomods"
	},
	"elements": [ 	 
		{
			"__comment": "Element",
			"from": [ 6.4688, 2.875, -2.875 ],
			"to": [ 10.62505, 7, 22.0625 ],
			"rotation": { "origin": [ 6.46875, 2.875, -2.875 ], "axis": "y", "angle": -22.5 },
			"faces": {
				"down": { "uv": [ 0, 0, 5.03125, 16 ], "texture": "#texture", "rotation": 180 },
				"up": { "uv": [ 0, 0, 4.90625, 16 ], "texture": "#texture" },
				"north": { "uv": [ 0, 0, 2.78125, 4.125 ], "texture": "#texture" },
				"south": { "uv": [ 0, 10.625, 2.78125, 14.75 ], "texture": "#texture" },
				"west": { "uv": [ 0, 0, 5, 16 ], "texture": "#texture", "rotation": 270 },
				"east": { "uv": [ 0, 0, 5.0625, 16 ], "texture": "#texture", "rotation": 90 }
			}
		},
		{
			"__comment": "Element",
			"from": [ 6.3438, 1.1562, 11.25 ],
			"to": [ 10.50005, 5.2812, 26 ],
			"faces": {
				"down": { "uv": [ 0, 0, 5.03125, 16 ], "texture": "#texture", "rotation": 180 },
				"up": { "uv": [ 0, 0, 4.90625, 16 ], "texture": "#texture" },
				"north": { "uv": [ 0, 0, 2.78125, 4.125 ], "texture": "#texture" },
				"south": { "uv": [ 0, 10.625, 2.78125, 14.75 ], "texture": "#texture" },
				"west": { "uv": [ 0, 0, 5, 16 ], "texture": "#texture", "rotation": 270 },
				"east": { "uv": [ 0, 0, 5.0625, 16 ], "texture": "#texture", "rotation": 90 }
			}
		},
		{
			"__comment": "Voxels",
			"from": [ 7.5, 7, 5 ],
			"to": [ 10.3125, 7.5625, 5.5625 ],
			"faces": {
				"down": { "uv": [ 14.25, 12.25, 15.5, 12.5 ], "texture": "#ak_atlas", "rotation": 180 },
				"up": { "uv": [ 11.75, 12.75, 13, 12.5 ], "texture": "#ak_atlas", "rotation": 180 },
				"north": { "uv": [ 11.75, 12, 13, 12.25 ], "texture": "#ak_atlas" },
				"south": { "uv": [ 13, 12.25, 11.75, 12.5 ], "texture": "#ak_atlas" },
				"west": { "uv": [ 4, 3.5, 3.75, 3.75 ], "texture": "#ak_atlas" },
				"east": { "uv": [ 5.75, 0, 6, 0.25 ], "texture": "#ak_atlas" }
			}
		},
		{
			"__comment": "Voxels",
			"from": [ 8.0625, -0.875, 5.5625 ],
			"to": [ 9.1875, 4.1875, 6.125 ],
			"faces": {
				"down": { "uv": [ 15.5, 12.5, 16, 12.75 ], "texture": "#ak_atlas", "rotation": 180 },
				"up": { "uv": [ 11.25, 11, 11.75, 10.75 ], "texture": "#ak_atlas", "rotation": 180 },
				"north": { "uv": [ 2.25, 12, 2.75, 14.25 ], "texture": "#ak_atlas" },
				"south": { "uv": [ 2, 2, 1.5, 4.25 ], "texture": "#ak_atlas" },
				"west": { "uv": [ 3.75, 3.5, 3.5, 5.75 ], "texture": "#ak_atlas" },
				"east": { "uv": [ 3.75, 5.75, 4, 8 ], "texture": "#ak_atlas" }
			}
		},
		{
			"__comment": "Voxels",
			"from": [ 7.5, -0.3125, 5 ],
			"to": [ 9.1875, 2.5, 5.5625 ],
			"faces": {
				"down": { "uv": [ 3.5, 12.75, 4.25, 13 ], "texture": "#ak_atlas", "rotation": 180 },
				"up": { "uv": [ 4.25, 13, 5, 12.75 ], "texture": "#ak_atlas", "rotation": 180 },
				"north": { "uv": [ 14.75, 14.75, 15.5, 16 ], "texture": "#ak_atlas" },
				"south": { "uv": [ 12.25, 13, 11.5, 14.25 ], "texture": "#ak_atlas" },
				"west": { "uv": [ 4.75, 1.25, 4.5, 2.5 ], "texture": "#ak_atlas" },
				"east": { "uv": [ 4.25, 1.25, 4.5, 2.5 ], "texture": "#ak_atlas" }
			}
		},
		{
			"__comment": "Voxels",
			"from": [ 7.5, 0.25, 6.125 ],
			"to": [ 9.1875, 8.125, 6.6875 ],
			"faces": {
				"down": { "uv": [ 5, 12.75, 5.75, 13 ], "texture": "#ak_atlas", "rotation": 180 },
				"up": { "uv": [ 5.75, 13, 6.5, 12.75 ], "texture": "#ak_atlas", "rotation": 180 },
				"north": { "uv": [ 0, 9, 0.75, 12.5 ], "texture": "#ak_atlas" },
				"south": { "uv": [ 0.75, 12.5, 0, 16 ], "texture": "#ak_atlas" },
				"west": { "uv": [ 2.75, 8.5, 2.5, 12 ], "texture": "#ak_atlas" },
				"east": { "uv": [ 2.25, 8.5, 2.5, 12 ], "texture": "#ak_atlas" }
			}
		},
		{
			"__comment": "Voxels",
			"from": [ 7.5, 0.25, 4.4375 ],
			"to": [ 9.1875, 0.8125, 5 ],
			"faces": {
				"down": { "uv": [ 6.5, 12.75, 7.25, 13 ], "texture": "#ak_atlas", "rotation": 180 },
				"up": { "uv": [ 7.25, 13, 8, 12.75 ], "texture": "#ak_atlas", "rotation": 180 },
				"north": { "uv": [ 8.75, 12.75, 9.5, 13 ], "texture": "#ak_atlas" },
				"west": { "uv": [ 4.75, 5.5, 4.5, 5.75 ], "texture": "#ak_atlas" },
				"east": { "uv": [ 15.25, 12, 15.5, 12.25 ], "texture": "#ak_atlas" }
			}
		},
		{
			"__comment": "Voxels",
			"from": [ 7.5, 1.375, 6.6875 ],
			"to": [ 9.1875, 8.125, 7.25 ],
			"faces": {
				"down": { "uv": [ 9.5, 12.75, 10.25, 13 ], "texture": "#ak_atlas", "rotation": 180 },
				"up": { "uv": [ 11.5, 13, 12.25, 12.75 ], "texture": "#ak_atlas", "rotation": 180 },
				"south": { "uv": [ 0.75, 6, 0, 9 ], "texture": "#ak_atlas" },
				"west": { "uv": [ 2.75, 5.5, 2.5, 8.5 ], "texture": "#ak_atlas" },
				"east": { "uv": [ 2.25, 5.5, 2.5, 8.5 ], "texture": "#ak_atlas" }
			}
		},
		{
			"__comment": "Voxels",
			"from": [ 7.5, 1.9375, 12.3125 ],
			"to": [ 9.1875, 4.75, 13.4375 ],
			"faces": {
				"down": { "uv": [ 13.25, 14.25, 14, 14.75 ], "texture": "#ak_atlas", "rotation": 180 },
				"up": { "uv": [ 14, 14.75, 14.75, 14.25 ], "texture": "#ak_atlas", "rotation": 180 },
				"north": { "uv": [ 5, 13, 5.75, 14.25 ], "texture": "#ak_atlas" },
				"south": { "uv": [ 5, 13, 4.25, 14.25 ], "texture": "#ak_atlas" },
				"west": { "uv": [ 2.75, 4.25, 2.25, 5.5 ], "texture": "#ak_atlas" },
				"east": { "uv": [ 15.5, 14.75, 16, 16 ], "texture": "#ak_atlas" }
			}
		},
		{
			"__comment": "Voxels",
			"from": [ 7.5, 2.5, 13.4375 ],
			"to": [ 9.1875, 3.0625, 14 ],
			"faces": {
				"down": { "uv": [ 12.25, 12.75, 13, 13 ], "texture": "#ak_atlas", "rotation": 180 },
				"up": { "uv": [ 13, 13, 13.75, 12.75 ], "texture": "#ak_atlas", "rotation": 180 },
				"south": { "uv": [ 14.5, 12.75, 13.75, 13 ], "texture": "#ak_atlas" },
				"west": { "uv": [ 9.5, 10.75, 9.25, 11 ], "texture": "#ak_atlas" },
				"east": { "uv": [ 4.5, 2.5, 4.75, 2.75 ], "texture": "#ak_atlas" }
			}
		},
		{
			"__comment": "Voxels",
			"from": [ 7.5, 2.5, 7.25 ],
			"to": [ 9.1875, 8.125, 7.8125 ],
			"faces": {
				"down": { "uv": [ 11, 12, 11.75, 12.25 ], "texture": "#ak_atlas", "rotation": 180 },
				"up": { "uv": [ 5, 10.75, 5.75, 10.5 ], "texture": "#ak_atlas", "rotation": 180 },
				"south": { "uv": [ 1.5, 9.5, 0.75, 12 ], "texture": "#ak_atlas" },
				"west": { "uv": [ 2.5, 1.75, 2.25, 4.25 ], "texture": "#ak_atlas" },
				"east": { "uv": [ 2, 4.25, 2.25, 6.75 ], "texture": "#ak_atlas" }
			}
		},
		{
			"__comment": "Voxels",
			"from": [ 7.5, 3.625, 21.875 ],
			"to": [ 9.1875, 7.5625, 22.4375 ],
			"faces": {
				"down": { "uv": [ 5.75, 10.5, 6.5, 10.75 ], "texture": "#ak_atlas", "rotation": 180 },
				"up": { "uv": [ 6.5, 10.75, 7.25, 10.5 ], "texture": "#ak_atlas", "rotation": 180 },
				"north": { "uv": [ 1.5, 9.25, 2.25, 11 ], "texture": "#ak_atlas" },
				"south": { "uv": [ 2.25, 11, 1.5, 12.75 ], "texture": "#ak_atlas" },
				"west": { "uv": [ 4.75, 7.25, 4.5, 9 ], "texture": "#ak_atlas" },
				"east": { "uv": [ 4, 4.25, 4.25, 6 ], "texture": "#ak_atlas" }
			}
		},
		{
			"__comment": "Voxels",
			"from": [ 7.5, 3.625, 11.75 ],
			"to": [ 9.1875, 4.75, 12.3125 ],
			"faces": {
				"down": { "uv": [ 7.25, 10.5, 8, 10.75 ], "texture": "#ak_atlas", "rotation": 180 },
				"up": { "uv": [ 8, 10.75, 8.75, 10.5 ], "texture": "#ak_atlas", "rotation": 180 },
				"north": { "uv": [ 9.75, 12.25, 10.5, 12.75 ], "texture": "#ak_atlas" },
				"west": { "uv": [ 5.5, 3, 5.25, 3.5 ], "texture": "#ak_atlas" },
				"east": { "uv": [ 5.25, 3.5, 5.5, 4 ], "texture": "#ak_atlas" }
			}
		},
		{
			"__comment": "Voxels",
			"from": [ 7.5, 3.625, 7.8125 ],
			"to": [ 9.1875, 8.125, 8.375 ],
			"faces": {
				"down": { "uv": [ 8.75, 10.5, 9.5, 10.75 ], "texture": "#ak_atlas", "rotation": 180 },
				"up": { "uv": [ 9.5, 10.75, 10.25, 10.5 ], "texture": "#ak_atlas", "rotation": 180 },
				"south": { "uv": [ 2.25, 12.75, 1.5, 14.75 ], "texture": "#ak_atlas" },
				"west": { "uv": [ 4.25, 8, 4, 10 ], "texture": "#ak_atlas" },
				"east": { "uv": [ 4, 6, 4.25, 8 ], "texture": "#ak_atlas" }
			}
		},
		{
			"__comment": "Voxels",
			"from": [ 7.5, 4.1875, 22.4375 ],
			"to": [ 9.1875, 7, 23 ],
			"faces": {
				"down": { "uv": [ 10.5, 10.25, 11.25, 10.5 ], "texture": "#ak_atlas", "rotation": 180 },
				"up": { "uv": [ 10.25, 10.75, 11, 10.5 ], "texture": "#ak_atlas", "rotation": 180 },
				"south": { "uv": [ 7.25, 13, 6.5, 14.25 ], "texture": "#ak_atlas" },
				"west": { "uv": [ 8.25, 10.75, 8, 12 ], "texture": "#ak_atlas" },
				"east": { "uv": [ 7.75, 10.75, 8, 12 ], "texture": "#ak_atlas" }
			}
		},
		{
			"__comment": "Voxels",
			"from": [ 7.5, 4.1875, 19.625 ],
			"to": [ 9.1875, 4.75, 21.875 ],
			"faces": {
				"down": { "uv": [ 14.5, 13.25, 15.25, 14.25 ], "texture": "#ak_atlas", "rotation": 180 },
				"up": { "uv": [ 2.75, 11.75, 3.5, 10.75 ], "texture": "#ak_atlas", "rotation": 180 },
				"north": { "uv": [ 11.75, 10.5, 12.5, 10.75 ], "texture": "#ak_atlas" },
				"west": { "uv": [ 10.5, 11.25, 9.5, 11.5 ], "texture": "#ak_atlas" },
				"east": { "uv": [ 9.5, 11.5, 10.5, 11.75 ], "texture": "#ak_atlas" }
			}
		},
		{
			"__comment": "Voxels",
			"from": [ 8.625, 4.75, 17.375 ],
			"to": [ 9.1875, 7.5625, 21.875 ],
			"faces": {
				"down": { "uv": [ 3.75, 3.75, 4, 5.75 ], "texture": "#ak_atlas", "rotation": 180 },
				"up": { "uv": [ 4, 12, 4.25, 10 ], "texture": "#ak_atlas", "rotation": 180 },
				"north": { "uv": [ 3.25, 4.25, 3.5, 5.5 ], "texture": "#ak_atlas" },
				"west": { "uv": [ 4.75, 14.75, 2.75, 16 ], "texture": "#ak_atlas" },
				"east": { "uv": [ 0.75, 14.75, 2.75, 16 ], "texture": "#ak_atlas" }
			}
		},
		{
			"__comment": "Voxels",
			"from": [ 7.5, 4.75, 16.8125 ],
			"to": [ 9.1875, 5.3125, 17.375 ],
			"faces": {
				"down": { "uv": [ 12.5, 10.5, 13.25, 10.75 ], "texture": "#ak_atlas", "rotation": 180 },
				"up": { "uv": [ 13.25, 10.75, 14, 10.5 ], "texture": "#ak_atlas", "rotation": 180 },
				"north": { "uv": [ 14.75, 10.5, 15.5, 10.75 ], "texture": "#ak_atlas" },
				"south": { "uv": [ 14.75, 10.5, 14, 10.75 ], "texture": "#ak_atlas" },
				"west": { "uv": [ 11, 10.75, 10.75, 11 ], "texture": "#ak_atlas" },
				"east": { "uv": [ 10.5, 10.75, 10.75, 11 ], "texture": "#ak_atlas" }
			}
		},
		{
			"__comment": "Voxels",
			"from": [ 8.625, 4.75, 11.1875 ],
			"to": [ 9.1875, 8.125, 12.875 ],
			"faces": {
				"down": { "uv": [ 4.75, 0, 5, 0.75 ], "texture": "#ak_atlas", "rotation": 180 },
				"up": { "uv": [ 15.75, 12, 16, 11.25 ], "texture": "#ak_atlas", "rotation": 180 },
				"north": { "uv": [ 4.25, 2.5, 4.5, 4 ], "texture": "#ak_atlas" },
				"south": { "uv": [ 4.75, 5.75, 4.5, 7.25 ], "texture": "#ak_atlas" },
				"west": { "uv": [ 2.25, 0.5, 1.5, 2 ], "texture": "#ak_atlas" },
				"east": { "uv": [ 2.75, 12.75, 3.5, 14.25 ], "texture": "#ak_atlas" }
			}
		},
		{
			"__comment": "Voxels",
			"from": [ 8.625, 5.3125, 14.5625 ],
			"to": [ 9.1875, 7, 17.375 ],
			"faces": {
				"down": { "uv": [ 4.75, 8.25, 5, 9.5 ], "texture": "#ak_atlas", "rotation": 180 },
				"up": { "uv": [ 4.75, 8.25, 5, 7 ], "texture": "#ak_atlas", "rotation": 180 },
				"north": { "uv": [ 5, 9, 5.25, 9.75 ], "texture": "#ak_atlas" },
				"west": { "uv": [ 11.5, 13.5, 10.25, 14.25 ], "texture": "#ak_atlas" },
				"east": { "uv": [ 10.25, 12.75, 11.5, 13.5 ], "texture": "#ak_atlas" }
			}
		},
		{
			"__comment": "Voxels",
			"from": [ 7.5, 5.3125, 12.875 ],
			"to": [ 9.1875, 8.125, 14 ],
			"faces": {
				"down": { "uv": [ 1.5, 0, 2.25, 0.5 ], "texture": "#ak_atlas", "rotation": 180 },
				"up": { "uv": [ 10.25, 14.75, 11, 14.25 ], "texture": "#ak_atlas", "rotation": 180 },
				"north": { "uv": [ 8.75, 13, 9.5, 14.25 ], "texture": "#ak_atlas" },
				"south": { "uv": [ 10.25, 13, 9.5, 14.25 ], "texture": "#ak_atlas" },
				"west": { "uv": [ 3.25, 0.5, 2.75, 1.75 ], "texture": "#ak_atlas" },
				"east": { "uv": [ 2.75, 1.75, 3.25, 3 ], "texture": "#ak_atlas" }
			}
		},
		{
			"__comment": "Voxels",
			"from": [ 7.5, 5.3125, 10.625 ],
			"to": [ 9.1875, 8.125, 11.1875 ],
			"faces": {
				"down": { "uv": [ 5.25, 10.25, 6, 10.5 ], "texture": "#ak_atlas", "rotation": 180 },
				"up": { "uv": [ 6, 10.5, 6.75, 10.25 ], "texture": "#ak_atlas", "rotation": 180 },
				"north": { "uv": [ 12.25, 13, 13, 14.25 ], "texture": "#ak_atlas" },
				"south": { "uv": [ 4.25, 13, 3.5, 14.25 ], "texture": "#ak_atlas" },
				"west": { "uv": [ 5, 2, 4.75, 3.25 ], "texture": "#ak_atlas" },
				"east": { "uv": [ 4.75, 3.25, 5, 4.5 ], "texture": "#ak_atlas" }
			}
		},
		{
			"__comment": "Voxels",
			"from": [ 7.5, 5.3125, 8.375 ],
			"to": [ 9.1875, 8.125, 9.5 ],
			"faces": {
				"down": { "uv": [ 2.75, 0, 3.5, 0.5 ], "texture": "#ak_atlas", "rotation": 180 },
				"up": { "uv": [ 11, 12.75, 11.75, 12.25 ], "texture": "#ak_atlas", "rotation": 180 },
				"south": { "uv": [ 13.75, 13, 13, 14.25 ], "texture": "#ak_atlas" },
				"west": { "uv": [ 4, 10.25, 3.5, 11.5 ], "texture": "#ak_atlas" },
				"east": { "uv": [ 3.5, 11.5, 4, 12.75 ], "texture": "#ak_atlas" }
			}
		},
		{
			"__comment": "Voxels",
			"from": [ 7.5, 5.3125, 5.5625 ],
			"to": [ 9.1875, 8.125, 6.125 ],
			"faces": {
				"down": { "uv": [ 6.75, 10.25, 7.5, 10.5 ], "texture": "#ak_atlas", "rotation": 180 },
				"up": { "uv": [ 0, 0.25, 0.75, 0 ], "texture": "#ak_atlas", "rotation": 180 },
				"north": { "uv": [ 8, 13, 8.75, 14.25 ], "texture": "#ak_atlas" },
				"west": { "uv": [ 5.5, 10.75, 5.25, 12 ], "texture": "#ak_atlas" },
				"east": { "uv": [ 5, 10.75, 5.25, 12 ], "texture": "#ak_atlas" }
			}
		},
		{
			"__comment": "Voxels",
			"from": [ 7.5, 5.875, 14 ],
			"to": [ 9.1875, 7.5625, 14.5625 ],
			"faces": {
				"down": { "uv": [ 7.5, 10.25, 8.25, 10.5 ], "texture": "#ak_atlas", "rotation": 180 },
				"up": { "uv": [ 8.25, 10.5, 9, 10.25 ], "texture": "#ak_atlas", "rotation": 180 },
				"south": { "uv": [ 7.75, 12, 7, 12.75 ], "texture": "#ak_atlas" },
				"west": { "uv": [ 5.5, 8, 5.25, 8.75 ], "texture": "#ak_atlas" },
				"east": { "uv": [ 5, 8.25, 5.25, 9 ], "texture": "#ak_atlas" }
			}
		},
		{
			"__comment": "Voxels",
			"from": [ 7.5, 5.875, 9.5 ],
			"to": [ 9.1875, 8.125, 10.625 ],
			"faces": {
				"down": { "uv": [ 15.25, 12.75, 16, 13.25 ], "texture": "#ak_atlas", "rotation": 180 },
				"up": { "uv": [ 9, 12.75, 9.75, 12.25 ], "texture": "#ak_atlas", "rotation": 180 },
				"west": { "uv": [ 4.75, 10, 4.25, 11 ], "texture": "#ak_atlas" },
				"east": { "uv": [ 4.25, 9, 4.75, 10 ], "texture": "#ak_atlas" }
			}
		},
		{
			"__comment": "Voxels",
			"from": [ 7.5, 5.875, -0.625 ],
			"to": [ 9.1875, 7, 5.5625 ],
			"faces": {
				"down": { "uv": [ 0.75, 12, 1.5, 14.75 ], "texture": "#ak_atlas", "rotation": 180 },
				"up": { "uv": [ 0, 3, 0.75, 0.25 ], "texture": "#ak_atlas", "rotation": 180 },
				"north": { "uv": [ 12.5, 14.25, 13.25, 14.75 ], "texture": "#ak_atlas" },
				"west": { "uv": [ 7.75, 14.25, 5, 14.75 ], "texture": "#ak_atlas" },
				"east": { "uv": [ 2.25, 14.25, 5, 14.75 ], "texture": "#ak_atlas" }
			}
		},
		{
			"__comment": "Voxels",
			"from": [ 7.5, 6.4375, -1.1875 ],
			"to": [ 9.1875, 8.6875, -0.625 ],
			"faces": {
				"down": { "uv": [ 11.25, 10.25, 12, 10.5 ], "texture": "#ak_atlas", "rotation": 180 },
				"up": { "uv": [ 6.25, 10.25, 7, 10 ], "texture": "#ak_atlas", "rotation": 180 },
				"north": { "uv": [ 2.75, 11.75, 3.5, 12.75 ], "texture": "#ak_atlas" },
				"south": { "uv": [ 16, 13.25, 15.25, 14.25 ], "texture": "#ak_atlas" },
				"west": { "uv": [ 15.75, 11, 15.5, 12 ], "texture": "#ak_atlas" },
				"east": { "uv": [ 15.25, 11, 15.5, 12 ], "texture": "#ak_atlas" }
			}
		},
		{
			"__comment": "Voxels",
			"from": [ 7.5, 6.4375, -1.75 ],
			"to": [ 9.1875, 8.125, -1.1875 ],
			"faces": {
				"down": { "uv": [ 12.75, 10.25, 13.5, 10.5 ], "texture": "#ak_atlas", "rotation": 180 },
				"up": { "uv": [ 13.5, 10.5, 14.25, 10.25 ], "texture": "#ak_atlas", "rotation": 180 },
				"north": { "uv": [ 4.75, 12, 5.5, 12.75 ], "texture": "#ak_atlas" },
				"west": { "uv": [ 5.25, 0.75, 5, 1.5 ], "texture": "#ak_atlas" },
				"east": { "uv": [ 5, 1.5, 5.25, 2.25 ], "texture": "#ak_atlas" }
			}
		},
		{
			"__comment": "Voxels",
			"from": [ 7.5, 6.4375, -5.125 ],
			"to": [ 9.1875, 7.5625, -4.5625 ],
			"faces": {
				"down": { "uv": [ 14.25, 10.25, 15, 10.5 ], "texture": "#ak_atlas", "rotation": 180 },
				"up": { "uv": [ 15, 10.5, 15.75, 10.25 ], "texture": "#ak_atlas", "rotation": 180 },
				"north": { "uv": [ 14.5, 12.75, 15.25, 13.25 ], "texture": "#ak_atlas" },
				"south": { "uv": [ 15.5, 14.25, 14.75, 14.75 ], "texture": "#ak_atlas" },
				"west": { "uv": [ 5.5, 0.5, 5.25, 1 ], "texture": "#ak_atlas" },
				"east": { "uv": [ 5.25, 1, 5.5, 1.5 ], "texture": "#ak_atlas" }
			}
		},
		{
			"__comment": "Voxels",
			"from": [ 7.5, 7, -0.625 ],
			"to": [ 9.1875, 8.6875, 5 ],
			"faces": {
				"up": { "uv": [ 0.75, 7, 1.5, 4.5 ], "texture": "#ak_atlas", "rotation": 180 },
				"south": { "uv": [ 6.25, 12, 5.5, 12.75 ], "texture": "#ak_atlas" },
				"west": { "uv": [ 7.25, 15.25, 4.75, 16 ], "texture": "#ak_atlas" },
				"east": { "uv": [ 7.25, 15.25, 9.75, 16 ], "texture": "#ak_atlas" }
			}
		},
		{
			"__comment": "Voxels",
			"from": [ 7.5, 7.5625, 5 ],
			"to": [ 9.1875, 8.125, 5.5625 ],
			"faces": {
				"up": { "uv": [ 7.75, 10.25, 8.5, 10 ], "texture": "#ak_atlas", "rotation": 180 },
				"west": { "uv": [ 12, 10.75, 11.75, 11 ], "texture": "#ak_atlas" },
				"east": { "uv": [ 11, 10.75, 11.25, 11 ], "texture": "#ak_atlas" }
			}
		},
		{
			"__comment": "Voxels",
			"from": [ 7.5, 7.5625, -4 ],
			"to": [ 9.1875, 8.125, -1.75 ],
			"faces": {
				"down": { "uv": [ 2.75, 9.75, 3.5, 10.75 ], "texture": "#ak_atlas", "rotation": 180 },
				"up": { "uv": [ 2.75, 9.75, 3.5, 8.75 ], "texture": "#ak_atlas", "rotation": 180 },
				"north": { "uv": [ 9.75, 10.25, 10.5, 10.5 ], "texture": "#ak_atlas" },
				"west": { "uv": [ 10.5, 11.75, 9.5, 12 ], "texture": "#ak_atlas" },
				"east": { "uv": [ 14.25, 12, 15.25, 12.25 ], "texture": "#ak_atlas" }
			}
		},
		{
			"__comment": "Voxels",
			"from": [ 8.625, 7.5625, -4.5625 ],
			"to": [ 9.1875, 8.125, -4 ],
			"faces": {
				"down": { "uv": [ 12, 10.75, 12.25, 11 ], "texture": "#ak_atlas", "rotation": 180 },
				"up": { "uv": [ 12.25, 11, 12.5, 10.75 ], "texture": "#ak_atlas", "rotation": 180 },
				"north": { "uv": [ 13.25, 10.75, 13.5, 11 ], "texture": "#ak_atlas" },
				"west": { "uv": [ 15, 10.75, 14.75, 11 ], "texture": "#ak_atlas" },
				"east": { "uv": [ 14.5, 10.75, 14.75, 11 ], "texture": "#ak_atlas" }
			}
		},
		{
			"__comment": "Voxels",
			"from": [ 8.0625, 8.125, 5 ],
			"to": [ 9.1875, 8.6875, 5.5625 ],
			"faces": {
				"up": { "uv": [ 15.5, 10.75, 16, 10.5 ], "texture": "#ak_atlas", "rotation": 180 },
				"south": { "uv": [ 12.75, 10, 12.25, 10.25 ], "texture": "#ak_atlas" },
				"west": { "uv": [ 15.5, 10.75, 15.25, 11 ], "texture": "#ak_atlas" },
				"east": { "uv": [ 15, 10.75, 15.25, 11 ], "texture": "#ak_atlas" }
			}
		},
		{
			"__comment": "Voxels",
			"from": [ 8.0625, -0.875, 6.125 ],
			"to": [ 8.625, 0.25, 6.6875 ],
			"faces": {
				"down": { "uv": [ 15.75, 11, 16, 11.25 ], "texture": "#ak_atlas", "rotation": 180 },
				"south": { "uv": [ 5.75, 7, 5.5, 7.5 ], "texture": "#ak_atlas" },
				"west": { "uv": [ 5.75, 5.5, 5.5, 6 ], "texture": "#ak_atlas" },
				"east": { "uv": [ 5.5, 6, 5.75, 6.5 ], "texture": "#ak_atlas" }
			}
		},
		{
			"__comment": "Voxels",
			"from": [ 8.0625, 0.25, 6.6875 ],
			"to": [ 8.625, 1.375, 7.25 ],
			"faces": {
				"down": { "uv": [ 15.75, 10, 16, 10.25 ], "texture": "#ak_atlas", "rotation": 180 },
				"south": { "uv": [ 5.75, 4.5, 5.5, 5 ], "texture": "#ak_atlas" },
				"west": { "uv": [ 5.75, 3.5, 5.5, 4 ], "texture": "#ak_atlas" },
				"east": { "uv": [ 5.25, 1.5, 5.5, 2 ], "texture": "#ak_atlas" }
			}
		},
		{
			"__comment": "Voxels",
			"from": [ 7.5, 0.8125, 4.4375 ],
			"to": [ 8.625, 1.9375, 5 ],
			"faces": {
				"up": { "uv": [ 6.25, 10, 6.75, 9.75 ], "texture": "#ak_atlas", "rotation": 180 },
				"north": { "uv": [ 14, 11, 14.5, 11.5 ], "texture": "#ak_atlas" },
				"west": { "uv": [ 5.75, 2.5, 5.5, 3 ], "texture": "#ak_atlas" },
				"east": { "uv": [ 5.5, 3, 5.75, 3.5 ], "texture": "#ak_atlas" }
			}
		},
		{
			"__comment": "Voxels",
			"from": [ 8.0625, 0.8125, 3.875 ],
			"to": [ 8.625, 1.375, 4.4375 ],
			"faces": {
				"down": { "uv": [ 6.5, 4, 6.75, 4.25 ], "texture": "#ak_atlas", "rotation": 180 },
				"up": { "uv": [ 6, 6.5, 6.25, 6.25 ], "texture": "#ak_atlas", "rotation": 180 },
				"north": { "uv": [ 6, 6, 6.25, 6.25 ], "texture": "#ak_atlas" },
				"west": { "uv": [ 6.25, 5.75, 6, 6 ], "texture": "#ak_atlas" },
				"east": { "uv": [ 6.25, 6, 6.5, 6.25 ], "texture": "#ak_atlas" }
			}
		},
		{
			"__comment": "Voxels",
			"from": [ 8.0625, 1.375, 7.25 ],
			"to": [ 8.625, 2.5, 7.8125 ],
			"faces": {
				"down": { "uv": [ 6.25, 5.75, 6.5, 6 ], "texture": "#ak_atlas", "rotation": 180 },
				"south": { "uv": [ 5.75, 0, 5.5, 0.5 ], "texture": "#ak_atlas" },
				"west": { "uv": [ 6, 8.25, 5.75, 8.75 ], "texture": "#ak_atlas" },
				"east": { "uv": [ 5.75, 8.75, 6, 9.25 ], "texture": "#ak_atlas" }
			}
		},
		{
			"__comment": "Voxels",
			"from": [ 8.0625, 1.9375, 13.4375 ],
			"to": [ 8.625, 2.5, 14 ],
			"faces": {
				"down": { "uv": [ 6.25, 5.5, 6.5, 5.75 ], "texture": "#ak_atlas", "rotation": 180 },
				"south": { "uv": [ 6.5, 5.25, 6.25, 5.5 ], "texture": "#ak_atlas" },
				"west": { "uv": [ 6.25, 4.75, 6, 5 ], "texture": "#ak_atlas" },
				"east": { "uv": [ 6.25, 5, 6.5, 5.25 ], "texture": "#ak_atlas" }
			}
		},
		{
			"__comment": "Voxels",
			"from": [ 8.0625, 1.9375, 11.75 ],
			"to": [ 8.625, 3.625, 12.3125 ],
			"faces": {
				"down": { "uv": [ 6.25, 4.75, 6.5, 5 ], "texture": "#ak_atlas", "rotation": 180 },
				"north": { "uv": [ 5, 5.25, 5.25, 6 ], "texture": "#ak_atlas" },
				"west": { "uv": [ 5.25, 3.75, 5, 4.5 ], "texture": "#ak_atlas" },
				"east": { "uv": [ 5, 4.5, 5.25, 5.25 ], "texture": "#ak_atlas" }
			}
		},
		{
			"__comment": "Voxels",
			"from": [ 8.0625, 1.9375, 4.4375 ],
			"to": [ 8.625, 2.5, 5 ],
			"faces": {
				"up": { "uv": [ 6, 4.5, 6.25, 4.25 ], "texture": "#ak_atlas", "rotation": 180 },
				"north": { "uv": [ 6, 4, 6.25, 4.25 ], "texture": "#ak_atlas" },
				"west": { "uv": [ 6.25, 3.75, 6, 4 ], "texture": "#ak_atlas" },
				"east": { "uv": [ 6.25, 4, 6.5, 4.25 ], "texture": "#ak_atlas" }
			}
		},
		{
			"__comment": "Voxels",
			"from": [ 8.0625, 2.5, 7.8125 ],
			"to": [ 8.625, 3.625, 8.375 ],
			"faces": {
				"down": { "uv": [ 12.25, 9, 12.5, 9.25 ], "texture": "#ak_atlas", "rotation": 180 },
				"south": { "uv": [ 6, 4.25, 5.75, 4.75 ], "texture": "#ak_atlas" },
				"west": { "uv": [ 6, 2.75, 5.75, 3.25 ], "texture": "#ak_atlas" },
				"east": { "uv": [ 5.75, 3.25, 6, 3.75 ], "texture": "#ak_atlas" }
			}
		},
		{
			"__comment": "Voxels",
			"from": [ 7.5, 2.5, 5 ],
			"to": [ 8.625, 3.0625, 5.5625 ],
			"faces": {
				"up": { "uv": [ 8.75, 10, 9.25, 9.75 ], "texture": "#ak_atlas", "rotation": 180 },
				"north": { "uv": [ 10.75, 9.75, 11.25, 10 ], "texture": "#ak_atlas" },
				"south": { "uv": [ 11.75, 9.75, 11.25, 10 ], "texture": "#ak_atlas" },
				"west": { "uv": [ 6.75, 4.75, 6.5, 5 ], "texture": "#ak_atlas" },
				"east": { "uv": [ 12.5, 9, 12.75, 9.25 ], "texture": "#ak_atlas" }
			}
		},
		{
			"__comment": "Voxels",
			"from": [ 8.0625, 3.0625, 13.4375 ],
			"to": [ 8.625, 4.1875, 14 ],
			"faces": {
				"up": { "uv": [ 14, 9.5, 14.25, 9.25 ], "texture": "#ak_atlas", "rotation": 180 },
				"south": { "uv": [ 5.75, 1.5, 5.5, 2 ], "texture": "#ak_atlas" },
				"west": { "uv": [ 5.75, 8.5, 5.5, 9 ], "texture": "#ak_atlas" },
				"east": { "uv": [ 5.5, 8, 5.75, 8.5 ], "texture": "#ak_atlas" }
			}
		},
		{
			"__comment": "Voxels",
			"from": [ 8.0625, 3.0625, 5 ],
			"to": [ 8.625, 4.1875, 5.5625 ],
			"faces": {
				"up": { "uv": [ 7, 9.5, 7.25, 9.25 ], "texture": "#ak_atlas", "rotation": 180 },
				"north": { "uv": [ 5.25, 6, 5.5, 6.5 ], "texture": "#ak_atlas" },
				"west": { "uv": [ 6.25, 7, 6, 7.5 ], "texture": "#ak_atlas" },
				"east": { "uv": [ 6.25, 7, 6.5, 7.5 ], "texture": "#ak_atlas" }
			}
		},
		{
			"__comment": "Voxels",
			"from": [ 8.0625, 3.625, 22.4375 ],
			"to": [ 8.625, 4.1875, 23 ],
			"faces": {
				"down": { "uv": [ 6.25, 3.75, 6.5, 4 ], "texture": "#ak_atlas", "rotation": 180 },
				"south": { "uv": [ 13, 9, 12.75, 9.25 ], "texture": "#ak_atlas" },
				"west": { "uv": [ 10.25, 9, 10, 9.25 ], "texture": "#ak_atlas" },
				"east": { "uv": [ 10.25, 9, 10.5, 9.25 ], "texture": "#ak_atlas" }
			}
		},
		{
			"__comment": "Voxels",
			"from": [ 8.0625, 3.625, 20.1875 ],
			"to": [ 8.625, 4.1875, 21.875 ],
			"faces": {
				"down": { "uv": [ 5.25, 8.75, 5.5, 9.5 ], "texture": "#ak_atlas", "rotation": 180 },
				"north": { "uv": [ 6.5, 5.5, 6.75, 5.75 ], "texture": "#ak_atlas" },
				"west": { "uv": [ 6.25, 10, 5.5, 10.25 ], "texture": "#ak_atlas" },
				"east": { "uv": [ 9.75, 12, 10.5, 12.25 ], "texture": "#ak_atlas" }
			}
		},
		{
			"__comment": "Voxels",
			"from": [ 8.0625, 3.625, 11.1875 ],
			"to": [ 8.625, 8.6875, 11.75 ],
			"faces": {
				"down": { "uv": [ 6.25, 3.25, 6.5, 3.5 ], "texture": "#ak_atlas", "rotation": 180 },
				"up": { "uv": [ 6, 3.25, 6.25, 3 ], "texture": "#ak_atlas", "rotation": 180 },
				"north": { "uv": [ 3.75, 8, 4, 10.25 ], "texture": "#ak_atlas" },
				"south": { "uv": [ 3.75, 8, 3.5, 10.25 ], "texture": "#ak_atlas" },
				"west": { "uv": [ 2.25, 2, 2, 4.25 ], "texture": "#ak_atlas" },
				"east": { "uv": [ 3.5, 5.75, 3.75, 8 ], "texture": "#ak_atlas" }
			}
		},
		{
			"__comment": "Voxels",
			"from": [ 7.5, 4.1875, 18.5 ],
			"to": [ 8.625, 4.75, 19.625 ],
			"faces": {
				"down": { "uv": [ 15.5, 14.25, 16, 14.75 ], "texture": "#ak_atlas", "rotation": 180 },
				"up": { "uv": [ 11.25, 12, 11.75, 11.5 ], "texture": "#ak_atlas", "rotation": 180 },
				"north": { "uv": [ 7, 9.5, 7.5, 9.75 ], "texture": "#ak_atlas" },
				"west": { "uv": [ 6.5, 7.5, 6, 7.75 ], "texture": "#ak_atlas" },
				"east": { "uv": [ 7.5, 9.5, 8, 9.75 ], "texture": "#ak_atlas" }
			}
		},
		{
			"__comment": "Voxels",
			"from": [ 8.0625, 4.1875, 17.9375 ],
			"to": [ 8.625, 5.3125, 18.5 ],
			"faces": {
				"down": { "uv": [ 6.5, 7.5, 6.75, 7.75 ], "texture": "#ak_atlas", "rotation": 180 },
				"up": { "uv": [ 6.5, 7.5, 6.75, 7.25 ], "texture": "#ak_atlas", "rotation": 180 },
				"north": { "uv": [ 5.75, 1.75, 6, 2.25 ], "texture": "#ak_atlas" },
				"south": { "uv": [ 6, 2.25, 5.75, 2.75 ], "texture": "#ak_atlas" },
				"west": { "uv": [ 5.5, 5, 5.25, 5.5 ], "texture": "#ak_atlas" },
				"east": { "uv": [ 5.75, 1.25, 6, 1.75 ], "texture": "#ak_atlas" }
			}
		},
		{
			"__comment": "Voxels",
			"from": [ 8.0625, 4.1875, 9.5 ],
			"to": [ 8.625, 4.75, 10.625 ],
			"faces": {
				"down": { "uv": [ 5.25, 4.5, 5.5, 5 ], "texture": "#ak_atlas", "rotation": 180 },
				"up": { "uv": [ 5.25, 4.5, 5.5, 4 ], "texture": "#ak_atlas", "rotation": 180 },
				"north": { "uv": [ 8.5, 9.25, 8.75, 9.5 ], "texture": "#ak_atlas" },
				"south": { "uv": [ 6.5, 3.5, 6.25, 3.75 ], "texture": "#ak_atlas" },
				"west": { "uv": [ 14, 10.75, 13.5, 11 ], "texture": "#ak_atlas" },
				"east": { "uv": [ 12.5, 10.75, 13, 11 ], "texture": "#ak_atlas" }
			}
		},
		{
			"__comment": "Voxels",
			"from": [ 7.5, 4.1875, 5.5625 ],
			"to": [ 8.625, 4.75, 6.125 ],
			"faces": {
				"down": { "uv": [ 14, 10.75, 14.5, 11 ], "texture": "#ak_atlas", "rotation": 180 },
				"up": { "uv": [ 13.25, 10.25, 13.75, 10 ], "texture": "#ak_atlas", "rotation": 180 },
				"north": { "uv": [ 14.25, 10, 14.75, 10.25 ], "texture": "#ak_atlas" },
				"west": { "uv": [ 6.75, 6, 6.5, 6.25 ], "texture": "#ak_atlas" },
				"east": { "uv": [ 11.25, 9.25, 11.5, 9.5 ], "texture": "#ak_atlas" }
			}
		},
		{
			"__comment": "Voxels",
			"from": [ 7.5, 4.75, 18.5 ],
			"to": [ 8.625, 5.3125, 19.0625 ],
			"faces": {
				"up": { "uv": [ 9.25, 10, 9.75, 9.75 ], "texture": "#ak_atlas", "rotation": 180 },
				"north": { "uv": [ 10.25, 9.75, 10.75, 10 ], "texture": "#ak_atlas" },
				"south": { "uv": [ 10.25, 9.75, 9.75, 10 ], "texture": "#ak_atlas" },
				"west": { "uv": [ 12, 9, 11.75, 9.25 ], "texture": "#ak_atlas" }
			}
		},
		{
			"__comment": "Voxels",
			"from": [ 7.5, 4.75, 17.375 ],
			"to": [ 8.625, 5.3125, 17.9375 ],
			"faces": {
				"down": { "uv": [ 12.25, 9.75, 12.75, 10 ], "texture": "#ak_atlas", "rotation": 180 },
				"up": { "uv": [ 12.75, 10, 13.25, 9.75 ], "texture": "#ak_atlas", "rotation": 180 },
				"south": { "uv": [ 13.75, 9.75, 13.25, 10 ], "texture": "#ak_atlas" },
				"west": { "uv": [ 9.5, 9, 9.25, 9.25 ], "texture": "#ak_atlas" }
			}
		},
		{
			"__comment": "Voxels",
			"from": [ 7.5, 4.75, 15.6875 ],
			"to": [ 8.625, 5.3125, 16.8125 ],
			"faces": {
				"down": { "uv": [ 2.25, 0, 2.75, 0.5 ], "texture": "#ak_atlas", "rotation": 180 },
				"up": { "uv": [ 3.5, 0.5, 4, 0 ], "texture": "#ak_atlas", "rotation": 180 },
				"north": { "uv": [ 14.75, 9.75, 15.25, 10 ], "texture": "#ak_atlas" },
				"west": { "uv": [ 6.5, 9.5, 6, 9.75 ], "texture": "#ak_atlas" },
				"east": { "uv": [ 15.25, 9.75, 15.75, 10 ], "texture": "#ak_atlas" }
			}
		},
		{
			"__comment": "Voxels",
			"from": [ 8.0625, 4.75, 15.125 ],
			"to": [ 8.625, 7.5625, 15.6875 ],
			"faces": {
				"down": { "uv": [ 9, 9, 9.25, 9.25 ], "texture": "#ak_atlas", "rotation": 180 },
				"up": { "uv": [ 8.75, 9.25, 9, 9 ], "texture": "#ak_atlas", "rotation": 180 },
				"north": { "uv": [ 7.25, 10.75, 7.5, 12 ], "texture": "#ak_atlas" },
				"south": { "uv": [ 7.25, 10.75, 7, 12 ], "texture": "#ak_atlas" },
				"west": { "uv": [ 8.5, 10.75, 8.25, 12 ], "texture": "#ak_atlas" },
				"east": { "uv": [ 7.5, 10.75, 7.75, 12 ], "texture": "#ak_atlas" }
			}
		},
		{
			"__comment": "Voxels",
			"from": [ 8.0625, 4.75, 12.875 ],
			"to": [ 8.625, 5.3125, 13.4375 ],
			"faces": {
				"north": { "uv": [ 6.75, 9, 7, 9.25 ], "texture": "#ak_atlas" },
				"south": { "uv": [ 7.75, 9, 7.5, 9.25 ], "texture": "#ak_atlas" },
				"west": { "uv": [ 6.75, 1.75, 6.5, 2 ], "texture": "#ak_atlas" },
				"east": { "uv": [ 6.5, 0, 6.75, 0.25 ], "texture": "#ak_atlas" }
			}
		},
		{
			"__comment": "Voxels",
			"from": [ 8.0625, 4.75, 10.625 ],
			"to": [ 8.625, 5.3125, 11.1875 ],
			"faces": {
				"down": { "uv": [ 6.5, 2, 6.75, 2.25 ], "texture": "#ak_atlas", "rotation": 180 },
				"north": { "uv": [ 6.75, 9.25, 7, 9.5 ], "texture": "#ak_atlas" },
				"west": { "uv": [ 6.5, 0.25, 6.25, 0.5 ], "texture": "#ak_atlas" },
				"east": { "uv": [ 6.5, 9.25, 6.75, 9.5 ], "texture": "#ak_atlas" }
			}
		},
		{
			"__comment": "Voxels",
			"from": [ 7.5, 4.75, 8.9375 ],
			"to": [ 8.625, 5.3125, 9.5 ],
			"faces": {
				"down": { "uv": [ 8, 9.5, 8.5, 9.75 ], "texture": "#ak_atlas", "rotation": 180 },
				"north": { "uv": [ 9.5, 9.5, 10, 9.75 ], "texture": "#ak_atlas" },
				"south": { "uv": [ 9.5, 9.5, 9, 9.75 ], "texture": "#ak_atlas" },
				"west": { "uv": [ 6.5, 2.75, 6.25, 3 ], "texture": "#ak_atlas" },
				"east": { "uv": [ 6, 0.25, 6.25, 0.5 ], "texture": "#ak_atlas" }
			}
		},
		{
			"__comment": "Voxels",
			"from": [ 8.0625, 4.75, 5.5625 ],
			"to": [ 8.625, 5.3125, 6.125 ],
			"faces": {
				"north": { "uv": [ 6.5, 5.75, 6.75, 6 ], "texture": "#ak_atlas" },
				"west": { "uv": [ 6.75, 3.75, 6.5, 4 ], "texture": "#ak_atlas" },
				"east": { "uv": [ 6.5, 6.25, 6.75, 6.5 ], "texture": "#ak_atlas" }
			}
		},
		{
			"__comment": "Voxels",
			"from": [ 7.5, 5.3125, 15.6875 ],
			"to": [ 8.625, 7.5625, 16.25 ],
			"faces": {
				"up": { "uv": [ 10, 9.75, 10.5, 9.5 ], "texture": "#ak_atlas", "rotation": 180 },
				"north": { "uv": [ 3.5, 0.5, 4, 1.5 ], "texture": "#ak_atlas" },
				"south": { "uv": [ 4.75, 11, 4.25, 12 ], "texture": "#ak_atlas" },
				"west": { "uv": [ 12, 11, 11.75, 12 ], "texture": "#ak_atlas" },
				"east": { "uv": [ 9.25, 11, 9.5, 12 ], "texture": "#ak_atlas" }
			}
		},
		{
			"__comment": "Voxels",
			"from": [ 7.5, 5.3125, 14.5625 ],
			"to": [ 8.625, 7.5625, 15.125 ],
			"faces": {
				"down": { "uv": [ 10.5, 9.5, 11, 9.75 ], "texture": "#ak_atlas", "rotation": 180 },
				"up": { "uv": [ 11, 9.75, 11.5, 9.5 ], "texture": "#ak_atlas", "rotation": 180 },
				"north": { "uv": [ 3.5, 2.5, 4, 3.5 ], "texture": "#ak_atlas" },
				"south": { "uv": [ 4, 1.5, 3.5, 2.5 ], "texture": "#ak_atlas" },
				"west": { "uv": [ 12.25, 11, 12, 12 ], "texture": "#ak_atlas" },
				"east": { "uv": [ 10.5, 11, 10.75, 12 ], "texture": "#ak_atlas" }
			}
		},
		{
			"__comment": "Voxels",
			"from": [ 7.5, 5.3125, 14 ],
			"to": [ 8.625, 5.875, 14.5625 ],
			"faces": {
				"down": { "uv": [ 11.5, 9.5, 12, 9.75 ], "texture": "#ak_atlas", "rotation": 180 },
				"west": { "uv": [ 6.25, 3.25, 6, 3.5 ], "texture": "#ak_atlas" },
				"east": { "uv": [ 6, 3.5, 6.25, 3.75 ], "texture": "#ak_atlas" }
			}
		},
		{
			"__comment": "Voxels",
			"from": [ 7.5, 5.3125, 11.75 ],
			"to": [ 8.625, 8.125, 12.875 ],
			"faces": {
				"down": { "uv": [ 13.5, 11.5, 14, 12 ], "texture": "#ak_atlas", "rotation": 180 },
				"up": { "uv": [ 11.25, 11.5, 11.75, 11 ], "texture": "#ak_atlas", "rotation": 180 },
				"north": { "uv": [ 2.75, 4.25, 3.25, 5.5 ], "texture": "#ak_atlas" },
				"west": { "uv": [ 2.75, 0.5, 2.25, 1.75 ], "texture": "#ak_atlas" }
			}
		},
		{
			"__comment": "Voxels",
			"from": [ 7.5, 5.3125, 10.0625 ],
			"to": [ 8.625, 5.875, 10.625 ],
			"faces": {
				"down": { "uv": [ 13.5, 9.5, 14, 9.75 ], "texture": "#ak_atlas", "rotation": 180 },
				"north": { "uv": [ 15, 9.5, 15.5, 9.75 ], "texture": "#ak_atlas" },
				"west": { "uv": [ 6.75, 6.5, 6.5, 6.75 ], "texture": "#ak_atlas" },
				"east": { "uv": [ 14.25, 9.25, 14.5, 9.5 ], "texture": "#ak_atlas" }
			}
		},
		{
			"__comment": "Voxels",
			"from": [ 7.5, 5.3125, 3.3125 ],
			"to": [ 8.625, 5.875, 4.4375 ],
			"faces": {
				"down": { "uv": [ 15.5, 12, 16, 12.5 ], "texture": "#ak_atlas", "rotation": 180 },
				"north": { "uv": [ 6, 9.25, 6.5, 9.5 ], "texture": "#ak_atlas" },
				"south": { "uv": [ 16, 9.5, 15.5, 9.75 ], "texture": "#ak_atlas" },
				"west": { "uv": [ 6.5, 8.75, 6, 9 ], "texture": "#ak_atlas" },
				"east": { "uv": [ 6, 9, 6.5, 9.25 ], "texture": "#ak_atlas" }
			}
		},
		{
			"__comment": "Voxels",
			"from": [ 7.5, 5.875, 16.25 ],
			"to": [ 8.625, 7.5625, 21.875 ],
			"faces": {
				"down": { "uv": [ 1.5, 6.75, 2, 9.25 ], "texture": "#ak_atlas", "rotation": 180 },
				"up": { "uv": [ 1.5, 6.75, 2, 4.25 ], "texture": "#ak_atlas", "rotation": 180 },
				"west": { "uv": [ 14.75, 15.25, 12.25, 16 ], "texture": "#ak_atlas" },
				"east": { "uv": [ 9.75, 15.25, 12.25, 16 ], "texture": "#ak_atlas" }
			}
		},
		{
			"__comment": "Voxels",
			"from": [ 7.5, 5.875, -1.1875 ],
			"to": [ 8.625, 6.4375, -0.625 ],
			"faces": {
				"down": { "uv": [ 6, 8.5, 6.5, 8.75 ], "texture": "#ak_atlas", "rotation": 180 },
				"north": { "uv": [ 6, 7.75, 6.5, 8 ], "texture": "#ak_atlas" },
				"west": { "uv": [ 7.5, 9.25, 7.25, 9.5 ], "texture": "#ak_atlas" },
				"east": { "uv": [ 6.25, 3, 6.5, 3.25 ], "texture": "#ak_atlas" }
			}
		},
		{
			"__comment": "Voxels",
			"from": [ 8.0625, 5.875, -1.75 ],
			"to": [ 8.625, 6.4375, -1.1875 ],
			"faces": {
				"down": { "uv": [ 8, 9.25, 8.25, 9.5 ], "texture": "#ak_atlas", "rotation": 180 },
				"north": { "uv": [ 9.5, 9.25, 9.75, 9.5 ], "texture": "#ak_atlas" },
				"west": { "uv": [ 10.25, 9.25, 10, 9.5 ], "texture": "#ak_atlas" },
				"east": { "uv": [ 9.75, 9.25, 10, 9.5 ], "texture": "#ak_atlas" }
			}
		},
		{
			"__comment": "Voxels",
			"from": [ 8.0625, 5.875, -5.125 ],
			"to": [ 8.625, 6.4375, -4.5625 ],
			"faces": {
				"down": { "uv": [ 10.25, 9.25, 10.5, 9.5 ], "texture": "#ak_atlas", "rotation": 180 },
				"north": { "uv": [ 11.75, 9.25, 12, 9.5 ], "texture": "#ak_atlas" },
				"south": { "uv": [ 11.75, 9.25, 11.5, 9.5 ], "texture": "#ak_atlas" },
				"west": { "uv": [ 13, 9.25, 12.75, 9.5 ], "texture": "#ak_atlas" },
				"east": { "uv": [ 12.5, 9.25, 12.75, 9.5 ], "texture": "#ak_atlas" }
			}
		},
		{
			"__comment": "Voxels",
			"from": [ 8.0625, 5.875, -7.9375 ],
			"to": [ 8.625, 8.6875, -7.375 ],
			"faces": {
				"down": { "uv": [ 13.5, 9.25, 13.75, 9.5 ], "texture": "#ak_atlas", "rotation": 180 },
				"up": { "uv": [ 13.75, 9.5, 14, 9.25 ], "texture": "#ak_atlas", "rotation": 180 },
				"north": { "uv": [ 8.75, 10.75, 9, 12 ], "texture": "#ak_atlas" },
				"south": { "uv": [ 8.75, 10.75, 8.5, 12 ], "texture": "#ak_atlas" },
				"west": { "uv": [ 3.5, 3, 3.25, 4.25 ], "texture": "#ak_atlas" },
				"east": { "uv": [ 9, 10.75, 9.25, 12 ], "texture": "#ak_atlas" }
			}
		},
		{
			"__comment": "Voxels",
			"from": [ 8.0625, 6.4375, -4.5625 ],
			"to": [ 8.625, 7.5625, -1.75 ],
			"faces": {
				"down": { "uv": [ 3.25, 1.75, 3.5, 3 ], "texture": "#ak_atlas", "rotation": 180 },
				"up": { "uv": [ 3.25, 1.75, 3.5, 0.5 ], "texture": "#ak_atlas", "rotation": 180 },
				"west": { "uv": [ 12.25, 14.75, 11, 15.25 ], "texture": "#ak_atlas" },
				"east": { "uv": [ 9.75, 14.75, 11, 15.25 ], "texture": "#ak_atlas" }
			}
		},
		{
			"__comment": "Voxels",
			"from": [ 8.0625, 6.4375, -7.375 ],
			"to": [ 8.625, 7.5625, -5.125 ],
			"faces": {
				"down": { "uv": [ 13.25, 11, 13.5, 12 ], "texture": "#ak_atlas", "rotation": 180 },
				"up": { "uv": [ 13, 12, 13.25, 11 ], "texture": "#ak_atlas", "rotation": 180 },
				"west": { "uv": [ 9.75, 14.75, 8.75, 15.25 ], "texture": "#ak_atlas" },
				"east": { "uv": [ 6.25, 14.75, 7.25, 15.25 ], "texture": "#ak_atlas" }
			}
		},
		{
			"__comment": "Voxels",
			"from": [ 8.0625, 6.4375, -8.5 ],
			"to": [ 8.625, 9.25, -7.9375 ],
			"faces": {
				"down": { "uv": [ 13, 9, 13.25, 9.25 ], "texture": "#ak_atlas", "rotation": 180 },
				"up": { "uv": [ 13.25, 9.25, 13.5, 9 ], "texture": "#ak_atlas", "rotation": 180 },
				"north": { "uv": [ 4.25, 0, 4.5, 1.25 ], "texture": "#ak_atlas" },
				"south": { "uv": [ 4.75, 2.75, 4.5, 4 ], "texture": "#ak_atlas" },
				"west": { "uv": [ 5, 10.75, 4.75, 12 ], "texture": "#ak_atlas" },
				"east": { "uv": [ 4.5, 0, 4.75, 1.25 ], "texture": "#ak_atlas" }
			}
		},
		{
			"__comment": "Voxels",
			"from": [ 8.0625, 6.4375, -9.625 ],
			"to": [ 8.625, 7.5625, -8.5 ],
			"faces": {
				"down": { "uv": [ 5.25, 2.5, 5.5, 3 ], "texture": "#ak_atlas", "rotation": 180 },
				"up": { "uv": [ 5.25, 2.5, 5.5, 2 ], "texture": "#ak_atlas", "rotation": 180 },
				"north": { "uv": [ 5.5, 9.5, 5.75, 10 ], "texture": "#ak_atlas" },
				"west": { "uv": [ 13, 11.5, 12.5, 12 ], "texture": "#ak_atlas" },
				"east": { "uv": [ 12.5, 11, 13, 11.5 ], "texture": "#ak_atlas" }
			}
		},
		{
			"__comment": "Voxels",
			"from": [ 8.0625, 7, 22.4375 ],
			"to": [ 8.625, 7.5625, 23 ],
			"faces": {
				"up": { "uv": [ 6.25, 2.75, 6.5, 2.5 ], "texture": "#ak_atlas", "rotation": 180 },
				"south": { "uv": [ 6.25, 2.25, 6, 2.5 ], "texture": "#ak_atlas" },
				"west": { "uv": [ 6.5, 2, 6.25, 2.25 ], "texture": "#ak_atlas" },
				"east": { "uv": [ 6, 2, 6.25, 2.25 ], "texture": "#ak_atlas" }
			}
		},
		{
			"__comment": "Voxels",
			"from": [ 8.0625, 7.5625, 14 ],
			"to": [ 8.625, 8.125, 14.5625 ],
			"faces": {
				"up": { "uv": [ 6.25, 2, 6.5, 1.75 ], "texture": "#ak_atlas", "rotation": 180 },
				"south": { "uv": [ 6.25, 1.5, 6, 1.75 ], "texture": "#ak_atlas" },
				"west": { "uv": [ 6.5, 1.25, 6.25, 1.5 ], "texture": "#ak_atlas" },
				"east": { "uv": [ 6, 1.25, 6.25, 1.5 ], "texture": "#ak_atlas" }
			}
		},
		{
			"__comment": "Voxels",
			"from": [ 8.0625, 7.5625, -9.625 ],
			"to": [ 8.625, 8.125, -9.0625 ],
			"faces": {
				"up": { "uv": [ 6.25, 1.25, 6.5, 1 ], "texture": "#ak_atlas", "rotation": 180 },
				"north": { "uv": [ 6.25, 0.75, 6.5, 1 ], "texture": "#ak_atlas" },
				"south": { "uv": [ 6.25, 0.75, 6, 1 ], "texture": "#ak_atlas" },
				"west": { "uv": [ 6.5, 0.5, 6.25, 0.75 ], "texture": "#ak_atlas" },
				"east": { "uv": [ 6, 0.5, 6.25, 0.75 ], "texture": "#ak_atlas" }
			}
		},
		{
			"__comment": "Voxels",
			"from": [ 8.0625, 8.125, 11.75 ],
			"to": [ 8.625, 8.6875, 14 ],
			"faces": {
				"down": { "uv": [ 12.25, 11, 12.5, 12 ], "texture": "#ak_atlas", "rotation": 180 },
				"up": { "uv": [ 10.75, 12, 11, 11 ], "texture": "#ak_atlas", "rotation": 180 },
				"south": { "uv": [ 6.25, 0, 6, 0.25 ], "texture": "#ak_atlas" },
				"west": { "uv": [ 10.5, 11, 9.5, 11.25 ], "texture": "#ak_atlas" },
				"east": { "uv": [ 9.5, 10.75, 10.5, 11 ], "texture": "#ak_atlas" }
			}
		},
		{
			"__comment": "Voxels",
			"from": [ 8.0625, 8.125, 5.5625 ],
			"to": [ 8.625, 8.6875, 11.1875 ],
			"faces": {
				"down": { "uv": [ 2, 6.75, 2.25, 9.25 ], "texture": "#ak_atlas", "rotation": 180 },
				"up": { "uv": [ 2.5, 4.25, 2.75, 1.75 ], "texture": "#ak_atlas", "rotation": 180 },
				"west": { "uv": [ 10.25, 14.5, 7.75, 14.75 ], "texture": "#ak_atlas" },
				"east": { "uv": [ 7.75, 14.25, 10.25, 14.5 ], "texture": "#ak_atlas" }
			}
		},
		{
			"__comment": "Voxels",
			"from": [ 8.0625, 8.125, -4 ],
			"to": [ 8.625, 8.6875, -1.1875 ],
			"faces": {
				"down": { "uv": [ 4.75, 9.5, 5, 10.75 ], "texture": "#ak_atlas", "rotation": 180 },
				"up": { "uv": [ 4.75, 7, 5, 5.75 ], "texture": "#ak_atlas", "rotation": 180 },
				"north": { "uv": [ 9.25, 9.25, 9.5, 9.5 ], "texture": "#ak_atlas" },
				"west": { "uv": [ 14.25, 12.25, 13, 12.5 ], "texture": "#ak_atlas" },
				"east": { "uv": [ 13, 12.5, 14.25, 12.75 ], "texture": "#ak_atlas" }
			}
		},
		{
			"__comment": "Voxels",
			"from": [ 8.0625, 8.6875, 2.75 ],
			"to": [ 8.625, 9.25, 5.5625 ],
			"faces": {
				"down": { "uv": [ 4.75, 4.5, 5, 5.75 ], "texture": "#ak_atlas", "rotation": 180 },
				"up": { "uv": [ 4.75, 2, 5, 0.75 ], "texture": "#ak_atlas", "rotation": 180 },
				"north": { "uv": [ 10.75, 9.25, 11, 9.5 ], "texture": "#ak_atlas" },
				"south": { "uv": [ 10.75, 9.25, 10.5, 9.5 ], "texture": "#ak_atlas" },
				"west": { "uv": [ 15.5, 12.5, 14.25, 12.75 ], "texture": "#ak_atlas" },
				"east": { "uv": [ 13, 12, 14.25, 12.25 ], "texture": "#ak_atlas" }
			}
		},
		{
			"__comment": "Voxels",
			"from": [ 7.5, -0.3125, 5.5625 ],
			"to": [ 8.0625, 0.25, 6.6875 ],
			"faces": {
				"down": { "uv": [ 5.5, 7.5, 5.75, 8 ], "texture": "#ak_atlas", "rotation": 180 },
				"up": { "uv": [ 5.5, 5.5, 5.75, 5 ], "texture": "#ak_atlas", "rotation": 180 },
				"south": { "uv": [ 12.25, 9.25, 12, 9.5 ], "texture": "#ak_atlas" },
				"west": { "uv": [ 15.75, 10, 15.25, 10.25 ], "texture": "#ak_atlas" },
				"east": { "uv": [ 14.75, 10, 15.25, 10.25 ], "texture": "#ak_atlas" }
			}
		},
		{
			"__comment": "Voxels",
			"from": [ 7.5, 0.25, 5.5625 ],
			"to": [ 8.0625, 4.1875, 6.125 ],
			"faces": {
				"north": { "uv": [ 4.25, 5.5, 4.5, 7.25 ], "texture": "#ak_atlas" },
				"west": { "uv": [ 4.25, 2.5, 4, 4.25 ], "texture": "#ak_atlas" }
			}
		},
		{
			"__comment": "Voxels",
			"from": [ 7.5, 0.8125, 6.6875 ],
			"to": [ 8.0625, 1.375, 7.25 ],
			"faces": {
				"down": { "uv": [ 14.5, 9.25, 14.75, 9.5 ], "texture": "#ak_atlas", "rotation": 180 },
				"south": { "uv": [ 15.25, 9.25, 15, 9.5 ], "texture": "#ak_atlas" },
				"west": { "uv": [ 16, 9.25, 15.75, 9.5 ], "texture": "#ak_atlas" }
			}
		},
		{
			"__comment": "Voxels",
			"from": [ 7.5, 1.9375, 7.25 ],
			"to": [ 8.0625, 2.5, 7.8125 ],
			"faces": {
				"down": { "uv": [ 6.5, 9, 6.75, 9.25 ], "texture": "#ak_atlas", "rotation": 180 },
				"south": { "uv": [ 6.75, 8.5, 6.5, 8.75 ], "texture": "#ak_atlas" },
				"west": { "uv": [ 6.75, 7.75, 6.5, 8 ], "texture": "#ak_atlas" }
			}
		},
		{
			"__comment": "Voxels",
			"from": [ 7.5, 3.625, 19.625 ],
			"to": [ 8.0625, 4.1875, 20.75 ],
			"faces": {
				"down": { "uv": [ 5.5, 1, 5.75, 1.5 ], "texture": "#ak_atlas", "rotation": 180 },
				"north": { "uv": [ 6.5, 6.75, 6.75, 7 ], "texture": "#ak_atlas" },
				"south": { "uv": [ 6.75, 7, 6.5, 7.25 ], "texture": "#ak_atlas" },
				"west": { "uv": [ 8.25, 9.75, 7.75, 10 ], "texture": "#ak_atlas" },
				"east": { "uv": [ 7.25, 9.75, 7.75, 10 ], "texture": "#ak_atlas" }
			}
		},
		{
			"__comment": "Voxels",
			"from": [ 7.5, 4.75, 19.0625 ],
			"to": [ 8.0625, 5.875, 21.875 ],
			"faces": {
				"down": { "uv": [ 5.5, 10.75, 5.75, 12 ], "texture": "#ak_atlas", "rotation": 180 },
				"north": { "uv": [ 5.5, 9, 5.75, 9.5 ], "texture": "#ak_atlas" },
				"west": { "uv": [ 13.5, 14.75, 12.25, 15.25 ], "texture": "#ak_atlas" },
				"east": { "uv": [ 13.5, 14.75, 14.75, 15.25 ], "texture": "#ak_atlas" }
			}
		},
		{
			"__comment": "Voxels",
			"from": [ 7.5, 4.75, 17.9375 ],
			"to": [ 8.0625, 5.875, 18.5 ],
			"faces": {
				"down": { "uv": [ 6.5, 4.5, 6.75, 4.75 ], "texture": "#ak_atlas", "rotation": 180 },
				"north": { "uv": [ 5.75, 6.75, 6, 7.25 ], "texture": "#ak_atlas" },
				"south": { "uv": [ 6, 7.25, 5.75, 7.75 ], "texture": "#ak_atlas" },
				"west": { "uv": [ 6, 5.75, 5.75, 6.25 ], "texture": "#ak_atlas" },
				"east": { "uv": [ 5.75, 6.25, 6, 6.75 ], "texture": "#ak_atlas" }
			}
		},
		{
			"__comment": "Voxels",
			"from": [ 7.5, 4.75, 11.1875 ],
			"to": [ 8.0625, 5.3125, 12.875 ],
			"faces": {
				"down": { "uv": [ 5, 2.25, 5.25, 3 ], "texture": "#ak_atlas", "rotation": 180 },
				"up": { "uv": [ 5, 3.75, 5.25, 3 ], "texture": "#ak_atlas", "rotation": 180 },
				"north": { "uv": [ 6.5, 2.25, 6.75, 2.5 ], "texture": "#ak_atlas" },
				"south": { "uv": [ 6.75, 2.5, 6.5, 2.75 ], "texture": "#ak_atlas" },
				"west": { "uv": [ 12.75, 10.25, 12, 10.5 ], "texture": "#ak_atlas" },
				"east": { "uv": [ 11.5, 10, 12.25, 10.25 ], "texture": "#ak_atlas" }
			}
		},
		{
			"__comment": "Voxels",
			"from": [ 7.5, 5.3125, 18.5 ],
			"to": [ 8.0625, 5.875, 19.0625 ],
			"faces": {
				"west": { "uv": [ 6.75, 0.25, 6.5, 0.5 ], "texture": "#ak_atlas" },
				"east": { "uv": [ 6.5, 0.5, 6.75, 0.75 ], "texture": "#ak_atlas" }
			}
		},
		{
			"__comment": "Voxels",
			"from": [ 7.5, 5.3125, 16.25 ],
			"to": [ 8.0625, 5.875, 17.9375 ],
			"faces": {
				"down": { "uv": [ 5, 6.75, 5.25, 7.5 ], "texture": "#ak_atlas", "rotation": 180 },
				"west": { "uv": [ 10.75, 10, 10, 10.25 ], "texture": "#ak_atlas" },
				"east": { "uv": [ 10.75, 10, 11.5, 10.25 ], "texture": "#ak_atlas" }
			}
		},
		{
			"__comment": "Voxels",
			"from": [ 7.5, 5.3125, 15.125 ],
			"to": [ 8.0625, 7.5625, 15.6875 ],
			"faces": {
				"down": { "uv": [ 8, 9, 8.25, 9.25 ], "texture": "#ak_atlas", "rotation": 180 },
				"up": { "uv": [ 8.25, 9.25, 8.5, 9 ], "texture": "#ak_atlas", "rotation": 180 },
				"west": { "uv": [ 14.75, 11, 14.5, 12 ], "texture": "#ak_atlas" }
			}
		},
		{
			"__comment": "Voxels",
			"from": [ 7.5, 5.3125, 11.1875 ],
			"to": [ 8.0625, 8.125, 11.75 ],
			"faces": {
				"up": { "uv": [ 9.75, 9.25, 10, 9 ], "texture": "#ak_atlas", "rotation": 180 },
				"west": { "uv": [ 7, 10.75, 6.75, 12 ], "texture": "#ak_atlas" }
			}
		},
		{
			"__comment": "Voxels",
			"from": [ 7.5, 6.4375, -4.5625 ],
			"to": [ 8.0625, 8.125, -4 ],
			"faces": {
				"down": { "uv": [ 11, 9, 11.25, 9.25 ], "texture": "#ak_atlas", "rotation": 180 },
				"up": { "uv": [ 11.25, 9.25, 11.5, 9 ], "texture": "#ak_atlas", "rotation": 180 },
				"north": { "uv": [ 5.25, 7.25, 5.5, 8 ], "texture": "#ak_atlas" },
				"south": { "uv": [ 5.5, 6.5, 5.25, 7.25 ], "texture": "#ak_atlas" },
				"west": { "uv": [ 5.25, 0, 5, 0.75 ], "texture": "#ak_atlas" },
				"east": { "uv": [ 5.25, 9.5, 5.5, 10.25 ], "texture": "#ak_atlas" }
			}
		},
		{
			"__comment": "Voxels",
			"from": [ 6.9375, 6.4375, -0.625 ],
			"to": [ 7.5, 7.5625, 2.75 ],
			"faces": {
				"down": { "uv": [ 4.25, 4, 4.5, 5.5 ], "texture": "#ak_atlas", "rotation": 180 },
				"up": { "uv": [ 4.5, 5.5, 4.75, 4 ], "texture": "#ak_atlas", "rotation": 180 },
				"north": { "uv": [ 5.75, 4.75, 6, 5.25 ], "texture": "#ak_atlas" },
				"south": { "uv": [ 6, 5.25, 5.75, 5.75 ], "texture": "#ak_atlas" },
				"west": { "uv": [ 6.25, 14.75, 4.75, 15.25 ], "texture": "#ak_atlas" },
				"east": { "uv": [ 7.25, 14.75, 8.75, 15.25 ], "texture": "#ak_atlas" }
			}
		}
	],
	"display": {
		"thirdperson_righthand": {
			"rotation":  [ 0, -180, 0 ],
			"translation":  [ 0, 0, -2.086 ],
			"scale":  [ 0.0001, 0.0001, 0.0001 ]
		},
		"thirdperson_lefthand": {
			"scale":  [ 0.0001, 0.0001, 0.0001 ]
		},
		"firstperson_righthand": {
			"translation":  [ -6.25, 14.4, -2 ]
		},
		"firstperson_lefthand": {
			"scale":  [ 0.0001, 0.0001, 0.0001 ]
		},
		"gui": {
			"rotation":  [ -90, 122, 91 ],
			"translation":  [ 1.3913, 0, 9.7391 ],
			"scale":  [ 0.7, 0.7, 0.7 ]
		},
		"head": {
			"rotation":  [ 0, 0, 90 ],
			"translation":  [ 0, -45, 0 ],
			"scale":  [ 2, 2, 2 ]
		}
	}
}