{"parent":"efm/guns/ak_nomods_fp","display":{"thirdperson_righthand":{"rotation":[-175,180,180],"translation":[0,1.5,2],"scale":[0.0001,0.0001,0.0001]},"thirdperson_lefthand":{"scale":[0.0001,0.0001,0.0001]},"firstperson_righthand":{"rotation":[1.5,0,0],"translation":[-9.4,15.4,5]},"firstperson_lefthand":{"translation":[-12,4.5,-1],"scale":[0.0001,0.0001,0.0001]},"gui":{"rotation":[-90,130,90],"translation":[1,0.5,0],"scale":[0.7,0.7,0.7]},"ground":{"rotation":[0,0,90],"scale":[0.55,0.55,0.55]},"fixed":{"rotation":[90,48,-90],"translation":[1,1,0],"scale":[0.55,0.55,0.55]}}}