{
	"__comment": "Designed by EFM",
	"textures": {
		"particle": "blocks/particle",
		"texture": "blocks/texture",
		"ak_atlas": "efm/ak_nomods"
	},
	"elements": [ 	 
		{
			"__comment": "Voxels",
			"from": [ 7.25, 9.25, 8 ],
			"to": [ 8.5, 9.5, 8.25 ],
			"faces": {
				"down": { "uv": [ 14.25, 12.25, 15.5, 12.5 ], "texture": "#ak_atlas" },
				"up": { "uv": [ 11.75, 12.75, 13, 12.5 ], "texture": "#ak_atlas" },
				"north": { "uv": [ 13, 12.25, 11.75, 12.5 ], "texture": "#ak_atlas" },
				"south": { "uv": [ 11.75, 12, 13, 12.25 ], "texture": "#ak_atlas" },
				"west": { "uv": [ 5.75, 0, 6, 0.25 ], "texture": "#ak_atlas" },
				"east": { "uv": [ 4, 3.5, 3.75, 3.75 ], "texture": "#ak_atlas" }
			}
		},
		{
			"__comment": "Voxels",
			"from": [ 7.75, 5.75, 7.75 ],
			"to": [ 8.25, 8, 8 ],
			"faces": {
				"down": { "uv": [ 15.5, 12.5, 16, 12.75 ], "texture": "#ak_atlas" },
				"up": { "uv": [ 11.25, 11, 11.75, 10.75 ], "texture": "#ak_atlas" },
				"north": { "uv": [ 2, 2, 1.5, 4.25 ], "texture": "#ak_atlas" },
				"south": { "uv": [ 2.25, 12, 2.75, 14.25 ], "texture": "#ak_atlas" },
				"west": { "uv": [ 3.75, 5.75, 4, 8 ], "texture": "#ak_atlas" },
				"east": { "uv": [ 3.75, 3.5, 3.5, 5.75 ], "texture": "#ak_atlas" }
			}
		},
		{
			"__comment": "Voxels",
			"from": [ 7.75, 6, 8 ],
			"to": [ 8.5, 7.25, 8.25 ],
			"faces": {
				"down": { "uv": [ 3.5, 12.75, 4.25, 13 ], "texture": "#ak_atlas" },
				"up": { "uv": [ 4.25, 13, 5, 12.75 ], "texture": "#ak_atlas" },
				"north": { "uv": [ 12.25, 13, 11.5, 14.25 ], "texture": "#ak_atlas" },
				"south": { "uv": [ 14.75, 14.75, 15.5, 16 ], "texture": "#ak_atlas" },
				"west": { "uv": [ 4.25, 1.25, 4.5, 2.5 ], "texture": "#ak_atlas" },
				"east": { "uv": [ 4.75, 1.25, 4.5, 2.5 ], "texture": "#ak_atlas" }
			}
		},
		{
			"__comment": "Voxels",
			"from": [ 7.75, 6.25, 7.5 ],
			"to": [ 8.5, 9.75, 7.75 ],
			"faces": {
				"down": { "uv": [ 5, 12.75, 5.75, 13 ], "texture": "#ak_atlas" },
				"up": { "uv": [ 5.75, 13, 6.5, 12.75 ], "texture": "#ak_atlas" },
				"north": { "uv": [ 0.75, 12.5, 0, 16 ], "texture": "#ak_atlas" },
				"south": { "uv": [ 0, 9, 0.75, 12.5 ], "texture": "#ak_atlas" },
				"west": { "uv": [ 2.25, 8.5, 2.5, 12 ], "texture": "#ak_atlas" },
				"east": { "uv": [ 2.75, 8.5, 2.5, 12 ], "texture": "#ak_atlas" }
			}
		},
		{
			"__comment": "Voxels",
			"from": [ 7.75, 6.25, 8.25 ],
			"to": [ 8.5, 6.5, 8.5 ],
			"faces": {
				"down": { "uv": [ 6.5, 12.75, 7.25, 13 ], "texture": "#ak_atlas" },
				"up": { "uv": [ 7.25, 13, 8, 12.75 ], "texture": "#ak_atlas" },
				"south": { "uv": [ 8.75, 12.75, 9.5, 13 ], "texture": "#ak_atlas" },
				"west": { "uv": [ 15.25, 12, 15.5, 12.25 ], "texture": "#ak_atlas" },
				"east": { "uv": [ 4.75, 5.5, 4.5, 5.75 ], "texture": "#ak_atlas" }
			}
		},
		{
			"__comment": "Voxels",
			"from": [ 7.75, 6.75, 7.25 ],
			"to": [ 8.5, 9.75, 7.5 ],
			"faces": {
				"down": { "uv": [ 9.5, 12.75, 10.25, 13 ], "texture": "#ak_atlas" },
				"up": { "uv": [ 11.5, 13, 12.25, 12.75 ], "texture": "#ak_atlas" },
				"north": { "uv": [ 0.75, 6, 0, 9 ], "texture": "#ak_atlas" },
				"west": { "uv": [ 2.25, 5.5, 2.5, 8.5 ], "texture": "#ak_atlas" },
				"east": { "uv": [ 2.75, 5.5, 2.5, 8.5 ], "texture": "#ak_atlas" }
			}
		},
		{
			"__comment": "Voxels",
			"from": [ 7.75, 7, 4.5 ],
			"to": [ 8.5, 8.25, 5 ],
			"faces": {
				"down": { "uv": [ 13.25, 14.25, 14, 14.75 ], "texture": "#ak_atlas" },
				"up": { "uv": [ 14, 14.75, 14.75, 14.25 ], "texture": "#ak_atlas" },
				"north": { "uv": [ 5, 13, 4.25, 14.25 ], "texture": "#ak_atlas" },
				"south": { "uv": [ 5, 13, 5.75, 14.25 ], "texture": "#ak_atlas" },
				"west": { "uv": [ 15.5, 14.75, 16, 16 ], "texture": "#ak_atlas" },
				"east": { "uv": [ 2.75, 4.25, 2.25, 5.5 ], "texture": "#ak_atlas" }
			}
		},
		{
			"__comment": "Voxels",
			"from": [ 7.75, 7.25, 4.25 ],
			"to": [ 8.5, 7.5, 4.5 ],
			"faces": {
				"down": { "uv": [ 12.25, 12.75, 13, 13 ], "texture": "#ak_atlas" },
				"up": { "uv": [ 13, 13, 13.75, 12.75 ], "texture": "#ak_atlas" },
				"north": { "uv": [ 14.5, 12.75, 13.75, 13 ], "texture": "#ak_atlas" },
				"west": { "uv": [ 4.5, 2.5, 4.75, 2.75 ], "texture": "#ak_atlas" },
				"east": { "uv": [ 9.5, 10.75, 9.25, 11 ], "texture": "#ak_atlas" }
			}
		},
		{
			"__comment": "Voxels",
			"from": [ 7.75, 7.25, 7 ],
			"to": [ 8.5, 9.75, 7.25 ],
			"faces": {
				"down": { "uv": [ 11, 12, 11.75, 12.25 ], "texture": "#ak_atlas" },
				"up": { "uv": [ 5, 10.75, 5.75, 10.5 ], "texture": "#ak_atlas" },
				"north": { "uv": [ 1.5, 9.5, 0.75, 12 ], "texture": "#ak_atlas" },
				"west": { "uv": [ 2, 4.25, 2.25, 6.75 ], "texture": "#ak_atlas" },
				"east": { "uv": [ 2.5, 1.75, 2.25, 4.25 ], "texture": "#ak_atlas" }
			}
		},
		{
			"__comment": "Voxels",
			"from": [ 7.75, 7.75, 0.5 ],
			"to": [ 8.5, 9.5, 0.75 ],
			"faces": {
				"down": { "uv": [ 5.75, 10.5, 6.5, 10.75 ], "texture": "#ak_atlas" },
				"up": { "uv": [ 6.5, 10.75, 7.25, 10.5 ], "texture": "#ak_atlas" },
				"north": { "uv": [ 2.25, 11, 1.5, 12.75 ], "texture": "#ak_atlas" },
				"south": { "uv": [ 1.5, 9.25, 2.25, 11 ], "texture": "#ak_atlas" },
				"west": { "uv": [ 4, 4.25, 4.25, 6 ], "texture": "#ak_atlas" },
				"east": { "uv": [ 4.75, 7.25, 4.5, 9 ], "texture": "#ak_atlas" }
			}
		},
		{
			"__comment": "Voxels",
			"from": [ 7.75, 7.75, 5 ],
			"to": [ 8.5, 8.25, 5.25 ],
			"faces": {
				"down": { "uv": [ 7.25, 10.5, 8, 10.75 ], "texture": "#ak_atlas" },
				"up": { "uv": [ 8, 10.75, 8.75, 10.5 ], "texture": "#ak_atlas" },
				"south": { "uv": [ 9.75, 12.25, 10.5, 12.75 ], "texture": "#ak_atlas" },
				"west": { "uv": [ 5.25, 3.5, 5.5, 4 ], "texture": "#ak_atlas" },
				"east": { "uv": [ 5.5, 3, 5.25, 3.5 ], "texture": "#ak_atlas" }
			}
		},
		{
			"__comment": "Voxels",
			"from": [ 7.75, 7.75, 6.75 ],
			"to": [ 8.5, 9.75, 7 ],
			"faces": {
				"down": { "uv": [ 8.75, 10.5, 9.5, 10.75 ], "texture": "#ak_atlas" },
				"up": { "uv": [ 9.5, 10.75, 10.25, 10.5 ], "texture": "#ak_atlas" },
				"north": { "uv": [ 2.25, 12.75, 1.5, 14.75 ], "texture": "#ak_atlas" },
				"west": { "uv": [ 4, 6, 4.25, 8 ], "texture": "#ak_atlas" },
				"east": { "uv": [ 4.25, 8, 4, 10 ], "texture": "#ak_atlas" }
			}
		},
		{
			"__comment": "Voxels",
			"from": [ 7.75, 8, 0.25 ],
			"to": [ 8.5, 9.25, 0.5 ],
			"faces": {
				"down": { "uv": [ 10.5, 10.25, 11.25, 10.5 ], "texture": "#ak_atlas" },
				"up": { "uv": [ 10.25, 10.75, 11, 10.5 ], "texture": "#ak_atlas" },
				"north": { "uv": [ 7.25, 13, 6.5, 14.25 ], "texture": "#ak_atlas" },
				"west": { "uv": [ 7.75, 10.75, 8, 12 ], "texture": "#ak_atlas" },
				"east": { "uv": [ 8.25, 10.75, 8, 12 ], "texture": "#ak_atlas" }
			}
		},
		{
			"__comment": "Voxels",
			"from": [ 7.75, 8, 0.75 ],
			"to": [ 8.5, 8.25, 1.75 ],
			"faces": {
				"down": { "uv": [ 14.5, 13.25, 15.25, 14.25 ], "texture": "#ak_atlas" },
				"up": { "uv": [ 2.75, 11.75, 3.5, 10.75 ], "texture": "#ak_atlas" },
				"south": { "uv": [ 11.75, 10.5, 12.5, 10.75 ], "texture": "#ak_atlas" },
				"west": { "uv": [ 9.5, 11.5, 10.5, 11.75 ], "texture": "#ak_atlas" },
				"east": { "uv": [ 10.5, 11.25, 9.5, 11.5 ], "texture": "#ak_atlas" }
			}
		},
		{
			"__comment": "Voxels",
			"from": [ 7.75, 8.25, 0.75 ],
			"to": [ 8, 9.5, 2.75 ],
			"faces": {
				"down": { "uv": [ 3.75, 3.75, 4, 5.75 ], "texture": "#ak_atlas" },
				"up": { "uv": [ 4, 12, 4.25, 10 ], "texture": "#ak_atlas" },
				"south": { "uv": [ 3.25, 4.25, 3.5, 5.5 ], "texture": "#ak_atlas" },
				"west": { "uv": [ 0.75, 14.75, 2.75, 16 ], "texture": "#ak_atlas" },
				"east": { "uv": [ 4.75, 14.75, 2.75, 16 ], "texture": "#ak_atlas" }
			}
		},
		{
			"__comment": "Voxels",
			"from": [ 7.75, 8.25, 2.75 ],
			"to": [ 8.5, 8.5, 3 ],
			"faces": {
				"down": { "uv": [ 12.5, 10.5, 13.25, 10.75 ], "texture": "#ak_atlas" },
				"up": { "uv": [ 13.25, 10.75, 14, 10.5 ], "texture": "#ak_atlas" },
				"north": { "uv": [ 14.75, 10.5, 14, 10.75 ], "texture": "#ak_atlas" },
				"south": { "uv": [ 14.75, 10.5, 15.5, 10.75 ], "texture": "#ak_atlas" },
				"west": { "uv": [ 10.5, 10.75, 10.75, 11 ], "texture": "#ak_atlas" },
				"east": { "uv": [ 11, 10.75, 10.75, 11 ], "texture": "#ak_atlas" }
			}
		},
		{
			"__comment": "Voxels",
			"from": [ 7.75, 8.25, 4.75 ],
			"to": [ 8, 9.75, 5.5 ],
			"faces": {
				"down": { "uv": [ 4.75, 0, 5, 0.75 ], "texture": "#ak_atlas" },
				"up": { "uv": [ 15.75, 12, 16, 11.25 ], "texture": "#ak_atlas" },
				"north": { "uv": [ 4.75, 5.75, 4.5, 7.25 ], "texture": "#ak_atlas" },
				"south": { "uv": [ 4.25, 2.5, 4.5, 4 ], "texture": "#ak_atlas" },
				"west": { "uv": [ 2.75, 12.75, 3.5, 14.25 ], "texture": "#ak_atlas" },
				"east": { "uv": [ 2.25, 0.5, 1.5, 2 ], "texture": "#ak_atlas" }
			}
		},
		{
			"__comment": "Voxels",
			"from": [ 7.75, 8.5, 2.75 ],
			"to": [ 8, 9.25, 4 ],
			"faces": {
				"down": { "uv": [ 4.75, 8.25, 5, 9.5 ], "texture": "#ak_atlas" },
				"up": { "uv": [ 4.75, 8.25, 5, 7 ], "texture": "#ak_atlas" },
				"south": { "uv": [ 5, 9, 5.25, 9.75 ], "texture": "#ak_atlas" },
				"west": { "uv": [ 10.25, 12.75, 11.5, 13.5 ], "texture": "#ak_atlas" },
				"east": { "uv": [ 11.5, 13.5, 10.25, 14.25 ], "texture": "#ak_atlas" }
			}
		},
		{
			"__comment": "Voxels",
			"from": [ 7.75, 8.5, 4.25 ],
			"to": [ 8.5, 9.75, 4.75 ],
			"faces": {
				"down": { "uv": [ 1.5, 0, 2.25, 0.5 ], "texture": "#ak_atlas" },
				"up": { "uv": [ 10.25, 14.75, 11, 14.25 ], "texture": "#ak_atlas" },
				"north": { "uv": [ 10.25, 13, 9.5, 14.25 ], "texture": "#ak_atlas" },
				"south": { "uv": [ 8.75, 13, 9.5, 14.25 ], "texture": "#ak_atlas" },
				"west": { "uv": [ 2.75, 1.75, 3.25, 3 ], "texture": "#ak_atlas" },
				"east": { "uv": [ 3.25, 0.5, 2.75, 1.75 ], "texture": "#ak_atlas" }
			}
		},
		{
			"__comment": "Voxels",
			"from": [ 7.75, 8.5, 5.5 ],
			"to": [ 8.5, 9.75, 5.75 ],
			"faces": {
				"down": { "uv": [ 5.25, 10.25, 6, 10.5 ], "texture": "#ak_atlas" },
				"up": { "uv": [ 6, 10.5, 6.75, 10.25 ], "texture": "#ak_atlas" },
				"north": { "uv": [ 4.25, 13, 3.5, 14.25 ], "texture": "#ak_atlas" },
				"south": { "uv": [ 12.25, 13, 13, 14.25 ], "texture": "#ak_atlas" },
				"west": { "uv": [ 4.75, 3.25, 5, 4.5 ], "texture": "#ak_atlas" },
				"east": { "uv": [ 5, 2, 4.75, 3.25 ], "texture": "#ak_atlas" }
			}
		},
		{
			"__comment": "Voxels",
			"from": [ 7.75, 8.5, 6.25 ],
			"to": [ 8.5, 9.75, 6.75 ],
			"faces": {
				"down": { "uv": [ 2.75, 0, 3.5, 0.5 ], "texture": "#ak_atlas" },
				"up": { "uv": [ 11, 12.75, 11.75, 12.25 ], "texture": "#ak_atlas" },
				"north": { "uv": [ 13.75, 13, 13, 14.25 ], "texture": "#ak_atlas" },
				"west": { "uv": [ 3.5, 11.5, 4, 12.75 ], "texture": "#ak_atlas" },
				"east": { "uv": [ 4, 10.25, 3.5, 11.5 ], "texture": "#ak_atlas" }
			}
		},
		{
			"__comment": "Voxels",
			"from": [ 7.75, 8.5, 7.75 ],
			"to": [ 8.5, 9.75, 8 ],
			"faces": {
				"down": { "uv": [ 6.75, 10.25, 7.5, 10.5 ], "texture": "#ak_atlas" },
				"up": { "uv": [ 0, 0.25, 0.75, 0 ], "texture": "#ak_atlas" },
				"south": { "uv": [ 8, 13, 8.75, 14.25 ], "texture": "#ak_atlas" },
				"west": { "uv": [ 5, 10.75, 5.25, 12 ], "texture": "#ak_atlas" },
				"east": { "uv": [ 5.5, 10.75, 5.25, 12 ], "texture": "#ak_atlas" }
			}
		},
		{
			"__comment": "Voxels",
			"from": [ 7.75, 8.75, 4 ],
			"to": [ 8.5, 9.5, 4.25 ],
			"faces": {
				"down": { "uv": [ 7.5, 10.25, 8.25, 10.5 ], "texture": "#ak_atlas" },
				"up": { "uv": [ 8.25, 10.5, 9, 10.25 ], "texture": "#ak_atlas" },
				"north": { "uv": [ 7.75, 12, 7, 12.75 ], "texture": "#ak_atlas" },
				"west": { "uv": [ 5, 8.25, 5.25, 9 ], "texture": "#ak_atlas" },
				"east": { "uv": [ 5.5, 8, 5.25, 8.75 ], "texture": "#ak_atlas" }
			}
		},
		{
			"__comment": "Voxels",
			"from": [ 7.75, 8.75, 5.75 ],
			"to": [ 8.5, 9.75, 6.25 ],
			"faces": {
				"down": { "uv": [ 15.25, 12.75, 16, 13.25 ], "texture": "#ak_atlas" },
				"up": { "uv": [ 9, 12.75, 9.75, 12.25 ], "texture": "#ak_atlas" },
				"west": { "uv": [ 4.25, 9, 4.75, 10 ], "texture": "#ak_atlas" },
				"east": { "uv": [ 4.75, 10, 4.25, 11 ], "texture": "#ak_atlas" }
			}
		},
		{
			"__comment": "Voxels",
			"from": [ 7.75, 8.75, 8 ],
			"to": [ 8.5, 9.25, 10.75 ],
			"faces": {
				"down": { "uv": [ 0.75, 12, 1.5, 14.75 ], "texture": "#ak_atlas" },
				"up": { "uv": [ 0, 3, 0.75, 0.25 ], "texture": "#ak_atlas" },
				"south": { "uv": [ 12.5, 14.25, 13.25, 14.75 ], "texture": "#ak_atlas" },
				"west": { "uv": [ 2.25, 14.25, 5, 14.75 ], "texture": "#ak_atlas" },
				"east": { "uv": [ 7.75, 14.25, 5, 14.75 ], "texture": "#ak_atlas" }
			}
		},
		{
			"__comment": "Voxels",
			"from": [ 7.75, 9, 10.75 ],
			"to": [ 8.5, 10, 11 ],
			"faces": {
				"down": { "uv": [ 11.25, 10.25, 12, 10.5 ], "texture": "#ak_atlas" },
				"up": { "uv": [ 6.25, 10.25, 7, 10 ], "texture": "#ak_atlas" },
				"north": { "uv": [ 16, 13.25, 15.25, 14.25 ], "texture": "#ak_atlas" },
				"south": { "uv": [ 2.75, 11.75, 3.5, 12.75 ], "texture": "#ak_atlas" },
				"west": { "uv": [ 15.25, 11, 15.5, 12 ], "texture": "#ak_atlas" },
				"east": { "uv": [ 15.75, 11, 15.5, 12 ], "texture": "#ak_atlas" }
			}
		},
		{
			"__comment": "Voxels",
			"from": [ 7.75, 9, 11 ],
			"to": [ 8.5, 9.75, 11.25 ],
			"faces": {
				"down": { "uv": [ 12.75, 10.25, 13.5, 10.5 ], "texture": "#ak_atlas" },
				"up": { "uv": [ 13.5, 10.5, 14.25, 10.25 ], "texture": "#ak_atlas" },
				"south": { "uv": [ 4.75, 12, 5.5, 12.75 ], "texture": "#ak_atlas" },
				"west": { "uv": [ 5, 1.5, 5.25, 2.25 ], "texture": "#ak_atlas" },
				"east": { "uv": [ 5.25, 0.75, 5, 1.5 ], "texture": "#ak_atlas" }
			}
		},
		{
			"__comment": "Voxels",
			"from": [ 7.75, 9, 12.5 ],
			"to": [ 8.5, 9.5, 12.75 ],
			"faces": {
				"down": { "uv": [ 14.25, 10.25, 15, 10.5 ], "texture": "#ak_atlas" },
				"up": { "uv": [ 15, 10.5, 15.75, 10.25 ], "texture": "#ak_atlas" },
				"north": { "uv": [ 15.5, 14.25, 14.75, 14.75 ], "texture": "#ak_atlas" },
				"south": { "uv": [ 14.5, 12.75, 15.25, 13.25 ], "texture": "#ak_atlas" },
				"west": { "uv": [ 5.25, 1, 5.5, 1.5 ], "texture": "#ak_atlas" },
				"east": { "uv": [ 5.5, 0.5, 5.25, 1 ], "texture": "#ak_atlas" }
			}
		},
		{
			"__comment": "Voxels",
			"from": [ 7.75, 9.25, 8.25 ],
			"to": [ 8.5, 10, 10.75 ],
			"faces": {
				"up": { "uv": [ 0.75, 7, 1.5, 4.5 ], "texture": "#ak_atlas" },
				"north": { "uv": [ 6.25, 12, 5.5, 12.75 ], "texture": "#ak_atlas" },
				"west": { "uv": [ 7.25, 15.25, 9.75, 16 ], "texture": "#ak_atlas" },
				"east": { "uv": [ 7.25, 15.25, 4.75, 16 ], "texture": "#ak_atlas" }
			}
		},
		{
			"__comment": "Voxels",
			"from": [ 7.75, 9.5, 8 ],
			"to": [ 8.5, 9.75, 8.25 ],
			"faces": {
				"up": { "uv": [ 7.75, 10.25, 8.5, 10 ], "texture": "#ak_atlas" },
				"west": { "uv": [ 11, 10.75, 11.25, 11 ], "texture": "#ak_atlas" },
				"east": { "uv": [ 12, 10.75, 11.75, 11 ], "texture": "#ak_atlas" }
			}
		},
		{
			"__comment": "Voxels",
			"from": [ 7.75, 9.5, 11.25 ],
			"to": [ 8.5, 9.75, 12.25 ],
			"faces": {
				"down": { "uv": [ 2.75, 9.75, 3.5, 10.75 ], "texture": "#ak_atlas" },
				"up": { "uv": [ 2.75, 9.75, 3.5, 8.75 ], "texture": "#ak_atlas" },
				"south": { "uv": [ 9.75, 10.25, 10.5, 10.5 ], "texture": "#ak_atlas" },
				"west": { "uv": [ 14.25, 12, 15.25, 12.25 ], "texture": "#ak_atlas" },
				"east": { "uv": [ 10.5, 11.75, 9.5, 12 ], "texture": "#ak_atlas" }
			}
		},
		{
			"__comment": "Voxels",
			"from": [ 7.75, 9.5, 12.25 ],
			"to": [ 8, 9.75, 12.5 ],
			"faces": {
				"down": { "uv": [ 12, 10.75, 12.25, 11 ], "texture": "#ak_atlas" },
				"up": { "uv": [ 12.25, 11, 12.5, 10.75 ], "texture": "#ak_atlas" },
				"south": { "uv": [ 13.25, 10.75, 13.5, 11 ], "texture": "#ak_atlas" },
				"west": { "uv": [ 14.5, 10.75, 14.75, 11 ], "texture": "#ak_atlas" },
				"east": { "uv": [ 15, 10.75, 14.75, 11 ], "texture": "#ak_atlas" }
			}
		},
		{
			"__comment": "Voxels",
			"from": [ 7.75, 9.75, 8 ],
			"to": [ 8.25, 10, 8.25 ],
			"faces": {
				"up": { "uv": [ 15.5, 10.75, 16, 10.5 ], "texture": "#ak_atlas" },
				"north": { "uv": [ 12.75, 10, 12.25, 10.25 ], "texture": "#ak_atlas" },
				"west": { "uv": [ 15, 10.75, 15.25, 11 ], "texture": "#ak_atlas" },
				"east": { "uv": [ 15.5, 10.75, 15.25, 11 ], "texture": "#ak_atlas" }
			}
		},
		{
			"__comment": "Voxels",
			"from": [ 8, 5.75, 7.5 ],
			"to": [ 8.25, 6.25, 7.75 ],
			"faces": {
				"down": { "uv": [ 15.75, 11, 16, 11.25 ], "texture": "#ak_atlas" },
				"north": { "uv": [ 5.75, 7, 5.5, 7.5 ], "texture": "#ak_atlas" },
				"west": { "uv": [ 5.5, 6, 5.75, 6.5 ], "texture": "#ak_atlas" },
				"east": { "uv": [ 5.75, 5.5, 5.5, 6 ], "texture": "#ak_atlas" }
			}
		},
		{
			"__comment": "Voxels",
			"from": [ 8, 6.25, 7.25 ],
			"to": [ 8.25, 6.75, 7.5 ],
			"faces": {
				"down": { "uv": [ 15.75, 10, 16, 10.25 ], "texture": "#ak_atlas" },
				"north": { "uv": [ 5.75, 4.5, 5.5, 5 ], "texture": "#ak_atlas" },
				"west": { "uv": [ 5.25, 1.5, 5.5, 2 ], "texture": "#ak_atlas" },
				"east": { "uv": [ 5.75, 3.5, 5.5, 4 ], "texture": "#ak_atlas" }
			}
		},
		{
			"__comment": "Voxels",
			"from": [ 8, 6.5, 8.25 ],
			"to": [ 8.5, 7, 8.5 ],
			"faces": {
				"up": { "uv": [ 6.25, 10, 6.75, 9.75 ], "texture": "#ak_atlas" },
				"south": { "uv": [ 14, 11, 14.5, 11.5 ], "texture": "#ak_atlas" },
				"west": { "uv": [ 5.5, 3, 5.75, 3.5 ], "texture": "#ak_atlas" },
				"east": { "uv": [ 5.75, 2.5, 5.5, 3 ], "texture": "#ak_atlas" }
			}
		},
		{
			"__comment": "Voxels",
			"from": [ 8, 6.5, 8.5 ],
			"to": [ 8.25, 6.75, 8.75 ],
			"faces": {
				"down": { "uv": [ 6.5, 4, 6.75, 4.25 ], "texture": "#ak_atlas" },
				"up": { "uv": [ 6, 6.5, 6.25, 6.25 ], "texture": "#ak_atlas" },
				"south": { "uv": [ 6, 6, 6.25, 6.25 ], "texture": "#ak_atlas" },
				"west": { "uv": [ 6.25, 6, 6.5, 6.25 ], "texture": "#ak_atlas" },
				"east": { "uv": [ 6.25, 5.75, 6, 6 ], "texture": "#ak_atlas" }
			}
		},
		{
			"__comment": "Voxels",
			"from": [ 8, 6.75, 7 ],
			"to": [ 8.25, 7.25, 7.25 ],
			"faces": {
				"down": { "uv": [ 6.25, 5.75, 6.5, 6 ], "texture": "#ak_atlas" },
				"north": { "uv": [ 5.75, 0, 5.5, 0.5 ], "texture": "#ak_atlas" },
				"west": { "uv": [ 5.75, 8.75, 6, 9.25 ], "texture": "#ak_atlas" },
				"east": { "uv": [ 6, 8.25, 5.75, 8.75 ], "texture": "#ak_atlas" }
			}
		},
		{
			"__comment": "Voxels",
			"from": [ 8, 7, 4.25 ],
			"to": [ 8.25, 7.25, 4.5 ],
			"faces": {
				"down": { "uv": [ 6.25, 5.5, 6.5, 5.75 ], "texture": "#ak_atlas" },
				"north": { "uv": [ 6.5, 5.25, 6.25, 5.5 ], "texture": "#ak_atlas" },
				"west": { "uv": [ 6.25, 5, 6.5, 5.25 ], "texture": "#ak_atlas" },
				"east": { "uv": [ 6.25, 4.75, 6, 5 ], "texture": "#ak_atlas" }
			}
		},
		{
			"__comment": "Voxels",
			"from": [ 8, 7, 5 ],
			"to": [ 8.25, 7.75, 5.25 ],
			"faces": {
				"down": { "uv": [ 6.25, 4.75, 6.5, 5 ], "texture": "#ak_atlas" },
				"south": { "uv": [ 5, 5.25, 5.25, 6 ], "texture": "#ak_atlas" },
				"west": { "uv": [ 5, 4.5, 5.25, 5.25 ], "texture": "#ak_atlas" },
				"east": { "uv": [ 5.25, 3.75, 5, 4.5 ], "texture": "#ak_atlas" }
			}
		},
		{
			"__comment": "Voxels",
			"from": [ 8, 7, 8.25 ],
			"to": [ 8.25, 7.25, 8.5 ],
			"faces": {
				"up": { "uv": [ 6, 4.5, 6.25, 4.25 ], "texture": "#ak_atlas" },
				"south": { "uv": [ 6, 4, 6.25, 4.25 ], "texture": "#ak_atlas" },
				"west": { "uv": [ 6.25, 4, 6.5, 4.25 ], "texture": "#ak_atlas" },
				"east": { "uv": [ 6.25, 3.75, 6, 4 ], "texture": "#ak_atlas" }
			}
		},
		{
			"__comment": "Voxels",
			"from": [ 8, 7.25, 6.75 ],
			"to": [ 8.25, 7.75, 7 ],
			"faces": {
				"down": { "uv": [ 12.25, 9, 12.5, 9.25 ], "texture": "#ak_atlas" },
				"north": { "uv": [ 6, 4.25, 5.75, 4.75 ], "texture": "#ak_atlas" },
				"west": { "uv": [ 5.75, 3.25, 6, 3.75 ], "texture": "#ak_atlas" },
				"east": { "uv": [ 6, 2.75, 5.75, 3.25 ], "texture": "#ak_atlas" }
			}
		},
		{
			"__comment": "Voxels",
			"from": [ 8, 7.25, 8 ],
			"to": [ 8.5, 7.5, 8.25 ],
			"faces": {
				"up": { "uv": [ 8.75, 10, 9.25, 9.75 ], "texture": "#ak_atlas" },
				"north": { "uv": [ 11.75, 9.75, 11.25, 10 ], "texture": "#ak_atlas" },
				"south": { "uv": [ 10.75, 9.75, 11.25, 10 ], "texture": "#ak_atlas" },
				"west": { "uv": [ 12.5, 9, 12.75, 9.25 ], "texture": "#ak_atlas" },
				"east": { "uv": [ 6.75, 4.75, 6.5, 5 ], "texture": "#ak_atlas" }
			}
		},
		{
			"__comment": "Voxels",
			"from": [ 8, 7.5, 4.25 ],
			"to": [ 8.25, 8, 4.5 ],
			"faces": {
				"up": { "uv": [ 14, 9.5, 14.25, 9.25 ], "texture": "#ak_atlas" },
				"north": { "uv": [ 5.75, 1.5, 5.5, 2 ], "texture": "#ak_atlas" },
				"west": { "uv": [ 5.5, 8, 5.75, 8.5 ], "texture": "#ak_atlas" },
				"east": { "uv": [ 5.75, 8.5, 5.5, 9 ], "texture": "#ak_atlas" }
			}
		},
		{
			"__comment": "Voxels",
			"from": [ 8, 7.5, 8 ],
			"to": [ 8.25, 8, 8.25 ],
			"faces": {
				"up": { "uv": [ 7, 9.5, 7.25, 9.25 ], "texture": "#ak_atlas" },
				"south": { "uv": [ 5.25, 6, 5.5, 6.5 ], "texture": "#ak_atlas" },
				"west": { "uv": [ 6.25, 7, 6.5, 7.5 ], "texture": "#ak_atlas" },
				"east": { "uv": [ 6.25, 7, 6, 7.5 ], "texture": "#ak_atlas" }
			}
		},
		{
			"__comment": "Voxels",
			"from": [ 8, 7.75, 0.25 ],
			"to": [ 8.25, 8, 0.5 ],
			"faces": {
				"down": { "uv": [ 6.25, 3.75, 6.5, 4 ], "texture": "#ak_atlas" },
				"north": { "uv": [ 13, 9, 12.75, 9.25 ], "texture": "#ak_atlas" },
				"west": { "uv": [ 10.25, 9, 10.5, 9.25 ], "texture": "#ak_atlas" },
				"east": { "uv": [ 10.25, 9, 10, 9.25 ], "texture": "#ak_atlas" }
			}
		},
		{
			"__comment": "Voxels",
			"from": [ 8, 7.75, 0.75 ],
			"to": [ 8.25, 8, 1.5 ],
			"faces": {
				"down": { "uv": [ 5.25, 8.75, 5.5, 9.5 ], "texture": "#ak_atlas" },
				"south": { "uv": [ 6.5, 5.5, 6.75, 5.75 ], "texture": "#ak_atlas" },
				"west": { "uv": [ 9.75, 12, 10.5, 12.25 ], "texture": "#ak_atlas" },
				"east": { "uv": [ 6.25, 10, 5.5, 10.25 ], "texture": "#ak_atlas" }
			}
		},
		{
			"__comment": "Voxels",
			"from": [ 8, 7.75, 5.25 ],
			"to": [ 8.25, 10, 5.5 ],
			"faces": {
				"down": { "uv": [ 6.25, 3.25, 6.5, 3.5 ], "texture": "#ak_atlas" },
				"up": { "uv": [ 6, 3.25, 6.25, 3 ], "texture": "#ak_atlas" },
				"north": { "uv": [ 3.75, 8, 3.5, 10.25 ], "texture": "#ak_atlas" },
				"south": { "uv": [ 3.75, 8, 4, 10.25 ], "texture": "#ak_atlas" },
				"west": { "uv": [ 3.5, 5.75, 3.75, 8 ], "texture": "#ak_atlas" },
				"east": { "uv": [ 2.25, 2, 2, 4.25 ], "texture": "#ak_atlas" }
			}
		},
		{
			"__comment": "Voxels",
			"from": [ 8, 8, 1.75 ],
			"to": [ 8.5, 8.25, 2.25 ],
			"faces": {
				"down": { "uv": [ 15.5, 14.25, 16, 14.75 ], "texture": "#ak_atlas" },
				"up": { "uv": [ 11.25, 12, 11.75, 11.5 ], "texture": "#ak_atlas" },
				"south": { "uv": [ 7, 9.5, 7.5, 9.75 ], "texture": "#ak_atlas" },
				"west": { "uv": [ 7.5, 9.5, 8, 9.75 ], "texture": "#ak_atlas" },
				"east": { "uv": [ 6.5, 7.5, 6, 7.75 ], "texture": "#ak_atlas" }
			}
		},
		{
			"__comment": "Voxels",
			"from": [ 8, 8, 2.25 ],
			"to": [ 8.25, 8.5, 2.5 ],
			"faces": {
				"down": { "uv": [ 6.5, 7.5, 6.75, 7.75 ], "texture": "#ak_atlas" },
				"up": { "uv": [ 6.5, 7.5, 6.75, 7.25 ], "texture": "#ak_atlas" },
				"north": { "uv": [ 6, 2.25, 5.75, 2.75 ], "texture": "#ak_atlas" },
				"south": { "uv": [ 5.75, 1.75, 6, 2.25 ], "texture": "#ak_atlas" },
				"west": { "uv": [ 5.75, 1.25, 6, 1.75 ], "texture": "#ak_atlas" },
				"east": { "uv": [ 5.5, 5, 5.25, 5.5 ], "texture": "#ak_atlas" }
			}
		},
		{
			"__comment": "Voxels",
			"from": [ 8, 8, 5.75 ],
			"to": [ 8.25, 8.25, 6.25 ],
			"faces": {
				"down": { "uv": [ 5.25, 4.5, 5.5, 5 ], "texture": "#ak_atlas" },
				"up": { "uv": [ 5.25, 4.5, 5.5, 4 ], "texture": "#ak_atlas" },
				"north": { "uv": [ 6.5, 3.5, 6.25, 3.75 ], "texture": "#ak_atlas" },
				"south": { "uv": [ 8.5, 9.25, 8.75, 9.5 ], "texture": "#ak_atlas" },
				"west": { "uv": [ 12.5, 10.75, 13, 11 ], "texture": "#ak_atlas" },
				"east": { "uv": [ 14, 10.75, 13.5, 11 ], "texture": "#ak_atlas" }
			}
		},
		{
			"__comment": "Voxels",
			"from": [ 8, 8, 7.75 ],
			"to": [ 8.5, 8.25, 8 ],
			"faces": {
				"down": { "uv": [ 14, 10.75, 14.5, 11 ], "texture": "#ak_atlas" },
				"up": { "uv": [ 13.25, 10.25, 13.75, 10 ], "texture": "#ak_atlas" },
				"south": { "uv": [ 14.25, 10, 14.75, 10.25 ], "texture": "#ak_atlas" },
				"west": { "uv": [ 11.25, 9.25, 11.5, 9.5 ], "texture": "#ak_atlas" },
				"east": { "uv": [ 6.75, 6, 6.5, 6.25 ], "texture": "#ak_atlas" }
			}
		},
		{
			"__comment": "Voxels",
			"from": [ 8, 8.25, 2 ],
			"to": [ 8.5, 8.5, 2.25 ],
			"faces": {
				"up": { "uv": [ 9.25, 10, 9.75, 9.75 ], "texture": "#ak_atlas" },
				"north": { "uv": [ 10.25, 9.75, 9.75, 10 ], "texture": "#ak_atlas" },
				"south": { "uv": [ 10.25, 9.75, 10.75, 10 ], "texture": "#ak_atlas" },
				"east": { "uv": [ 12, 9, 11.75, 9.25 ], "texture": "#ak_atlas" }
			}
		},
		{
			"__comment": "Voxels",
			"from": [ 8, 8.25, 2.5 ],
			"to": [ 8.5, 8.5, 2.75 ],
			"faces": {
				"down": { "uv": [ 12.25, 9.75, 12.75, 10 ], "texture": "#ak_atlas" },
				"up": { "uv": [ 12.75, 10, 13.25, 9.75 ], "texture": "#ak_atlas" },
				"north": { "uv": [ 13.75, 9.75, 13.25, 10 ], "texture": "#ak_atlas" },
				"east": { "uv": [ 9.5, 9, 9.25, 9.25 ], "texture": "#ak_atlas" }
			}
		},
		{
			"__comment": "Voxels",
			"from": [ 8, 8.25, 3 ],
			"to": [ 8.5, 8.5, 3.5 ],
			"faces": {
				"down": { "uv": [ 2.25, 0, 2.75, 0.5 ], "texture": "#ak_atlas" },
				"up": { "uv": [ 3.5, 0.5, 4, 0 ], "texture": "#ak_atlas" },
				"south": { "uv": [ 14.75, 9.75, 15.25, 10 ], "texture": "#ak_atlas" },
				"west": { "uv": [ 15.25, 9.75, 15.75, 10 ], "texture": "#ak_atlas" },
				"east": { "uv": [ 6.5, 9.5, 6, 9.75 ], "texture": "#ak_atlas" }
			}
		},
		{
			"__comment": "Voxels",
			"from": [ 8, 8.25, 3.5 ],
			"to": [ 8.25, 9.5, 3.75 ],
			"faces": {
				"down": { "uv": [ 9, 9, 9.25, 9.25 ], "texture": "#ak_atlas" },
				"up": { "uv": [ 8.75, 9.25, 9, 9 ], "texture": "#ak_atlas" },
				"north": { "uv": [ 7.25, 10.75, 7, 12 ], "texture": "#ak_atlas" },
				"south": { "uv": [ 7.25, 10.75, 7.5, 12 ], "texture": "#ak_atlas" },
				"west": { "uv": [ 7.5, 10.75, 7.75, 12 ], "texture": "#ak_atlas" },
				"east": { "uv": [ 8.5, 10.75, 8.25, 12 ], "texture": "#ak_atlas" }
			}
		},
		{
			"__comment": "Voxels",
			"from": [ 8, 8.25, 4.5 ],
			"to": [ 8.25, 8.5, 4.75 ],
			"faces": {
				"north": { "uv": [ 7.75, 9, 7.5, 9.25 ], "texture": "#ak_atlas" },
				"south": { "uv": [ 6.75, 9, 7, 9.25 ], "texture": "#ak_atlas" },
				"west": { "uv": [ 6.5, 0, 6.75, 0.25 ], "texture": "#ak_atlas" },
				"east": { "uv": [ 6.75, 1.75, 6.5, 2 ], "texture": "#ak_atlas" }
			}
		},
		{
			"__comment": "Voxels",
			"from": [ 8, 8.25, 5.5 ],
			"to": [ 8.25, 8.5, 5.75 ],
			"faces": {
				"down": { "uv": [ 6.5, 2, 6.75, 2.25 ], "texture": "#ak_atlas" },
				"south": { "uv": [ 6.75, 9.25, 7, 9.5 ], "texture": "#ak_atlas" },
				"west": { "uv": [ 6.5, 9.25, 6.75, 9.5 ], "texture": "#ak_atlas" },
				"east": { "uv": [ 6.5, 0.25, 6.25, 0.5 ], "texture": "#ak_atlas" }
			}
		},
		{
			"__comment": "Voxels",
			"from": [ 8, 8.25, 6.25 ],
			"to": [ 8.5, 8.5, 6.5 ],
			"faces": {
				"down": { "uv": [ 8, 9.5, 8.5, 9.75 ], "texture": "#ak_atlas" },
				"north": { "uv": [ 9.5, 9.5, 9, 9.75 ], "texture": "#ak_atlas" },
				"south": { "uv": [ 9.5, 9.5, 10, 9.75 ], "texture": "#ak_atlas" },
				"west": { "uv": [ 6, 0.25, 6.25, 0.5 ], "texture": "#ak_atlas" },
				"east": { "uv": [ 6.5, 2.75, 6.25, 3 ], "texture": "#ak_atlas" }
			}
		},
		{
			"__comment": "Voxels",
			"from": [ 8, 8.25, 7.75 ],
			"to": [ 8.25, 8.5, 8 ],
			"faces": {
				"south": { "uv": [ 6.5, 5.75, 6.75, 6 ], "texture": "#ak_atlas" },
				"west": { "uv": [ 6.5, 6.25, 6.75, 6.5 ], "texture": "#ak_atlas" },
				"east": { "uv": [ 6.75, 3.75, 6.5, 4 ], "texture": "#ak_atlas" }
			}
		},
		{
			"__comment": "Voxels",
			"from": [ 8, 8.5, 3.25 ],
			"to": [ 8.5, 9.5, 3.5 ],
			"faces": {
				"up": { "uv": [ 10, 9.75, 10.5, 9.5 ], "texture": "#ak_atlas" },
				"north": { "uv": [ 4.75, 11, 4.25, 12 ], "texture": "#ak_atlas" },
				"south": { "uv": [ 3.5, 0.5, 4, 1.5 ], "texture": "#ak_atlas" },
				"west": { "uv": [ 9.25, 11, 9.5, 12 ], "texture": "#ak_atlas" },
				"east": { "uv": [ 12, 11, 11.75, 12 ], "texture": "#ak_atlas" }
			}
		},
		{
			"__comment": "Voxels",
			"from": [ 8, 8.5, 3.75 ],
			"to": [ 8.5, 9.5, 4 ],
			"faces": {
				"down": { "uv": [ 10.5, 9.5, 11, 9.75 ], "texture": "#ak_atlas" },
				"up": { "uv": [ 11, 9.75, 11.5, 9.5 ], "texture": "#ak_atlas" },
				"north": { "uv": [ 4, 1.5, 3.5, 2.5 ], "texture": "#ak_atlas" },
				"south": { "uv": [ 3.5, 2.5, 4, 3.5 ], "texture": "#ak_atlas" },
				"west": { "uv": [ 10.5, 11, 10.75, 12 ], "texture": "#ak_atlas" },
				"east": { "uv": [ 12.25, 11, 12, 12 ], "texture": "#ak_atlas" }
			}
		},
		{
			"__comment": "Voxels",
			"from": [ 8, 8.5, 4 ],
			"to": [ 8.5, 8.75, 4.25 ],
			"faces": {
				"down": { "uv": [ 11.5, 9.5, 12, 9.75 ], "texture": "#ak_atlas" },
				"west": { "uv": [ 6, 3.5, 6.25, 3.75 ], "texture": "#ak_atlas" },
				"east": { "uv": [ 6.25, 3.25, 6, 3.5 ], "texture": "#ak_atlas" }
			}
		},
		{
			"__comment": "Voxels",
			"from": [ 8, 8.5, 4.75 ],
			"to": [ 8.5, 9.75, 5.25 ],
			"faces": {
				"down": { "uv": [ 13.5, 11.5, 14, 12 ], "texture": "#ak_atlas" },
				"up": { "uv": [ 11.25, 11.5, 11.75, 11 ], "texture": "#ak_atlas" },
				"south": { "uv": [ 2.75, 4.25, 3.25, 5.5 ], "texture": "#ak_atlas" },
				"east": { "uv": [ 2.75, 0.5, 2.25, 1.75 ], "texture": "#ak_atlas" }
			}
		},
		{
			"__comment": "Voxels",
			"from": [ 8, 8.5, 5.75 ],
			"to": [ 8.5, 8.75, 6 ],
			"faces": {
				"down": { "uv": [ 13.5, 9.5, 14, 9.75 ], "texture": "#ak_atlas" },
				"south": { "uv": [ 15, 9.5, 15.5, 9.75 ], "texture": "#ak_atlas" },
				"west": { "uv": [ 14.25, 9.25, 14.5, 9.5 ], "texture": "#ak_atlas" },
				"east": { "uv": [ 6.75, 6.5, 6.5, 6.75 ], "texture": "#ak_atlas" }
			}
		},
		{
			"__comment": "Voxels",
			"from": [ 8, 8.5, 8.5 ],
			"to": [ 8.5, 8.75, 9 ],
			"faces": {
				"down": { "uv": [ 15.5, 12, 16, 12.5 ], "texture": "#ak_atlas" },
				"north": { "uv": [ 16, 9.5, 15.5, 9.75 ], "texture": "#ak_atlas" },
				"south": { "uv": [ 6, 9.25, 6.5, 9.5 ], "texture": "#ak_atlas" },
				"west": { "uv": [ 6, 9, 6.5, 9.25 ], "texture": "#ak_atlas" },
				"east": { "uv": [ 6.5, 8.75, 6, 9 ], "texture": "#ak_atlas" }
			}
		},
		{
			"__comment": "Voxels",
			"from": [ 8, 8.75, 0.75 ],
			"to": [ 8.5, 9.5, 3.25 ],
			"faces": {
				"down": { "uv": [ 1.5, 6.75, 2, 9.25 ], "texture": "#ak_atlas" },
				"up": { "uv": [ 1.5, 6.75, 2, 4.25 ], "texture": "#ak_atlas" },
				"west": { "uv": [ 9.75, 15.25, 12.25, 16 ], "texture": "#ak_atlas" },
				"east": { "uv": [ 14.75, 15.25, 12.25, 16 ], "texture": "#ak_atlas" }
			}
		},
		{
			"__comment": "Voxels",
			"from": [ 8, 8.75, 10.75 ],
			"to": [ 8.5, 9, 11 ],
			"faces": {
				"down": { "uv": [ 6, 8.5, 6.5, 8.75 ], "texture": "#ak_atlas" },
				"south": { "uv": [ 6, 7.75, 6.5, 8 ], "texture": "#ak_atlas" },
				"west": { "uv": [ 6.25, 3, 6.5, 3.25 ], "texture": "#ak_atlas" },
				"east": { "uv": [ 7.5, 9.25, 7.25, 9.5 ], "texture": "#ak_atlas" }
			}
		},
		{
			"__comment": "Voxels",
			"from": [ 8, 8.75, 11 ],
			"to": [ 8.25, 9, 11.25 ],
			"faces": {
				"down": { "uv": [ 8, 9.25, 8.25, 9.5 ], "texture": "#ak_atlas" },
				"south": { "uv": [ 9.5, 9.25, 9.75, 9.5 ], "texture": "#ak_atlas" },
				"west": { "uv": [ 9.75, 9.25, 10, 9.5 ], "texture": "#ak_atlas" },
				"east": { "uv": [ 10.25, 9.25, 10, 9.5 ], "texture": "#ak_atlas" }
			}
		},
		{
			"__comment": "Voxels",
			"from": [ 8, 8.75, 12.5 ],
			"to": [ 8.25, 9, 12.75 ],
			"faces": {
				"down": { "uv": [ 10.25, 9.25, 10.5, 9.5 ], "texture": "#ak_atlas" },
				"north": { "uv": [ 11.75, 9.25, 11.5, 9.5 ], "texture": "#ak_atlas" },
				"south": { "uv": [ 11.75, 9.25, 12, 9.5 ], "texture": "#ak_atlas" },
				"west": { "uv": [ 12.5, 9.25, 12.75, 9.5 ], "texture": "#ak_atlas" },
				"east": { "uv": [ 13, 9.25, 12.75, 9.5 ], "texture": "#ak_atlas" }
			}
		},
		{
			"__comment": "Voxels",
			"from": [ 8, 8.75, 13.75 ],
			"to": [ 8.25, 10, 14 ],
			"faces": {
				"down": { "uv": [ 13.5, 9.25, 13.75, 9.5 ], "texture": "#ak_atlas" },
				"up": { "uv": [ 13.75, 9.5, 14, 9.25 ], "texture": "#ak_atlas" },
				"north": { "uv": [ 8.75, 10.75, 8.5, 12 ], "texture": "#ak_atlas" },
				"south": { "uv": [ 8.75, 10.75, 9, 12 ], "texture": "#ak_atlas" },
				"west": { "uv": [ 9, 10.75, 9.25, 12 ], "texture": "#ak_atlas" },
				"east": { "uv": [ 3.5, 3, 3.25, 4.25 ], "texture": "#ak_atlas" }
			}
		},
		{
			"__comment": "Voxels",
			"from": [ 8, 9, 11.25 ],
			"to": [ 8.25, 9.5, 12.5 ],
			"faces": {
				"down": { "uv": [ 3.25, 1.75, 3.5, 3 ], "texture": "#ak_atlas" },
				"up": { "uv": [ 3.25, 1.75, 3.5, 0.5 ], "texture": "#ak_atlas" },
				"west": { "uv": [ 9.75, 14.75, 11, 15.25 ], "texture": "#ak_atlas" },
				"east": { "uv": [ 12.25, 14.75, 11, 15.25 ], "texture": "#ak_atlas" }
			}
		},
		{
			"__comment": "Voxels",
			"from": [ 8, 9, 12.75 ],
			"to": [ 8.25, 9.5, 13.75 ],
			"faces": {
				"down": { "uv": [ 13.25, 11, 13.5, 12 ], "texture": "#ak_atlas" },
				"up": { "uv": [ 13, 12, 13.25, 11 ], "texture": "#ak_atlas" },
				"west": { "uv": [ 6.25, 14.75, 7.25, 15.25 ], "texture": "#ak_atlas" },
				"east": { "uv": [ 9.75, 14.75, 8.75, 15.25 ], "texture": "#ak_atlas" }
			}
		},
		{
			"__comment": "Voxels",
			"from": [ 8, 9, 14 ],
			"to": [ 8.25, 10.25, 14.25 ],
			"faces": {
				"down": { "uv": [ 13, 9, 13.25, 9.25 ], "texture": "#ak_atlas" },
				"up": { "uv": [ 13.25, 9.25, 13.5, 9 ], "texture": "#ak_atlas" },
				"north": { "uv": [ 4.75, 2.75, 4.5, 4 ], "texture": "#ak_atlas" },
				"south": { "uv": [ 4.25, 0, 4.5, 1.25 ], "texture": "#ak_atlas" },
				"west": { "uv": [ 4.5, 0, 4.75, 1.25 ], "texture": "#ak_atlas" },
				"east": { "uv": [ 5, 10.75, 4.75, 12 ], "texture": "#ak_atlas" }
			}
		},
		{
			"__comment": "Voxels",
			"from": [ 8, 9, 14.25 ],
			"to": [ 8.25, 9.5, 14.75 ],
			"faces": {
				"down": { "uv": [ 5.25, 2.5, 5.5, 3 ], "texture": "#ak_atlas" },
				"up": { "uv": [ 5.25, 2.5, 5.5, 2 ], "texture": "#ak_atlas" },
				"south": { "uv": [ 5.5, 9.5, 5.75, 10 ], "texture": "#ak_atlas" },
				"west": { "uv": [ 12.5, 11, 13, 11.5 ], "texture": "#ak_atlas" },
				"east": { "uv": [ 13, 11.5, 12.5, 12 ], "texture": "#ak_atlas" }
			}
		},
		{
			"__comment": "Voxels",
			"from": [ 8, 9.25, 0.25 ],
			"to": [ 8.25, 9.5, 0.5 ],
			"faces": {
				"up": { "uv": [ 6.25, 2.75, 6.5, 2.5 ], "texture": "#ak_atlas" },
				"north": { "uv": [ 6.25, 2.25, 6, 2.5 ], "texture": "#ak_atlas" },
				"west": { "uv": [ 6, 2, 6.25, 2.25 ], "texture": "#ak_atlas" },
				"east": { "uv": [ 6.5, 2, 6.25, 2.25 ], "texture": "#ak_atlas" }
			}
		},
		{
			"__comment": "Voxels",
			"from": [ 8, 9.5, 4 ],
			"to": [ 8.25, 9.75, 4.25 ],
			"faces": {
				"up": { "uv": [ 6.25, 2, 6.5, 1.75 ], "texture": "#ak_atlas" },
				"north": { "uv": [ 6.25, 1.5, 6, 1.75 ], "texture": "#ak_atlas" },
				"west": { "uv": [ 6, 1.25, 6.25, 1.5 ], "texture": "#ak_atlas" },
				"east": { "uv": [ 6.5, 1.25, 6.25, 1.5 ], "texture": "#ak_atlas" }
			}
		},
		{
			"__comment": "Voxels",
			"from": [ 8, 9.5, 14.5 ],
			"to": [ 8.25, 9.75, 14.75 ],
			"faces": {
				"up": { "uv": [ 6.25, 1.25, 6.5, 1 ], "texture": "#ak_atlas" },
				"north": { "uv": [ 6.25, 0.75, 6, 1 ], "texture": "#ak_atlas" },
				"south": { "uv": [ 6.25, 0.75, 6.5, 1 ], "texture": "#ak_atlas" },
				"west": { "uv": [ 6, 0.5, 6.25, 0.75 ], "texture": "#ak_atlas" },
				"east": { "uv": [ 6.5, 0.5, 6.25, 0.75 ], "texture": "#ak_atlas" }
			}
		},
		{
			"__comment": "Voxels",
			"from": [ 8, 9.75, 4.25 ],
			"to": [ 8.25, 10, 5.25 ],
			"faces": {
				"down": { "uv": [ 12.25, 11, 12.5, 12 ], "texture": "#ak_atlas" },
				"up": { "uv": [ 10.75, 12, 11, 11 ], "texture": "#ak_atlas" },
				"north": { "uv": [ 6.25, 0, 6, 0.25 ], "texture": "#ak_atlas" },
				"west": { "uv": [ 9.5, 10.75, 10.5, 11 ], "texture": "#ak_atlas" },
				"east": { "uv": [ 10.5, 11, 9.5, 11.25 ], "texture": "#ak_atlas" }
			}
		},
		{
			"__comment": "Voxels",
			"from": [ 8, 9.75, 5.5 ],
			"to": [ 8.25, 10, 8 ],
			"faces": {
				"down": { "uv": [ 2, 6.75, 2.25, 9.25 ], "texture": "#ak_atlas" },
				"up": { "uv": [ 2.5, 4.25, 2.75, 1.75 ], "texture": "#ak_atlas" },
				"west": { "uv": [ 7.75, 14.25, 10.25, 14.5 ], "texture": "#ak_atlas" },
				"east": { "uv": [ 10.25, 14.5, 7.75, 14.75 ], "texture": "#ak_atlas" }
			}
		},
		{
			"__comment": "Voxels",
			"from": [ 8, 9.75, 11 ],
			"to": [ 8.25, 10, 12.25 ],
			"faces": {
				"down": { "uv": [ 4.75, 9.5, 5, 10.75 ], "texture": "#ak_atlas" },
				"up": { "uv": [ 4.75, 7, 5, 5.75 ], "texture": "#ak_atlas" },
				"south": { "uv": [ 9.25, 9.25, 9.5, 9.5 ], "texture": "#ak_atlas" },
				"west": { "uv": [ 13, 12.5, 14.25, 12.75 ], "texture": "#ak_atlas" },
				"east": { "uv": [ 14.25, 12.25, 13, 12.5 ], "texture": "#ak_atlas" }
			}
		},
		{
			"__comment": "Voxels",
			"from": [ 8, 10, 8 ],
			"to": [ 8.25, 10.25, 9.25 ],
			"faces": {
				"down": { "uv": [ 4.75, 4.5, 5, 5.75 ], "texture": "#ak_atlas" },
				"up": { "uv": [ 4.75, 2, 5, 0.75 ], "texture": "#ak_atlas" },
				"north": { "uv": [ 10.75, 9.25, 10.5, 9.5 ], "texture": "#ak_atlas" },
				"south": { "uv": [ 10.75, 9.25, 11, 9.5 ], "texture": "#ak_atlas" },
				"west": { "uv": [ 13, 12, 14.25, 12.25 ], "texture": "#ak_atlas" },
				"east": { "uv": [ 15.5, 12.5, 14.25, 12.75 ], "texture": "#ak_atlas" }
			}
		},
		{
			"__comment": "Voxels",
			"from": [ 8.25, 6, 7.5 ],
			"to": [ 8.5, 6.25, 8 ],
			"faces": {
				"down": { "uv": [ 5.5, 7.5, 5.75, 8 ], "texture": "#ak_atlas" },
				"up": { "uv": [ 5.5, 5.5, 5.75, 5 ], "texture": "#ak_atlas" },
				"north": { "uv": [ 12.25, 9.25, 12, 9.5 ], "texture": "#ak_atlas" },
				"west": { "uv": [ 14.75, 10, 15.25, 10.25 ], "texture": "#ak_atlas" },
				"east": { "uv": [ 15.75, 10, 15.25, 10.25 ], "texture": "#ak_atlas" }
			}
		},
		{
			"__comment": "Voxels",
			"from": [ 8.25, 6.25, 7.75 ],
			"to": [ 8.5, 8, 8 ],
			"faces": {
				"south": { "uv": [ 4.25, 5.5, 4.5, 7.25 ], "texture": "#ak_atlas" },
				"east": { "uv": [ 4.25, 2.5, 4, 4.25 ], "texture": "#ak_atlas" }
			}
		},
		{
			"__comment": "Voxels",
			"from": [ 8.25, 6.5, 7.25 ],
			"to": [ 8.5, 6.75, 7.5 ],
			"faces": {
				"down": { "uv": [ 14.5, 9.25, 14.75, 9.5 ], "texture": "#ak_atlas" },
				"north": { "uv": [ 15.25, 9.25, 15, 9.5 ], "texture": "#ak_atlas" },
				"east": { "uv": [ 16, 9.25, 15.75, 9.5 ], "texture": "#ak_atlas" }
			}
		},
		{
			"__comment": "Voxels",
			"from": [ 8.25, 7, 7 ],
			"to": [ 8.5, 7.25, 7.25 ],
			"faces": {
				"down": { "uv": [ 6.5, 9, 6.75, 9.25 ], "texture": "#ak_atlas" },
				"north": { "uv": [ 6.75, 8.5, 6.5, 8.75 ], "texture": "#ak_atlas" },
				"east": { "uv": [ 6.75, 7.75, 6.5, 8 ], "texture": "#ak_atlas" }
			}
		},
		{
			"__comment": "Voxels",
			"from": [ 8.25, 7.75, 1.25 ],
			"to": [ 8.5, 8, 1.75 ],
			"faces": {
				"down": { "uv": [ 5.5, 1, 5.75, 1.5 ], "texture": "#ak_atlas" },
				"north": { "uv": [ 6.75, 7, 6.5, 7.25 ], "texture": "#ak_atlas" },
				"south": { "uv": [ 6.5, 6.75, 6.75, 7 ], "texture": "#ak_atlas" },
				"west": { "uv": [ 7.25, 9.75, 7.75, 10 ], "texture": "#ak_atlas" },
				"east": { "uv": [ 8.25, 9.75, 7.75, 10 ], "texture": "#ak_atlas" }
			}
		},
		{
			"__comment": "Voxels",
			"from": [ 8.25, 8.25, 0.75 ],
			"to": [ 8.5, 8.75, 2 ],
			"faces": {
				"down": { "uv": [ 5.5, 10.75, 5.75, 12 ], "texture": "#ak_atlas" },
				"south": { "uv": [ 5.5, 9, 5.75, 9.5 ], "texture": "#ak_atlas" },
				"west": { "uv": [ 13.5, 14.75, 14.75, 15.25 ], "texture": "#ak_atlas" },
				"east": { "uv": [ 13.5, 14.75, 12.25, 15.25 ], "texture": "#ak_atlas" }
			}
		},
		{
			"__comment": "Voxels",
			"from": [ 8.25, 8.25, 2.25 ],
			"to": [ 8.5, 8.75, 2.5 ],
			"faces": {
				"down": { "uv": [ 6.5, 4.5, 6.75, 4.75 ], "texture": "#ak_atlas" },
				"north": { "uv": [ 6, 7.25, 5.75, 7.75 ], "texture": "#ak_atlas" },
				"south": { "uv": [ 5.75, 6.75, 6, 7.25 ], "texture": "#ak_atlas" },
				"west": { "uv": [ 5.75, 6.25, 6, 6.75 ], "texture": "#ak_atlas" },
				"east": { "uv": [ 6, 5.75, 5.75, 6.25 ], "texture": "#ak_atlas" }
			}
		},
		{
			"__comment": "Voxels",
			"from": [ 8.25, 8.25, 4.75 ],
			"to": [ 8.5, 8.5, 5.5 ],
			"faces": {
				"down": { "uv": [ 5, 2.25, 5.25, 3 ], "texture": "#ak_atlas" },
				"up": { "uv": [ 5, 3.75, 5.25, 3 ], "texture": "#ak_atlas" },
				"north": { "uv": [ 6.75, 2.5, 6.5, 2.75 ], "texture": "#ak_atlas" },
				"south": { "uv": [ 6.5, 2.25, 6.75, 2.5 ], "texture": "#ak_atlas" },
				"west": { "uv": [ 11.5, 10, 12.25, 10.25 ], "texture": "#ak_atlas" },
				"east": { "uv": [ 12.75, 10.25, 12, 10.5 ], "texture": "#ak_atlas" }
			}
		},
		{
			"__comment": "Voxels",
			"from": [ 8.25, 8.5, 2 ],
			"to": [ 8.5, 8.75, 2.25 ],
			"faces": {
				"west": { "uv": [ 6.5, 0.5, 6.75, 0.75 ], "texture": "#ak_atlas" },
				"east": { "uv": [ 6.75, 0.25, 6.5, 0.5 ], "texture": "#ak_atlas" }
			}
		},
		{
			"__comment": "Voxels",
			"from": [ 8.25, 8.5, 2.5 ],
			"to": [ 8.5, 8.75, 3.25 ],
			"faces": {
				"down": { "uv": [ 5, 6.75, 5.25, 7.5 ], "texture": "#ak_atlas" },
				"west": { "uv": [ 10.75, 10, 11.5, 10.25 ], "texture": "#ak_atlas" },
				"east": { "uv": [ 10.75, 10, 10, 10.25 ], "texture": "#ak_atlas" }
			}
		},
		{
			"__comment": "Voxels",
			"from": [ 8.25, 8.5, 3.5 ],
			"to": [ 8.5, 9.5, 3.75 ],
			"faces": {
				"down": { "uv": [ 8, 9, 8.25, 9.25 ], "texture": "#ak_atlas" },
				"up": { "uv": [ 8.25, 9.25, 8.5, 9 ], "texture": "#ak_atlas" },
				"east": { "uv": [ 14.75, 11, 14.5, 12 ], "texture": "#ak_atlas" }
			}
		},
		{
			"__comment": "Voxels",
			"from": [ 8.25, 8.5, 5.25 ],
			"to": [ 8.5, 9.75, 5.5 ],
			"faces": {
				"up": { "uv": [ 9.75, 9.25, 10, 9 ], "texture": "#ak_atlas" },
				"east": { "uv": [ 7, 10.75, 6.75, 12 ], "texture": "#ak_atlas" }
			}
		},
		{
			"__comment": "Voxels",
			"from": [ 8.25, 9, 12.25 ],
			"to": [ 8.5, 9.75, 12.5 ],
			"faces": {
				"down": { "uv": [ 11, 9, 11.25, 9.25 ], "texture": "#ak_atlas" },
				"up": { "uv": [ 11.25, 9.25, 11.5, 9 ], "texture": "#ak_atlas" },
				"north": { "uv": [ 5.5, 6.5, 5.25, 7.25 ], "texture": "#ak_atlas" },
				"south": { "uv": [ 5.25, 7.25, 5.5, 8 ], "texture": "#ak_atlas" },
				"west": { "uv": [ 5.25, 9.5, 5.5, 10.25 ], "texture": "#ak_atlas" },
				"east": { "uv": [ 5.25, 0, 5, 0.75 ], "texture": "#ak_atlas" }
			}
		},
		{
			"__comment": "Voxels",
			"from": [ 8.5, 9, 9.25 ],
			"to": [ 8.75, 9.5, 10.75 ],
			"faces": {
				"down": { "uv": [ 4.25, 4, 4.5, 5.5 ], "texture": "#ak_atlas" },
				"up": { "uv": [ 4.5, 5.5, 4.75, 4 ], "texture": "#ak_atlas" },
				"north": { "uv": [ 6, 5.25, 5.75, 5.75 ], "texture": "#ak_atlas" },
				"south": { "uv": [ 5.75, 4.75, 6, 5.25 ], "texture": "#ak_atlas" },
				"west": { "uv": [ 7.25, 14.75, 8.75, 15.25 ], "texture": "#ak_atlas" },
				"east": { "uv": [ 6.25, 14.75, 4.75, 15.25 ], "texture": "#ak_atlas" }
			}
		}
	],
	"display": {
		"thirdperson_righthand": {
			"rotation":  [ 0, -180, 0 ],
			"translation":  [ 0, 0, -2.086 ],
			"scale":  [ 1.4, 1.4, 1.4 ]
		},
		"thirdperson_lefthand": {
			"scale":  [ 0.0001, 0.0001, 0.0001 ]
		},
		"firstperson_righthand": {
			"rotation":  [ 0, -175, 0 ],
			"translation":  [ -6.956, 3.3, 1.4956 ],
			"scale":  [ 1.5, 1.5, 1.5 ]
		},
		"firstperson_lefthand": {
			"scale":  [ 0.0001, 0.0001, 0.0001 ]
		},
		"gui": {
			"rotation":  [ -90, 44, 91 ],
			"translation":  [ 1.3913, 0, 0 ],
			"scale":  [ 1.5, 1.5, 1.5 ]
		},
		"head": {
			"rotation":  [ 0, 0, 90 ],
			"translation":  [ 0, -45, 0 ],
			"scale":  [ 2, 2, 2 ]
		}
	}
}