{
	"__comment": "Designed by EFM",
	"textures": {
		"particle": "blocks/particle",
		"texture": "blocks/texture",
		"mp5_atlas": "efm/mp5_nomods"
	},
	"elements": [ 	 
		{
			"__comment": "Voxels",
			"from": [ -1.25, 7, 7.75 ],
			"to": [ -0.5, 8.25, 8.25 ],
			"faces": {
				"down": { "uv": [ 2.75, 4, 3.125, 4.25 ], "texture": "#mp5_atlas" },
				"up": { "uv": [ 2.375, 9.625, 2.75, 9.375 ], "texture": "#mp5_atlas" },
				"north": { "uv": [ 2.625, 10, 2.25, 10.625 ], "texture": "#mp5_atlas" },
				"south": { "uv": [ 0, 6.125, 0.375, 6.75 ], "texture": "#mp5_atlas" },
				"west": { "uv": [ 0.25, 0.875, 0.5, 1.5 ], "texture": "#mp5_atlas" },
				"east": { "uv": [ 0.25, 0.375, 0, 1 ], "texture": "#mp5_atlas" }
			}
		},
		{
			"__comment": "Voxels",
			"from": [ -1.25, 7.5, 7.5 ],
			"to": [ -0.25, 8.25, 7.75 ],
			"faces": {
				"down": { "uv": [ 15.5, 12.75, 16, 12.875 ], "texture": "#mp5_atlas" },
				"up": { "uv": [ 15.5, 12.75, 16, 12.625 ], "texture": "#mp5_atlas" },
				"north": { "uv": [ 2.75, 9.625, 2.25, 10 ], "texture": "#mp5_atlas" },
				"south": { "uv": [ 2.25, 5.25, 2.75, 5.625 ], "texture": "#mp5_atlas" },
				"west": { "uv": [ 2.625, 9, 2.75, 9.375 ], "texture": "#mp5_atlas" },
				"east": { "uv": [ 3.375, 8.75, 3.25, 9.125 ], "texture": "#mp5_atlas" }
			}
		},
		{
			"__comment": "Voxels",
			"from": [ -1.25, 7.5, 8.25 ],
			"to": [ -0.25, 8.25, 8.5 ],
			"faces": {
				"down": { "uv": [ 2.25, 7.75, 2.75, 7.875 ], "texture": "#mp5_atlas" },
				"up": { "uv": [ 2.25, 7.75, 2.75, 7.625 ], "texture": "#mp5_atlas" },
				"north": { "uv": [ 2.75, 4.375, 2.25, 4.75 ], "texture": "#mp5_atlas" },
				"south": { "uv": [ 0, 3, 0.5, 3.375 ], "texture": "#mp5_atlas" },
				"west": { "uv": [ 3.25, 8.375, 3.375, 8.75 ], "texture": "#mp5_atlas" },
				"east": { "uv": [ 3.375, 8, 3.25, 8.375 ], "texture": "#mp5_atlas" }
			}
		},
		{
			"__comment": "Voxels",
			"from": [ -1, 7, 7.5 ],
			"to": [ -0.5, 7.5, 7.75 ],
			"faces": {
				"down": { "uv": [ 4.375, 5.125, 4.625, 5.25 ], "texture": "#mp5_atlas" },
				"north": { "uv": [ 2.75, 11.125, 2.5, 11.375 ], "texture": "#mp5_atlas" },
				"west": { "uv": [ 4.5, 5.25, 4.625, 5.5 ], "texture": "#mp5_atlas" },
				"east": { "uv": [ 4.5, 4.75, 4.375, 5 ], "texture": "#mp5_atlas" }
			}
		},
		{
			"__comment": "Voxels",
			"from": [ -1, 7, 8.25 ],
			"to": [ -0.5, 7.5, 8.5 ],
			"faces": {
				"down": { "uv": [ 4.375, 4.625, 4.625, 4.75 ], "texture": "#mp5_atlas" },
				"south": { "uv": [ 2.5, 2.5, 2.75, 2.75 ], "texture": "#mp5_atlas" },
				"west": { "uv": [ 4.5, 4.375, 4.625, 4.625 ], "texture": "#mp5_atlas" },
				"east": { "uv": [ 4.5, 3.75, 4.375, 4 ], "texture": "#mp5_atlas" }
			}
		},
		{
			"__comment": "Voxels",
			"from": [ -1, 8.25, 7.5 ],
			"to": [ -0.25, 10.25, 8.5 ],
			"faces": {
				"down": { "uv": [ 0, 2.5, 0.375, 3 ], "texture": "#mp5_atlas" },
				"up": { "uv": [ 0.375, 3, 0.75, 2.5 ], "texture": "#mp5_atlas" },
				"north": { "uv": [ 2.25, 9.625, 1.875, 10.625 ], "texture": "#mp5_atlas" },
				"south": { "uv": [ 0, 9.625, 0.375, 10.625 ], "texture": "#mp5_atlas" },
				"west": { "uv": [ 0, 10.625, 0.5, 11.625 ], "texture": "#mp5_atlas" },
				"east": { "uv": [ 1, 10.625, 0.5, 11.625 ], "texture": "#mp5_atlas" }
			}
		},
		{
			"__comment": "Voxels",
			"from": [ -1, 8.5, 7.25 ],
			"to": [ -0.5, 10.25, 7.5 ],
			"faces": {
				"down": { "uv": [ 4.375, 3.625, 4.625, 3.75 ], "texture": "#mp5_atlas" },
				"up": { "uv": [ 4.375, 3.125, 4.625, 3 ], "texture": "#mp5_atlas" },
				"north": { "uv": [ 0.25, 4.25, 0, 5.125 ], "texture": "#mp5_atlas" },
				"west": { "uv": [ 3.125, 8.25, 3.25, 9.125 ], "texture": "#mp5_atlas" },
				"east": { "uv": [ 3, 8.25, 2.875, 9.125 ], "texture": "#mp5_atlas" }
			}
		},
		{
			"__comment": "Voxels",
			"from": [ -1, 8.5, 8.5 ],
			"to": [ -0.5, 10.25, 8.75 ],
			"faces": {
				"down": { "uv": [ 4.375, 2.875, 4.625, 3 ], "texture": "#mp5_atlas" },
				"up": { "uv": [ 4.375, 2.875, 4.625, 2.75 ], "texture": "#mp5_atlas" },
				"south": { "uv": [ 0, 5.125, 0.25, 6 ], "texture": "#mp5_atlas" },
				"west": { "uv": [ 3, 8.25, 3.125, 9.125 ], "texture": "#mp5_atlas" },
				"east": { "uv": [ 2.875, 8.25, 2.75, 9.125 ], "texture": "#mp5_atlas" }
			}
		},
		{
			"__comment": "Voxels",
			"from": [ -1, 9, 7 ],
			"to": [ 0, 9.75, 7.25 ],
			"faces": {
				"down": { "uv": [ 15.5, 11.875, 16, 12 ], "texture": "#mp5_atlas" },
				"up": { "uv": [ 15.5, 11.875, 16, 11.75 ], "texture": "#mp5_atlas" },
				"north": { "uv": [ 1, 3, 0.5, 3.375 ], "texture": "#mp5_atlas" },
				"south": { "uv": [ 1, 3, 1.5, 3.375 ], "texture": "#mp5_atlas" },
				"west": { "uv": [ 3.25, 6.125, 3.375, 6.5 ], "texture": "#mp5_atlas" },
				"east": { "uv": [ 3.375, 5.75, 3.25, 6.125 ], "texture": "#mp5_atlas" }
			}
		},
		{
			"__comment": "Voxels",
			"from": [ -1, 9, 8.75 ],
			"to": [ 0, 9.75, 9 ],
			"faces": {
				"down": { "uv": [ 13.875, 10.5, 14.375, 10.625 ], "texture": "#mp5_atlas" },
				"up": { "uv": [ 14.375, 10.625, 14.875, 10.5 ], "texture": "#mp5_atlas" },
				"north": { "uv": [ 2, 3, 1.5, 3.375 ], "texture": "#mp5_atlas" },
				"south": { "uv": [ 0.625, 2.125, 1.125, 2.5 ], "texture": "#mp5_atlas" },
				"west": { "uv": [ 3.25, 5.375, 3.375, 5.75 ], "texture": "#mp5_atlas" },
				"east": { "uv": [ 3.375, 5, 3.25, 5.375 ], "texture": "#mp5_atlas" }
			}
		},
		{
			"__comment": "Voxels",
			"from": [ -0.75, 9.75, 7 ],
			"to": [ 0, 10, 7.25 ],
			"faces": {
				"up": { "uv": [ 2.375, 2.25, 2.75, 2.125 ], "texture": "#mp5_atlas" },
				"north": { "uv": [ 16, 11.375, 15.625, 11.5 ], "texture": "#mp5_atlas" },
				"south": { "uv": [ 15.625, 11.25, 16, 11.375 ], "texture": "#mp5_atlas" },
				"west": { "uv": [ 4.25, 6.625, 4.375, 6.75 ], "texture": "#mp5_atlas" },
				"east": { "uv": [ 4.375, 7, 4.25, 7.125 ], "texture": "#mp5_atlas" }
			}
		},
		{
			"__comment": "Voxels",
			"from": [ -0.75, 9.75, 8.75 ],
			"to": [ 0, 10, 9 ],
			"faces": {
				"up": { "uv": [ 15.625, 11, 16, 10.875 ], "texture": "#mp5_atlas" },
				"north": { "uv": [ 16, 10.75, 15.625, 10.875 ], "texture": "#mp5_atlas" },
				"south": { "uv": [ 15.625, 10.625, 16, 10.75 ], "texture": "#mp5_atlas" },
				"west": { "uv": [ 4.25, 7.125, 4.375, 7.25 ], "texture": "#mp5_atlas" },
				"east": { "uv": [ 4.375, 7.25, 4.25, 7.375 ], "texture": "#mp5_atlas" }
			}
		},
		{
			"__comment": "Voxels",
			"from": [ -0.75, 10, 7 ],
			"to": [ -0.25, 10.25, 7.25 ],
			"faces": {
				"up": { "uv": [ 4.375, 2.5, 4.625, 2.375 ], "texture": "#mp5_atlas" },
				"north": { "uv": [ 4.625, 2.25, 4.375, 2.375 ], "texture": "#mp5_atlas" },
				"south": { "uv": [ 4.375, 2.125, 4.625, 2.25 ], "texture": "#mp5_atlas" },
				"west": { "uv": [ 4.25, 7.375, 4.375, 7.5 ], "texture": "#mp5_atlas" },
				"east": { "uv": [ 4.375, 7.75, 4.25, 7.875 ], "texture": "#mp5_atlas" }
			}
		},
		{
			"__comment": "Voxels",
			"from": [ -0.75, 10, 8.75 ],
			"to": [ -0.25, 10.25, 9 ],
			"faces": {
				"up": { "uv": [ 4.375, 0.5, 4.625, 0.375 ], "texture": "#mp5_atlas" },
				"north": { "uv": [ 4.625, 0.25, 4.375, 0.375 ], "texture": "#mp5_atlas" },
				"south": { "uv": [ 4.375, 0.125, 4.625, 0.25 ], "texture": "#mp5_atlas" },
				"west": { "uv": [ 4.25, 7.875, 4.375, 8 ], "texture": "#mp5_atlas" },
				"east": { "uv": [ 4.375, 8, 4.25, 8.125 ], "texture": "#mp5_atlas" }
			}
		},
		{
			"__comment": "Voxels",
			"from": [ -0.75, 10.25, 7.25 ],
			"to": [ -0.25, 10.5, 8.75 ],
			"faces": {
				"down": { "uv": [ 0, 1, 0.25, 1.75 ], "texture": "#mp5_atlas" },
				"up": { "uv": [ 0, 2.5, 0.25, 1.75 ], "texture": "#mp5_atlas" },
				"north": { "uv": [ 4.625, 0, 4.375, 0.125 ], "texture": "#mp5_atlas" },
				"south": { "uv": [ 4.625, 9.5, 4.875, 9.625 ], "texture": "#mp5_atlas" },
				"west": { "uv": [ 14.5, 12.25, 15.25, 12.375 ], "texture": "#mp5_atlas" },
				"east": { "uv": [ 16, 12.25, 15.25, 12.375 ], "texture": "#mp5_atlas" }
			}
		},
		{
			"__comment": "Voxels",
			"from": [ -0.5, 7.25, 7.75 ],
			"to": [ -0.25, 8.25, 8.25 ],
			"faces": {
				"down": { "uv": [ 4.625, 9.25, 4.75, 9.5 ], "texture": "#mp5_atlas" },
				"north": { "uv": [ 0.625, 0.375, 0.5, 0.875 ], "texture": "#mp5_atlas" },
				"south": { "uv": [ 3.25, 9.125, 3.375, 9.625 ], "texture": "#mp5_atlas" },
				"east": { "uv": [ 16, 15, 15.75, 15.5 ], "texture": "#mp5_atlas" }
			}
		},
		{
			"__comment": "Voxels",
			"from": [ -0.5, 8.75, 7.25 ],
			"to": [ 0, 10.25, 7.5 ],
			"faces": {
				"down": { "uv": [ 4.625, 8.875, 4.875, 9 ], "texture": "#mp5_atlas" },
				"up": { "uv": [ 4.625, 8.875, 4.875, 8.75 ], "texture": "#mp5_atlas" },
				"north": { "uv": [ 2.75, 3.375, 2.5, 4.125 ], "texture": "#mp5_atlas" },
				"south": { "uv": [ 2.25, 3.375, 2.5, 4.125 ], "texture": "#mp5_atlas" },
				"east": { "uv": [ 3, 4.875, 2.875, 5.625 ], "texture": "#mp5_atlas" }
			}
		},
		{
			"__comment": "Voxels",
			"from": [ -0.5, 8.75, 8.5 ],
			"to": [ 0, 10.25, 8.75 ],
			"faces": {
				"down": { "uv": [ 4.625, 8.125, 4.875, 8.25 ], "texture": "#mp5_atlas" },
				"up": { "uv": [ 4.625, 8.125, 4.875, 8 ], "texture": "#mp5_atlas" },
				"north": { "uv": [ 2.25, 3.375, 2, 4.125 ], "texture": "#mp5_atlas" },
				"south": { "uv": [ 1.75, 3.375, 2, 4.125 ], "texture": "#mp5_atlas" },
				"east": { "uv": [ 3.25, 4.875, 3.125, 5.625 ], "texture": "#mp5_atlas" }
			}
		},
		{
			"__comment": "Voxels",
			"from": [ -0.25, 8.75, 7.5 ],
			"to": [ 0, 9.5, 7.75 ],
			"faces": {
				"down": { "uv": [ 4.25, 8.125, 4.375, 8.25 ], "texture": "#mp5_atlas" },
				"up": { "uv": [ 4.25, 8.625, 4.375, 8.5 ], "texture": "#mp5_atlas" },
				"south": { "uv": [ 3.25, 4.25, 3.375, 4.625 ], "texture": "#mp5_atlas" },
				"east": { "uv": [ 3.375, 3.5, 3.25, 3.875 ], "texture": "#mp5_atlas" }
			}
		},
		{
			"__comment": "Voxels",
			"from": [ -0.25, 8.75, 8.25 ],
			"to": [ 0, 9.5, 8.5 ],
			"faces": {
				"down": { "uv": [ 4.25, 8.625, 4.375, 8.75 ], "texture": "#mp5_atlas" },
				"up": { "uv": [ 4.25, 8.875, 4.375, 8.75 ], "texture": "#mp5_atlas" },
				"north": { "uv": [ 3.375, 3.125, 3.25, 3.5 ], "texture": "#mp5_atlas" },
				"east": { "uv": [ 3.375, 2, 3.25, 2.375 ], "texture": "#mp5_atlas" }
			}
		},
		{
			"__comment": "Voxels",
			"from": [ -0.25, 9.75, 7.5 ],
			"to": [ 0, 10.5, 7.75 ],
			"faces": {
				"down": { "uv": [ 4.25, 8.875, 4.375, 9 ], "texture": "#mp5_atlas" },
				"up": { "uv": [ 3.75, 5, 3.875, 4.875 ], "texture": "#mp5_atlas" },
				"north": { "uv": [ 3.375, 1.625, 3.25, 2 ], "texture": "#mp5_atlas" },
				"south": { "uv": [ 3.25, 1.25, 3.375, 1.625 ], "texture": "#mp5_atlas" },
				"west": { "uv": [ 3.25, 0.875, 3.375, 1.25 ], "texture": "#mp5_atlas" },
				"east": { "uv": [ 3.375, 0.5, 3.25, 0.875 ], "texture": "#mp5_atlas" }
			}
		},
		{
			"__comment": "Voxels",
			"from": [ -0.25, 9.75, 8.25 ],
			"to": [ 0, 10.5, 8.5 ],
			"faces": {
				"down": { "uv": [ 4.625, 0.625, 4.75, 0.75 ], "texture": "#mp5_atlas" },
				"up": { "uv": [ 15.875, 10.625, 16, 10.5 ], "texture": "#mp5_atlas" },
				"north": { "uv": [ 3.375, 0.125, 3.25, 0.5 ], "texture": "#mp5_atlas" },
				"south": { "uv": [ 3.625, 4.875, 3.75, 5.25 ], "texture": "#mp5_atlas" },
				"west": { "uv": [ 3.75, 5.25, 3.875, 5.625 ], "texture": "#mp5_atlas" },
				"east": { "uv": [ 3.75, 5.25, 3.625, 5.625 ], "texture": "#mp5_atlas" }
			}
		},
		{
			"__comment": "Voxels",
			"from": [ -0.25, 10, 7.75 ],
			"to": [ 0.25, 10.25, 8.25 ],
			"faces": {
				"down": { "uv": [ 3.375, 5.625, 3.625, 5.875 ], "texture": "#mp5_atlas" },
				"up": { "uv": [ 3.375, 5.625, 3.625, 5.375 ], "texture": "#mp5_atlas" },
				"north": { "uv": [ 4.875, 5.625, 4.625, 5.75 ], "texture": "#mp5_atlas" },
				"south": { "uv": [ 4.625, 5.5, 4.875, 5.625 ], "texture": "#mp5_atlas" },
				"east": { "uv": [ 4.875, 5, 4.625, 5.125 ], "texture": "#mp5_atlas" }
			}
		},
		{
			"__comment": "Voxels",
			"from": [ -0.25, 10.25, 7.75 ],
			"to": [ 0, 10.5, 8.25 ],
			"faces": {
				"up": { "uv": [ 4.75, 4.5, 4.875, 4.25 ], "texture": "#mp5_atlas" },
				"east": { "uv": [ 4.875, 4, 4.625, 4.125 ], "texture": "#mp5_atlas" }
			}
		},
		{
			"__comment": "Voxels",
			"from": [ 0, 9, 7.25 ],
			"to": [ 0.25, 10.25, 7.5 ],
			"faces": {
				"down": { "uv": [ 15.875, 12.875, 16, 13 ], "texture": "#mp5_atlas" },
				"up": { "uv": [ 15.875, 13.375, 16, 13.25 ], "texture": "#mp5_atlas" },
				"north": { "uv": [ 2.75, 10, 2.625, 10.625 ], "texture": "#mp5_atlas" },
				"south": { "uv": [ 0.5, 0.875, 0.625, 1.5 ], "texture": "#mp5_atlas" },
				"east": { "uv": [ 3, 2.375, 2.875, 3 ], "texture": "#mp5_atlas" }
			}
		},
		{
			"__comment": "Voxels",
			"from": [ 0, 9, 8.5 ],
			"to": [ 0.25, 10.25, 8.75 ],
			"faces": {
				"down": { "uv": [ 15.875, 13.375, 16, 13.5 ], "texture": "#mp5_atlas" },
				"up": { "uv": [ 15.875, 13.625, 16, 13.5 ], "texture": "#mp5_atlas" },
				"north": { "uv": [ 3.125, 2.375, 3, 3 ], "texture": "#mp5_atlas" },
				"south": { "uv": [ 3.125, 2.375, 3.25, 3 ], "texture": "#mp5_atlas" },
				"east": { "uv": [ 3, 1.75, 2.875, 2.375 ], "texture": "#mp5_atlas" }
			}
		},
		{
			"__comment": "Voxels",
			"from": [ 0, 9.5, 7 ],
			"to": [ 6.25, 9.75, 7.25 ],
			"faces": {
				"down": { "uv": [ 12.5, 11, 15.625, 11.125 ], "texture": "#mp5_atlas" },
				"up": { "uv": [ 12.75, 13.125, 15.875, 13 ], "texture": "#mp5_atlas" },
				"north": { "uv": [ 15.875, 13.125, 12.75, 13.25 ], "texture": "#mp5_atlas" },
				"south": { "uv": [ 12.75, 13.25, 15.875, 13.375 ], "texture": "#mp5_atlas" },
				"east": { "uv": [ 5, 0.625, 4.875, 0.75 ], "texture": "#mp5_atlas" }
			}
		},
		{
			"__comment": "Voxels",
			"from": [ 0, 9.5, 8.75 ],
			"to": [ 6.25, 9.75, 9 ],
			"faces": {
				"down": { "uv": [ 12.75, 12.875, 15.875, 13 ], "texture": "#mp5_atlas" },
				"up": { "uv": [ 12.5, 11.5, 15.625, 11.375 ], "texture": "#mp5_atlas" },
				"north": { "uv": [ 15.625, 11.25, 12.5, 11.375 ], "texture": "#mp5_atlas" },
				"south": { "uv": [ 12.5, 11.125, 15.625, 11.25 ], "texture": "#mp5_atlas" },
				"east": { "uv": [ 5, 1.375, 4.875, 1.5 ], "texture": "#mp5_atlas" }
			}
		},
		{
			"__comment": "Voxels",
			"from": [ 0, 10, 7.5 ],
			"to": [ 0.25, 10.25, 7.75 ],
			"faces": {
				"down": { "uv": [ 4.875, 1.5, 5, 1.625 ], "texture": "#mp5_atlas" },
				"up": { "uv": [ 4.875, 2, 5, 1.875 ], "texture": "#mp5_atlas" },
				"east": { "uv": [ 5, 3.875, 4.875, 4 ], "texture": "#mp5_atlas" }
			}
		},
		{
			"__comment": "Voxels",
			"from": [ 0, 10, 8.25 ],
			"to": [ 0.25, 10.25, 8.5 ],
			"faces": {
				"down": { "uv": [ 4.875, 4, 5, 4.125 ], "texture": "#mp5_atlas" },
				"up": { "uv": [ 4.875, 4.25, 5, 4.125 ], "texture": "#mp5_atlas" },
				"east": { "uv": [ 5, 5.375, 4.875, 5.5 ], "texture": "#mp5_atlas" }
			}
		},
		{
			"__comment": "Voxels",
			"from": [ 0.25, 9.5, 7.25 ],
			"to": [ 14.25, 9.75, 7.5 ],
			"faces": {
				"down": { "uv": [ 7, 13.75, 14, 13.875 ], "texture": "#mp5_atlas" },
				"up": { "uv": [ 7, 13.75, 14, 13.625 ], "texture": "#mp5_atlas" },
				"north": { "uv": [ 7, 13.5, 0, 13.625 ], "texture": "#mp5_atlas" },
				"south": { "uv": [ 7, 13.5, 14, 13.625 ], "texture": "#mp5_atlas" },
				"east": { "uv": [ 5, 6.125, 4.875, 6.25 ], "texture": "#mp5_atlas" }
			}
		},
		{
			"__comment": "Voxels",
			"from": [ 0.25, 9.5, 8.5 ],
			"to": [ 14.25, 9.75, 8.75 ],
			"faces": {
				"down": { "uv": [ 0, 13.375, 7, 13.5 ], "texture": "#mp5_atlas" },
				"up": { "uv": [ 7, 13.5, 14, 13.375 ], "texture": "#mp5_atlas" },
				"north": { "uv": [ 14, 13.875, 7, 14 ], "texture": "#mp5_atlas" },
				"south": { "uv": [ 0, 13.875, 7, 14 ], "texture": "#mp5_atlas" },
				"east": { "uv": [ 5, 7.125, 4.875, 7.25 ], "texture": "#mp5_atlas" }
			}
		},
		{
			"__comment": "Voxels",
			"from": [ 4, 9, 7.75 ],
			"to": [ 9.5, 9.5, 8.25 ],
			"faces": {
				"down": { "uv": [ 12.625, 14.5, 15.375, 14.75 ], "texture": "#mp5_atlas" },
				"up": { "uv": [ 0, 12.375, 2.75, 12.125 ], "texture": "#mp5_atlas" },
				"north": { "uv": [ 15.375, 14.75, 12.625, 15 ], "texture": "#mp5_atlas" },
				"south": { "uv": [ 12.75, 14, 15.5, 14.25 ], "texture": "#mp5_atlas" },
				"west": { "uv": [ 3.375, 4.125, 3.625, 4.375 ], "texture": "#mp5_atlas" },
				"east": { "uv": [ 3.625, 3.875, 3.375, 4.125 ], "texture": "#mp5_atlas" }
			}
		},
		{
			"__comment": "Voxels",
			"from": [ 4, 9.5, 7.75 ],
			"to": [ 4.75, 10, 8.25 ],
			"faces": {
				"up": { "uv": [ 2.75, 7, 3.125, 6.75 ], "texture": "#mp5_atlas" },
				"north": { "uv": [ 3.125, 6.5, 2.75, 6.75 ], "texture": "#mp5_atlas" },
				"south": { "uv": [ 2.75, 6.25, 3.125, 6.5 ], "texture": "#mp5_atlas" },
				"west": { "uv": [ 3.375, 3.625, 3.625, 3.875 ], "texture": "#mp5_atlas" },
				"east": { "uv": [ 3.625, 3.375, 3.375, 3.625 ], "texture": "#mp5_atlas" }
			}
		},
		{
			"__comment": "Voxels",
			"from": [ 4.25, 8.75, 7.75 ],
			"to": [ 14.75, 9, 8.25 ],
			"faces": {
				"down": { "uv": [ 0, 14.25, 5.25, 14.5 ], "texture": "#mp5_atlas" },
				"up": { "uv": [ 5.25, 14.5, 10.5, 14.25 ], "texture": "#mp5_atlas" },
				"north": { "uv": [ 13.25, 11.75, 8, 11.875 ], "texture": "#mp5_atlas" },
				"south": { "uv": [ 2.75, 11.75, 8, 11.875 ], "texture": "#mp5_atlas" },
				"west": { "uv": [ 4.625, 2.875, 4.875, 3 ], "texture": "#mp5_atlas" },
				"east": { "uv": [ 4.875, 2.75, 4.625, 2.875 ], "texture": "#mp5_atlas" }
			}
		},
		{
			"__comment": "Voxels",
			"from": [ 4.25, 9.25, 7.5 ],
			"to": [ 17, 9.5, 7.75 ],
			"faces": {
				"down": { "uv": [ 6.375, 13.25, 12.75, 13.375 ], "texture": "#mp5_atlas" },
				"up": { "uv": [ 0, 13.375, 6.375, 13.25 ], "texture": "#mp5_atlas" },
				"north": { "uv": [ 6.375, 13.125, 0, 13.25 ], "texture": "#mp5_atlas" },
				"south": { "uv": [ 0, 12.875, 6.375, 13 ], "texture": "#mp5_atlas" },
				"west": { "uv": [ 4.875, 7.25, 5, 7.375 ], "texture": "#mp5_atlas" },
				"east": { "uv": [ 5, 7.875, 4.875, 8 ], "texture": "#mp5_atlas" }
			}
		},
		{
			"__comment": "Voxels",
			"from": [ 4.25, 9.25, 8.25 ],
			"to": [ 17, 9.5, 8.5 ],
			"faces": {
				"down": { "uv": [ 6.375, 13, 12.75, 13.125 ], "texture": "#mp5_atlas" },
				"up": { "uv": [ 0, 13.125, 6.375, 13 ], "texture": "#mp5_atlas" },
				"north": { "uv": [ 12.75, 13.125, 6.375, 13.25 ], "texture": "#mp5_atlas" },
				"south": { "uv": [ 6.375, 12.875, 12.75, 13 ], "texture": "#mp5_atlas" },
				"west": { "uv": [ 4.875, 8.25, 5, 8.375 ], "texture": "#mp5_atlas" },
				"east": { "uv": [ 5, 8.375, 4.875, 8.5 ], "texture": "#mp5_atlas" }
			}
		},
		{
			"__comment": "Voxels",
			"from": [ 4.25, 9.5, 7.5 ],
			"to": [ 4.75, 10, 7.75 ],
			"faces": {
				"up": { "uv": [ 4.625, 2.625, 4.875, 2.5 ], "texture": "#mp5_atlas" },
				"north": { "uv": [ 3.625, 2.375, 3.375, 2.625 ], "texture": "#mp5_atlas" },
				"west": { "uv": [ 4.625, 2.25, 4.75, 2.5 ], "texture": "#mp5_atlas" },
				"east": { "uv": [ 4.875, 2.25, 4.75, 2.5 ], "texture": "#mp5_atlas" }
			}
		},
		{
			"__comment": "Voxels",
			"from": [ 4.25, 9.5, 8.25 ],
			"to": [ 4.75, 10, 8.5 ],
			"faces": {
				"up": { "uv": [ 2.5, 1.625, 2.75, 1.5 ], "texture": "#mp5_atlas" },
				"south": { "uv": [ 3.375, 1.625, 3.625, 1.875 ], "texture": "#mp5_atlas" },
				"west": { "uv": [ 2.625, 5.625, 2.75, 5.875 ], "texture": "#mp5_atlas" },
				"east": { "uv": [ 2.75, 2.75, 2.625, 3 ], "texture": "#mp5_atlas" }
			}
		},
		{
			"__comment": "Voxels",
			"from": [ 4.5, 9, 7.5 ],
			"to": [ 16.25, 9.25, 7.75 ],
			"faces": {
				"down": { "uv": [ 5.875, 12.625, 11.75, 12.75 ], "texture": "#mp5_atlas" },
				"north": { "uv": [ 5.875, 12.75, 0, 12.875 ], "texture": "#mp5_atlas" },
				"south": { "uv": [ 5.875, 12.5, 11.75, 12.625 ], "texture": "#mp5_atlas" },
				"west": { "uv": [ 4.875, 9, 5, 9.125 ], "texture": "#mp5_atlas" },
				"east": { "uv": [ 4.875, 0, 4.75, 0.125 ], "texture": "#mp5_atlas" }
			}
		},
		{
			"__comment": "Voxels",
			"from": [ 4.5, 9, 8.25 ],
			"to": [ 16.25, 9.25, 8.5 ],
			"faces": {
				"down": { "uv": [ 0, 12.5, 5.875, 12.625 ], "texture": "#mp5_atlas" },
				"north": { "uv": [ 11.75, 12.75, 5.875, 12.875 ], "texture": "#mp5_atlas" },
				"south": { "uv": [ 5.875, 12.375, 11.75, 12.5 ], "texture": "#mp5_atlas" },
				"west": { "uv": [ 4.625, 0, 4.75, 0.125 ], "texture": "#mp5_atlas" },
				"east": { "uv": [ 4.875, 0.375, 4.75, 0.5 ], "texture": "#mp5_atlas" }
			}
		},
		{
			"__comment": "Voxels",
			"from": [ 4.5, 9.25, 7.25 ],
			"to": [ 14.25, 9.5, 7.5 ],
			"faces": {
				"down": { "uv": [ 7.625, 10.75, 12.5, 10.875 ], "texture": "#mp5_atlas" },
				"north": { "uv": [ 12.5, 10.875, 7.625, 11 ], "texture": "#mp5_atlas" },
				"west": { "uv": [ 4.625, 0.5, 4.75, 0.625 ], "texture": "#mp5_atlas" },
				"east": { "uv": [ 4.875, 0.625, 4.75, 0.75 ], "texture": "#mp5_atlas" }
			}
		},
		{
			"__comment": "Voxels",
			"from": [ 4.5, 9.25, 8.5 ],
			"to": [ 14.25, 9.5, 8.75 ],
			"faces": {
				"down": { "uv": [ 7.625, 11.25, 12.5, 11.375 ], "texture": "#mp5_atlas" },
				"south": { "uv": [ 7.625, 11.125, 12.5, 11.25 ], "texture": "#mp5_atlas" },
				"west": { "uv": [ 4.25, 1.125, 4.375, 1.25 ], "texture": "#mp5_atlas" },
				"east": { "uv": [ 4.375, 1.25, 4.25, 1.375 ], "texture": "#mp5_atlas" }
			}
		},
		{
			"__comment": "Voxels",
			"from": [ 4.5, 9.75, 7.25 ],
			"to": [ 14.25, 10, 7.5 ],
			"faces": {
				"up": { "uv": [ 7.625, 11.5, 12.5, 11.375 ], "texture": "#mp5_atlas" },
				"north": { "uv": [ 7.625, 11.5, 2.75, 11.625 ], "texture": "#mp5_atlas" },
				"south": { "uv": [ 7.625, 11.5, 12.5, 11.625 ], "texture": "#mp5_atlas" },
				"west": { "uv": [ 4.25, 2.125, 4.375, 2.25 ], "texture": "#mp5_atlas" },
				"east": { "uv": [ 4.375, 2.5, 4.25, 2.625 ], "texture": "#mp5_atlas" }
			}
		},
		{
			"__comment": "Voxels",
			"from": [ 4.5, 9.75, 8.5 ],
			"to": [ 14.25, 10, 8.75 ],
			"faces": {
				"up": { "uv": [ 2.75, 11.25, 7.625, 11.125 ], "texture": "#mp5_atlas" },
				"north": { "uv": [ 7.625, 11.25, 2.75, 11.375 ], "texture": "#mp5_atlas" },
				"south": { "uv": [ 7.625, 11, 12.5, 11.125 ], "texture": "#mp5_atlas" },
				"west": { "uv": [ 4.25, 2.875, 4.375, 3 ], "texture": "#mp5_atlas" },
				"east": { "uv": [ 4.375, 3, 4.25, 3.125 ], "texture": "#mp5_atlas" }
			}
		},
		{
			"__comment": "Voxels",
			"from": [ 4.5, 10, 7.5 ],
			"to": [ 15.25, 10.25, 8.5 ],
			"faces": {
				"down": { "uv": [ 0, 15.5, 5.375, 16 ], "texture": "#mp5_atlas" },
				"up": { "uv": [ 5.375, 16, 10.75, 15.5 ], "texture": "#mp5_atlas" },
				"north": { "uv": [ 8.125, 12.25, 2.75, 12.375 ], "texture": "#mp5_atlas" },
				"south": { "uv": [ 8.125, 12.25, 13.5, 12.375 ], "texture": "#mp5_atlas" },
				"west": { "uv": [ 14.5, 9.75, 15, 9.875 ], "texture": "#mp5_atlas" },
				"east": { "uv": [ 15.5, 9.75, 15, 9.875 ], "texture": "#mp5_atlas" }
			}
		},
		{
			"__comment": "Voxels",
			"from": [ 4.75, 8.75, 7.5 ],
			"to": [ 14.25, 9, 7.75 ],
			"faces": {
				"down": { "uv": [ 7.5, 10.375, 12.25, 10.5 ], "texture": "#mp5_atlas" },
				"north": { "uv": [ 12.25, 10.5, 7.5, 10.625 ], "texture": "#mp5_atlas" },
				"west": { "uv": [ 4.25, 3.25, 4.375, 3.375 ], "texture": "#mp5_atlas" },
				"east": { "uv": [ 4.375, 3.375, 4.25, 3.5 ], "texture": "#mp5_atlas" }
			}
		},
		{
			"__comment": "Voxels",
			"from": [ 4.75, 8.75, 8.25 ],
			"to": [ 14.25, 9, 8.5 ],
			"faces": {
				"down": { "uv": [ 2.75, 10.5, 7.5, 10.625 ], "texture": "#mp5_atlas" },
				"south": { "uv": [ 2.75, 10.125, 7.5, 10.25 ], "texture": "#mp5_atlas" },
				"west": { "uv": [ 4.25, 4, 4.375, 4.125 ], "texture": "#mp5_atlas" },
				"east": { "uv": [ 4.375, 4.125, 4.25, 4.25 ], "texture": "#mp5_atlas" }
			}
		},
		{
			"__comment": "Voxels",
			"from": [ 4.75, 9, 7.25 ],
			"to": [ 14, 9.25, 7.5 ],
			"faces": {
				"down": { "uv": [ 7.375, 9.75, 12, 9.875 ], "texture": "#mp5_atlas" },
				"north": { "uv": [ 12, 10, 7.375, 10.125 ], "texture": "#mp5_atlas" },
				"west": { "uv": [ 4.25, 4.25, 4.375, 4.375 ], "texture": "#mp5_atlas" },
				"east": { "uv": [ 4.375, 4.375, 4.25, 4.5 ], "texture": "#mp5_atlas" }
			}
		},
		{
			"__comment": "Voxels",
			"from": [ 4.75, 9, 8.5 ],
			"to": [ 14, 9.25, 8.75 ],
			"faces": {
				"down": { "uv": [ 2.75, 9.625, 7.375, 9.75 ], "texture": "#mp5_atlas" },
				"south": { "uv": [ 2.75, 9.75, 7.375, 9.875 ], "texture": "#mp5_atlas" },
				"west": { "uv": [ 4.25, 5, 4.375, 5.125 ], "texture": "#mp5_atlas" },
				"east": { "uv": [ 4.375, 5.125, 4.25, 5.25 ], "texture": "#mp5_atlas" }
			}
		},
		{
			"__comment": "Voxels",
			"from": [ 4.75, 9.25, 7 ],
			"to": [ 6.25, 9.5, 7.25 ],
			"faces": {
				"down": { "uv": [ 15, 12.125, 15.75, 12.25 ], "texture": "#mp5_atlas" },
				"north": { "uv": [ 14.75, 12, 14, 12.125 ], "texture": "#mp5_atlas" },
				"west": { "uv": [ 4.25, 5.25, 4.375, 5.375 ], "texture": "#mp5_atlas" },
				"east": { "uv": [ 4.375, 5.375, 4.25, 5.5 ], "texture": "#mp5_atlas" }
			}
		},
		{
			"__comment": "Voxels",
			"from": [ 4.75, 9.25, 8.75 ],
			"to": [ 6.25, 9.5, 9 ],
			"faces": {
				"down": { "uv": [ 13.25, 11.875, 14, 12 ], "texture": "#mp5_atlas" },
				"south": { "uv": [ 13.25, 11.75, 14, 11.875 ], "texture": "#mp5_atlas" },
				"west": { "uv": [ 4.25, 5.75, 4.375, 5.875 ], "texture": "#mp5_atlas" },
				"east": { "uv": [ 4.375, 5.875, 4.25, 6 ], "texture": "#mp5_atlas" }
			}
		},
		{
			"__comment": "Voxels",
			"from": [ 4.75, 9.75, 7.5 ],
			"to": [ 15.25, 10, 8.5 ],
			"faces": {
				"down": { "uv": [ 10.75, 15.5, 16, 16 ], "texture": "#mp5_atlas" },
				"north": { "uv": [ 8, 12, 2.75, 12.125 ], "texture": "#mp5_atlas" },
				"south": { "uv": [ 8, 12, 13.25, 12.125 ], "texture": "#mp5_atlas" },
				"west": { "uv": [ 15.5, 9.625, 16, 9.75 ], "texture": "#mp5_atlas" },
				"east": { "uv": [ 4.375, 9.5, 3.875, 9.625 ], "texture": "#mp5_atlas" }
			}
		},
		{
			"__comment": "Voxels",
			"from": [ 4.75, 10.25, 7.75 ],
			"to": [ 15.5, 10.5, 8.25 ],
			"faces": {
				"down": { "uv": [ 7.25, 14.75, 12.625, 15 ], "texture": "#mp5_atlas" },
				"up": { "uv": [ 7.25, 14.75, 12.625, 14.5 ], "texture": "#mp5_atlas" },
				"north": { "uv": [ 13.5, 12.125, 8.125, 12.25 ], "texture": "#mp5_atlas" },
				"south": { "uv": [ 2.75, 12.125, 8.125, 12.25 ], "texture": "#mp5_atlas" },
				"west": { "uv": [ 15.75, 12.125, 16, 12.25 ], "texture": "#mp5_atlas" },
				"east": { "uv": [ 16, 10.375, 15.75, 10.5 ], "texture": "#mp5_atlas" }
			}
		},
		{
			"__comment": "Voxels",
			"from": [ 5, 8.5, 7.5 ],
			"to": [ 12.25, 8.75, 8.5 ],
			"faces": {
				"down": { "uv": [ 0, 14.5, 3.625, 15 ], "texture": "#mp5_atlas" },
				"up": { "uv": [ 3.625, 15, 7.25, 14.5 ], "texture": "#mp5_atlas" },
				"north": { "uv": [ 15.375, 12.5, 11.75, 12.625 ], "texture": "#mp5_atlas" },
				"south": { "uv": [ 11.75, 12.375, 15.375, 12.5 ], "texture": "#mp5_atlas" },
				"west": { "uv": [ 3.875, 9.375, 4.375, 9.5 ], "texture": "#mp5_atlas" },
				"east": { "uv": [ 4.375, 9.25, 3.875, 9.375 ], "texture": "#mp5_atlas" }
			}
		},
		{
			"__comment": "Voxels",
			"from": [ 5, 8.75, 7.25 ],
			"to": [ 10.25, 9, 7.5 ],
			"faces": {
				"down": { "uv": [ 0, 8, 2.625, 8.125 ], "texture": "#mp5_atlas" },
				"north": { "uv": [ 2.625, 8.25, 0, 8.375 ], "texture": "#mp5_atlas" },
				"west": { "uv": [ 4.25, 6, 4.375, 6.125 ], "texture": "#mp5_atlas" },
				"east": { "uv": [ 4.375, 6.125, 4.25, 6.25 ], "texture": "#mp5_atlas" }
			}
		},
		{
			"__comment": "Voxels",
			"from": [ 5, 8.75, 8.5 ],
			"to": [ 10.25, 9, 8.75 ],
			"faces": {
				"down": { "uv": [ 0, 8.625, 2.625, 8.75 ], "texture": "#mp5_atlas" },
				"south": { "uv": [ 0, 8.375, 2.625, 8.5 ], "texture": "#mp5_atlas" },
				"west": { "uv": [ 4.25, 6.25, 4.375, 6.375 ], "texture": "#mp5_atlas" },
				"east": { "uv": [ 4.375, 6.375, 4.25, 6.5 ], "texture": "#mp5_atlas" }
			}
		},
		{
			"__comment": "Voxels",
			"from": [ 5, 10.5, 7.75 ],
			"to": [ 15.5, 10.75, 8.25 ],
			"faces": {
				"up": { "uv": [ 10.5, 14.5, 15.75, 14.25 ], "texture": "#mp5_atlas" },
				"north": { "uv": [ 13.25, 11.875, 8, 12 ], "texture": "#mp5_atlas" },
				"south": { "uv": [ 2.75, 11.875, 8, 12 ], "texture": "#mp5_atlas" },
				"west": { "uv": [ 15.75, 10.25, 16, 10.375 ], "texture": "#mp5_atlas" },
				"east": { "uv": [ 16, 10.125, 15.75, 10.25 ], "texture": "#mp5_atlas" }
			}
		},
		{
			"__comment": "Voxels",
			"from": [ 5.25, 6.25, 7.5 ],
			"to": [ 6.75, 6.5, 8.5 ],
			"faces": {
				"down": { "uv": [ 0, 8.875, 0.75, 9.375 ], "texture": "#mp5_atlas" },
				"up": { "uv": [ 15, 15.5, 15.75, 15 ], "texture": "#mp5_atlas" },
				"north": { "uv": [ 2.625, 2, 1.875, 2.125 ], "texture": "#mp5_atlas" },
				"south": { "uv": [ 1.875, 1.875, 2.625, 2 ], "texture": "#mp5_atlas" },
				"west": { "uv": [ 2.25, 5.125, 2.75, 5.25 ], "texture": "#mp5_atlas" },
				"east": { "uv": [ 2.75, 5, 2.25, 5.125 ], "texture": "#mp5_atlas" }
			}
		},
		{
			"__comment": "Voxels",
			"from": [ 5.25, 6.5, 7.75 ],
			"to": [ 7, 6.75, 8.25 ],
			"faces": {
				"down": { "uv": [ 0.25, 5.625, 1.125, 5.875 ], "texture": "#mp5_atlas" },
				"up": { "uv": [ 0.25, 5.375, 1.125, 5.125 ], "texture": "#mp5_atlas" },
				"north": { "uv": [ 1.875, 6.125, 1, 6.25 ], "texture": "#mp5_atlas" },
				"south": { "uv": [ 1.875, 6.125, 2.75, 6.25 ], "texture": "#mp5_atlas" },
				"west": { "uv": [ 3, 4.25, 3.25, 4.375 ], "texture": "#mp5_atlas" },
				"east": { "uv": [ 3.25, 1.75, 3, 1.875 ], "texture": "#mp5_atlas" }
			}
		},
		{
			"__comment": "Voxels",
			"from": [ 5.25, 10.25, 7.5 ],
			"to": [ 5.75, 10.5, 7.75 ],
			"faces": {
				"up": { "uv": [ 3.625, 4.875, 3.875, 4.75 ], "texture": "#mp5_atlas" },
				"north": { "uv": [ 3.875, 4.625, 3.625, 4.75 ], "texture": "#mp5_atlas" },
				"west": { "uv": [ 4.25, 6.875, 4.375, 7 ], "texture": "#mp5_atlas" },
				"east": { "uv": [ 4.375, 7.5, 4.25, 7.625 ], "texture": "#mp5_atlas" }
			}
		},
		{
			"__comment": "Voxels",
			"from": [ 5.5, 6, 7.5 ],
			"to": [ 6.75, 6.25, 8.5 ],
			"faces": {
				"down": { "uv": [ 0.75, 8.875, 1.375, 9.375 ], "texture": "#mp5_atlas" },
				"north": { "uv": [ 14.375, 10.875, 13.75, 11 ], "texture": "#mp5_atlas" },
				"south": { "uv": [ 13.125, 10.875, 13.75, 11 ], "texture": "#mp5_atlas" },
				"west": { "uv": [ 14.875, 10.5, 15.375, 10.625 ], "texture": "#mp5_atlas" },
				"east": { "uv": [ 15.875, 10.5, 15.375, 10.625 ], "texture": "#mp5_atlas" }
			}
		},
		{
			"__comment": "Voxels",
			"from": [ 5.5, 6.5, 7.5 ],
			"to": [ 7, 7, 7.75 ],
			"faces": {
				"down": { "uv": [ 14, 11.75, 14.75, 11.875 ], "texture": "#mp5_atlas" },
				"up": { "uv": [ 14.75, 11.875, 15.5, 11.75 ], "texture": "#mp5_atlas" },
				"north": { "uv": [ 1.875, 5.625, 1.125, 5.875 ], "texture": "#mp5_atlas" },
				"south": { "uv": [ 1.125, 5.125, 1.875, 5.375 ], "texture": "#mp5_atlas" },
				"west": { "uv": [ 1.125, 0.125, 1.25, 0.375 ], "texture": "#mp5_atlas" },
				"east": { "uv": [ 3.25, 8, 3.125, 8.25 ], "texture": "#mp5_atlas" }
			}
		},
		{
			"__comment": "Voxels",
			"from": [ 5.5, 6.5, 8.25 ],
			"to": [ 7, 7, 8.5 ],
			"faces": {
				"down": { "uv": [ 2, 8.875, 2.75, 9 ], "texture": "#mp5_atlas" },
				"up": { "uv": [ 2, 6, 2.75, 5.875 ], "texture": "#mp5_atlas" },
				"north": { "uv": [ 1.875, 5.375, 1.125, 5.625 ], "texture": "#mp5_atlas" },
				"south": { "uv": [ 1.875, 5.625, 2.625, 5.875 ], "texture": "#mp5_atlas" },
				"west": { "uv": [ 3.125, 7.75, 3.25, 8 ], "texture": "#mp5_atlas" },
				"east": { "uv": [ 3.25, 7.5, 3.125, 7.75 ], "texture": "#mp5_atlas" }
			}
		},
		{
			"__comment": "Voxels",
			"from": [ 5.5, 6.75, 7.75 ],
			"to": [ 7.25, 7.25, 8.25 ],
			"faces": {
				"down": { "uv": [ 1.875, 6.5, 2.75, 6.75 ], "texture": "#mp5_atlas" },
				"up": { "uv": [ 1.875, 6.5, 2.75, 6.25 ], "texture": "#mp5_atlas" },
				"north": { "uv": [ 1.125, 5.375, 0.25, 5.625 ], "texture": "#mp5_atlas" },
				"south": { "uv": [ 1, 6.5, 1.875, 6.75 ], "texture": "#mp5_atlas" },
				"west": { "uv": [ 2.75, 1.25, 3, 1.5 ], "texture": "#mp5_atlas" },
				"east": { "uv": [ 3.25, 1.25, 3, 1.5 ], "texture": "#mp5_atlas" }
			}
		},
		{
			"__comment": "Voxels",
			"from": [ 5.75, 7, 7.5 ],
			"to": [ 7, 7.25, 7.75 ],
			"faces": {
				"up": { "uv": [ 2.125, 7.25, 2.75, 7.125 ], "texture": "#mp5_atlas" },
				"north": { "uv": [ 2.75, 7.25, 2.125, 7.375 ], "texture": "#mp5_atlas" },
				"west": { "uv": [ 4.25, 7.625, 4.375, 7.75 ], "texture": "#mp5_atlas" },
				"east": { "uv": [ 4.375, 8.25, 4.25, 8.375 ], "texture": "#mp5_atlas" }
			}
		},
		{
			"__comment": "Voxels",
			"from": [ 5.75, 7, 8.25 ],
			"to": [ 7, 7.25, 8.5 ],
			"faces": {
				"up": { "uv": [ 1.375, 9, 2, 8.875 ], "texture": "#mp5_atlas" },
				"south": { "uv": [ 15, 10.625, 15.625, 10.75 ], "texture": "#mp5_atlas" },
				"west": { "uv": [ 4.875, 8.75, 5, 8.875 ], "texture": "#mp5_atlas" },
				"east": { "uv": [ 5, 8.875, 4.875, 9 ], "texture": "#mp5_atlas" }
			}
		},
		{
			"__comment": "Voxels",
			"from": [ 5.75, 7.25, 7.75 ],
			"to": [ 7.5, 7.75, 8.25 ],
			"faces": {
				"down": { "uv": [ 1.5, 9.375, 2.375, 9.625 ], "texture": "#mp5_atlas" },
				"up": { "uv": [ 1.5, 7, 2.375, 6.75 ], "texture": "#mp5_atlas" },
				"north": { "uv": [ 1.5, 6.75, 0.625, 7 ], "texture": "#mp5_atlas" },
				"south": { "uv": [ 1, 6.25, 1.875, 6.5 ], "texture": "#mp5_atlas" },
				"west": { "uv": [ 3.375, 6.875, 3.625, 7.125 ], "texture": "#mp5_atlas" },
				"east": { "uv": [ 3.625, 7.375, 3.375, 7.625 ], "texture": "#mp5_atlas" }
			}
		},
		{
			"__comment": "Voxels",
			"from": [ 6, 5.75, 7.5 ],
			"to": [ 6.75, 6, 8.5 ],
			"faces": {
				"down": { "uv": [ 1.875, 5.125, 2.25, 5.625 ], "texture": "#mp5_atlas" },
				"north": { "uv": [ 16, 11.125, 15.625, 11.25 ], "texture": "#mp5_atlas" },
				"south": { "uv": [ 3.875, 9.125, 4.25, 9.25 ], "texture": "#mp5_atlas" },
				"west": { "uv": [ 12.75, 10.25, 13.25, 10.375 ], "texture": "#mp5_atlas" },
				"east": { "uv": [ 15.75, 10.25, 15.25, 10.375 ], "texture": "#mp5_atlas" }
			}
		},
		{
			"__comment": "Voxels",
			"from": [ 6, 7.25, 7.5 ],
			"to": [ 7.25, 7.75, 7.75 ],
			"faces": {
				"down": { "uv": [ 13.125, 10.75, 13.75, 10.875 ], "texture": "#mp5_atlas" },
				"up": { "uv": [ 14.375, 10.875, 15, 10.75 ], "texture": "#mp5_atlas" },
				"north": { "uv": [ 1.25, 0.625, 0.625, 0.875 ], "texture": "#mp5_atlas" },
				"west": { "uv": [ 4.5, 0.75, 4.625, 1 ], "texture": "#mp5_atlas" },
				"east": { "uv": [ 4.5, 6, 4.375, 6.25 ], "texture": "#mp5_atlas" }
			}
		},
		{
			"__comment": "Voxels",
			"from": [ 6, 7.25, 8.25 ],
			"to": [ 7.25, 7.75, 8.5 ],
			"faces": {
				"down": { "uv": [ 13.125, 10.625, 13.75, 10.75 ], "texture": "#mp5_atlas" },
				"up": { "uv": [ 0.625, 0.125, 1.25, 0 ], "texture": "#mp5_atlas" },
				"south": { "uv": [ 0.625, 1.625, 1.25, 1.875 ], "texture": "#mp5_atlas" },
				"west": { "uv": [ 4.5, 6.25, 4.625, 6.5 ], "texture": "#mp5_atlas" },
				"east": { "uv": [ 4.5, 6.25, 4.375, 6.5 ], "texture": "#mp5_atlas" }
			}
		},
		{
			"__comment": "Voxels",
			"from": [ 6, 7.75, 7.75 ],
			"to": [ 7.5, 8, 8.25 ],
			"faces": {
				"up": { "uv": [ 1.875, 3, 2.625, 2.75 ], "texture": "#mp5_atlas" },
				"north": { "uv": [ 14.25, 12.125, 13.5, 12.25 ], "texture": "#mp5_atlas" },
				"south": { "uv": [ 14.25, 12.125, 15, 12.25 ], "texture": "#mp5_atlas" },
				"west": { "uv": [ 4.375, 6.5, 4.625, 6.625 ], "texture": "#mp5_atlas" },
				"east": { "uv": [ 4.625, 6.625, 4.375, 6.75 ], "texture": "#mp5_atlas" }
			}
		},
		{
			"__comment": "Voxels",
			"from": [ 6, 8.25, 7.75 ],
			"to": [ 10.5, 8.5, 8.25 ],
			"faces": {
				"down": { "uv": [ 0, 11.625, 2.25, 11.875 ], "texture": "#mp5_atlas" },
				"north": { "uv": [ 2.25, 7.75, 0, 7.875 ], "texture": "#mp5_atlas" },
				"south": { "uv": [ 0, 7.625, 2.25, 7.75 ], "texture": "#mp5_atlas" },
				"west": { "uv": [ 4.375, 7, 4.625, 7.125 ], "texture": "#mp5_atlas" },
				"east": { "uv": [ 4.625, 7.125, 4.375, 7.25 ], "texture": "#mp5_atlas" }
			}
		},
		{
			"__comment": "Voxels",
			"from": [ 6, 9.5, 7.5 ],
			"to": [ 15.75, 9.75, 8.5 ],
			"faces": {
				"down": { "uv": [ 5.25, 15, 10.125, 15.5 ], "texture": "#mp5_atlas" },
				"up": { "uv": [ 10.125, 15.5, 15, 15 ], "texture": "#mp5_atlas" },
				"north": { "uv": [ 7.625, 11.625, 2.75, 11.75 ], "texture": "#mp5_atlas" },
				"south": { "uv": [ 7.625, 11.625, 12.5, 11.75 ], "texture": "#mp5_atlas" },
				"west": { "uv": [ 15, 10, 15.5, 10.125 ], "texture": "#mp5_atlas" },
				"east": { "uv": [ 16, 10, 15.5, 10.125 ], "texture": "#mp5_atlas" }
			}
		},
		{
			"__comment": "Voxels",
			"from": [ 6, 10.25, 7.5 ],
			"to": [ 7, 10.75, 7.75 ],
			"faces": {
				"up": { "uv": [ 13, 10, 13.5, 9.875 ], "texture": "#mp5_atlas" },
				"north": { "uv": [ 1.75, 0.75, 1.25, 1 ], "texture": "#mp5_atlas" },
				"south": { "uv": [ 2.25, 1, 2.75, 1.25 ], "texture": "#mp5_atlas" },
				"west": { "uv": [ 4.5, 7.5, 4.625, 7.75 ], "texture": "#mp5_atlas" },
				"east": { "uv": [ 4.5, 7.5, 4.375, 7.75 ], "texture": "#mp5_atlas" }
			}
		},
		{
			"__comment": "Voxels",
			"from": [ 6, 10.25, 8.25 ],
			"to": [ 7, 10.75, 8.5 ],
			"faces": {
				"up": { "uv": [ 14, 10, 14.5, 9.875 ], "texture": "#mp5_atlas" },
				"north": { "uv": [ 3.25, 9.375, 2.75, 9.625 ], "texture": "#mp5_atlas" },
				"south": { "uv": [ 2.25, 0, 2.75, 0.25 ], "texture": "#mp5_atlas" },
				"west": { "uv": [ 4.5, 7.75, 4.625, 8 ], "texture": "#mp5_atlas" },
				"east": { "uv": [ 4.5, 7.75, 4.375, 8 ], "texture": "#mp5_atlas" }
			}
		},
		{
			"__comment": "Voxels",
			"from": [ 6, 10.75, 7.5 ],
			"to": [ 6.75, 11, 8.5 ],
			"faces": {
				"down": { "uv": [ 0.25, 1.5, 0.625, 2 ], "texture": "#mp5_atlas" },
				"up": { "uv": [ 0.25, 2.5, 0.625, 2 ], "texture": "#mp5_atlas" },
				"north": { "uv": [ 4.25, 5.25, 3.875, 5.375 ], "texture": "#mp5_atlas" },
				"south": { "uv": [ 3.875, 5.125, 4.25, 5.25 ], "texture": "#mp5_atlas" },
				"west": { "uv": [ 13.25, 10.25, 13.75, 10.375 ], "texture": "#mp5_atlas" },
				"east": { "uv": [ 14.25, 10.25, 13.75, 10.375 ], "texture": "#mp5_atlas" }
			}
		},
		{
			"__comment": "Voxels",
			"from": [ 6, 11, 7.75 ],
			"to": [ 7, 11.25, 8.25 ],
			"faces": {
				"down": { "uv": [ 15.5, 14, 16, 14.25 ], "texture": "#mp5_atlas" },
				"up": { "uv": [ 1.25, 0.5, 1.75, 0.25 ], "texture": "#mp5_atlas" },
				"north": { "uv": [ 13.25, 10.125, 12.75, 10.25 ], "texture": "#mp5_atlas" },
				"south": { "uv": [ 13.25, 10.125, 13.75, 10.25 ], "texture": "#mp5_atlas" },
				"west": { "uv": [ 4, 1.125, 4.25, 1.25 ], "texture": "#mp5_atlas" },
				"east": { "uv": [ 4.25, 1.25, 4, 1.375 ], "texture": "#mp5_atlas" }
			}
		},
		{
			"__comment": "Voxels",
			"from": [ 6.25, 7.75, 7.5 ],
			"to": [ 7.5, 8.5, 7.75 ],
			"faces": {
				"down": { "uv": [ 12.5, 10.75, 13.125, 10.875 ], "texture": "#mp5_atlas" },
				"north": { "uv": [ 1, 6.375, 0.375, 6.75 ], "texture": "#mp5_atlas" },
				"south": { "uv": [ 1.375, 9, 2, 9.375 ], "texture": "#mp5_atlas" },
				"west": { "uv": [ 3.25, 7.25, 3.375, 7.625 ], "texture": "#mp5_atlas" },
				"east": { "uv": [ 3.375, 7.625, 3.25, 8 ], "texture": "#mp5_atlas" }
			}
		},
		{
			"__comment": "Voxels",
			"from": [ 6.25, 7.75, 8.25 ],
			"to": [ 7.5, 8.5, 8.5 ],
			"faces": {
				"down": { "uv": [ 12.5, 10.625, 13.125, 10.75 ], "texture": "#mp5_atlas" },
				"north": { "uv": [ 2.625, 9, 2, 9.375 ], "texture": "#mp5_atlas" },
				"south": { "uv": [ 0, 6.75, 0.625, 7.125 ], "texture": "#mp5_atlas" },
				"west": { "uv": [ 3.25, 6.5, 3.375, 6.875 ], "texture": "#mp5_atlas" },
				"east": { "uv": [ 3.375, 6.875, 3.25, 7.25 ], "texture": "#mp5_atlas" }
			}
		},
		{
			"__comment": "Voxels",
			"from": [ 6.25, 8, 7.75 ],
			"to": [ 9.75, 8.25, 8.25 ],
			"faces": {
				"down": { "uv": [ 1, 11.375, 2.75, 11.625 ], "texture": "#mp5_atlas" },
				"north": { "uv": [ 1.75, 6, 0, 6.125 ], "texture": "#mp5_atlas" },
				"south": { "uv": [ 0.25, 5.875, 2, 6 ], "texture": "#mp5_atlas" },
				"west": { "uv": [ 3.625, 3.25, 3.875, 3.375 ], "texture": "#mp5_atlas" },
				"east": { "uv": [ 3.875, 3.375, 3.625, 3.5 ], "texture": "#mp5_atlas" }
			}
		},
		{
			"__comment": "Voxels",
			"from": [ 6.25, 8.5, 7.25 ],
			"to": [ 10.5, 8.75, 7.5 ],
			"faces": {
				"down": { "uv": [ 0, 7.125, 2.125, 7.25 ], "texture": "#mp5_atlas" },
				"up": { "uv": [ 0, 7.625, 2.125, 7.5 ], "texture": "#mp5_atlas" },
				"north": { "uv": [ 2.125, 7.375, 0, 7.5 ], "texture": "#mp5_atlas" },
				"west": { "uv": [ 15.875, 13.125, 16, 13.25 ], "texture": "#mp5_atlas" },
				"east": { "uv": [ 16, 13, 15.875, 13.125 ], "texture": "#mp5_atlas" }
			}
		},
		{
			"__comment": "Voxels",
			"from": [ 6.25, 8.5, 8.5 ],
			"to": [ 10, 8.75, 8.75 ],
			"faces": {
				"down": { "uv": [ 0.625, 7, 2.5, 7.125 ], "texture": "#mp5_atlas" },
				"south": { "uv": [ 14, 13.875, 15.875, 14 ], "texture": "#mp5_atlas" },
				"west": { "uv": [ 2.625, 8.625, 2.75, 8.75 ], "texture": "#mp5_atlas" },
				"east": { "uv": [ 2.75, 8.5, 2.625, 8.625 ], "texture": "#mp5_atlas" }
			}
		},
		{
			"__comment": "Voxels",
			"from": [ 6.5, 8, 7.25 ],
			"to": [ 9.5, 8.5, 7.5 ],
			"faces": {
				"down": { "uv": [ 0.25, 3.75, 1.75, 3.875 ], "texture": "#mp5_atlas" },
				"north": { "uv": [ 1.875, 9.875, 0.375, 10.125 ], "texture": "#mp5_atlas" },
				"south": { "uv": [ 1, 11.125, 2.5, 11.375 ], "texture": "#mp5_atlas" },
				"west": { "uv": [ 3.125, 5.625, 3.25, 5.875 ], "texture": "#mp5_atlas" },
				"east": { "uv": [ 3.25, 6.25, 3.125, 6.5 ], "texture": "#mp5_atlas" }
			}
		},
		{
			"__comment": "Voxels",
			"from": [ 6.5, 8, 8.5 ],
			"to": [ 9.5, 8.5, 8.75 ],
			"faces": {
				"down": { "uv": [ 0.25, 3.5, 1.75, 3.625 ], "texture": "#mp5_atlas" },
				"north": { "uv": [ 1.875, 9.625, 0.375, 9.875 ], "texture": "#mp5_atlas" },
				"south": { "uv": [ 1, 10.625, 2.5, 10.875 ], "texture": "#mp5_atlas" },
				"west": { "uv": [ 3.75, 2.25, 3.875, 2.5 ], "texture": "#mp5_atlas" },
				"east": { "uv": [ 3.75, 0.25, 3.625, 0.5 ], "texture": "#mp5_atlas" }
			}
		},
		{
			"__comment": "Voxels",
			"from": [ 6.5, 11, 7.5 ],
			"to": [ 6.75, 11.25, 7.75 ],
			"faces": {
				"up": { "uv": [ 4.25, 1.875, 4.375, 1.75 ], "texture": "#mp5_atlas" },
				"north": { "uv": [ 5, 1.75, 4.875, 1.875 ], "texture": "#mp5_atlas" },
				"west": { "uv": [ 4.25, 2, 4.375, 2.125 ], "texture": "#mp5_atlas" },
				"east": { "uv": [ 4.375, 1.875, 4.25, 2 ], "texture": "#mp5_atlas" }
			}
		},
		{
			"__comment": "Voxels",
			"from": [ 6.5, 11, 8.25 ],
			"to": [ 6.75, 11.25, 8.5 ],
			"faces": {
				"up": { "uv": [ 4.75, 0.375, 4.875, 0.25 ], "texture": "#mp5_atlas" },
				"south": { "uv": [ 4.625, 0.375, 4.75, 0.5 ], "texture": "#mp5_atlas" },
				"west": { "uv": [ 4.875, 4.375, 5, 4.5 ], "texture": "#mp5_atlas" },
				"east": { "uv": [ 5, 4.25, 4.875, 4.375 ], "texture": "#mp5_atlas" }
			}
		},
		{
			"__comment": "Voxels",
			"from": [ 6.5, 11.25, 7.75 ],
			"to": [ 6.75, 11.5, 8.25 ],
			"faces": {
				"up": { "uv": [ 4.75, 5.5, 4.875, 5.25 ], "texture": "#mp5_atlas" },
				"north": { "uv": [ 5, 2.875, 4.875, 3 ], "texture": "#mp5_atlas" },
				"south": { "uv": [ 4.875, 2.75, 5, 2.875 ], "texture": "#mp5_atlas" },
				"west": { "uv": [ 3.625, 4.375, 3.875, 4.5 ], "texture": "#mp5_atlas" },
				"east": { "uv": [ 3.875, 4.25, 3.625, 4.375 ], "texture": "#mp5_atlas" }
			}
		},
		{
			"__comment": "Voxels",
			"from": [ 6.75, 6.25, 7.75 ],
			"to": [ 7, 6.5, 8.25 ],
			"faces": {
				"down": { "uv": [ 3.125, 7.25, 3.25, 7.5 ], "texture": "#mp5_atlas" },
				"north": { "uv": [ 2.75, 2.375, 2.625, 2.5 ], "texture": "#mp5_atlas" },
				"south": { "uv": [ 2.625, 7.875, 2.75, 8 ], "texture": "#mp5_atlas" },
				"east": { "uv": [ 3.875, 4, 3.625, 4.125 ], "texture": "#mp5_atlas" }
			}
		},
		{
			"__comment": "Voxels",
			"from": [ 6.75, 10.75, 7.75 ],
			"to": [ 7, 11, 8.25 ],
			"faces": {
				"north": { "uv": [ 2.75, 8, 2.625, 8.125 ], "texture": "#mp5_atlas" },
				"south": { "uv": [ 2.625, 8.125, 2.75, 8.25 ], "texture": "#mp5_atlas" },
				"east": { "uv": [ 3.875, 3.75, 3.625, 3.875 ], "texture": "#mp5_atlas" }
			}
		},
		{
			"__comment": "Voxels",
			"from": [ 7.25, 7, 7.75 ],
			"to": [ 8.5, 7.25, 8.25 ],
			"faces": {
				"down": { "uv": [ 0.625, 1.125, 1.25, 1.375 ], "texture": "#mp5_atlas" },
				"up": { "uv": [ 1.875, 1.875, 2.5, 1.625 ], "texture": "#mp5_atlas" },
				"north": { "uv": [ 16, 12.375, 15.375, 12.5 ], "texture": "#mp5_atlas" },
				"south": { "uv": [ 15.375, 12.5, 16, 12.625 ], "texture": "#mp5_atlas" },
				"east": { "uv": [ 3.875, 3.5, 3.625, 3.625 ], "texture": "#mp5_atlas" }
			}
		},
		{
			"__comment": "Voxels",
			"from": [ 7.5, 8, 7.5 ],
			"to": [ 10.5, 8.5, 7.75 ],
			"faces": {
				"down": { "uv": [ 0.25, 3.875, 1.75, 4 ], "texture": "#mp5_atlas" },
				"north": { "uv": [ 1.5, 9.375, 0, 9.625 ], "texture": "#mp5_atlas" },
				"south": { "uv": [ 1, 10.875, 2.5, 11.125 ], "texture": "#mp5_atlas" },
				"east": { "uv": [ 3.25, 4, 3.125, 4.25 ], "texture": "#mp5_atlas" }
			}
		},
		{
			"__comment": "Voxels",
			"from": [ 7.5, 8, 8.25 ],
			"to": [ 10.5, 8.5, 8.5 ],
			"faces": {
				"down": { "uv": [ 1.125, 2.25, 2.625, 2.375 ], "texture": "#mp5_atlas" },
				"north": { "uv": [ 1.875, 10.375, 0.375, 10.625 ], "texture": "#mp5_atlas" },
				"south": { "uv": [ 0.375, 10.125, 1.875, 10.375 ], "texture": "#mp5_atlas" },
				"east": { "uv": [ 3.25, 3.5, 3.125, 3.75 ], "texture": "#mp5_atlas" }
			}
		},
		{
			"__comment": "Voxels",
			"from": [ 7.75, 7.75, 7.75 ],
			"to": [ 8.25, 8, 8.25 ],
			"faces": {
				"down": { "uv": [ 3, 2.125, 3.25, 2.375 ], "texture": "#mp5_atlas" },
				"north": { "uv": [ 3.875, 3.125, 3.625, 3.25 ], "texture": "#mp5_atlas" },
				"south": { "uv": [ 3.625, 3, 3.875, 3.125 ], "texture": "#mp5_atlas" },
				"west": { "uv": [ 3.625, 2.875, 3.875, 3 ], "texture": "#mp5_atlas" },
				"east": { "uv": [ 3.875, 2.75, 3.625, 2.875 ], "texture": "#mp5_atlas" }
			}
		},
		{
			"__comment": "Voxels",
			"from": [ 8, 7.5, 7.75 ],
			"to": [ 8.25, 7.75, 8.25 ],
			"faces": {
				"down": { "uv": [ 3.125, 3.25, 3.25, 3.5 ], "texture": "#mp5_atlas" },
				"north": { "uv": [ 5, 2.125, 4.875, 2.25 ], "texture": "#mp5_atlas" },
				"south": { "uv": [ 4.875, 2.25, 5, 2.375 ], "texture": "#mp5_atlas" },
				"west": { "uv": [ 3.625, 2.625, 3.875, 2.75 ], "texture": "#mp5_atlas" },
				"east": { "uv": [ 3.875, 2.5, 3.625, 2.625 ], "texture": "#mp5_atlas" }
			}
		},
		{
			"__comment": "Voxels",
			"from": [ 8, 10.25, 7.5 ],
			"to": [ 8.75, 10.5, 7.75 ],
			"faces": {
				"up": { "uv": [ 3.875, 8.75, 4.25, 8.625 ], "texture": "#mp5_atlas" },
				"north": { "uv": [ 4.25, 8.5, 3.875, 8.625 ], "texture": "#mp5_atlas" },
				"west": { "uv": [ 4.875, 2.625, 5, 2.75 ], "texture": "#mp5_atlas" },
				"east": { "uv": [ 5, 3, 4.875, 3.125 ], "texture": "#mp5_atlas" }
			}
		},
		{
			"__comment": "Voxels",
			"from": [ 8, 10.25, 8.25 ],
			"to": [ 8.75, 10.5, 8.5 ],
			"faces": {
				"up": { "uv": [ 3.875, 8, 4.25, 7.875 ], "texture": "#mp5_atlas" },
				"south": { "uv": [ 3.875, 6.5, 4.25, 6.625 ], "texture": "#mp5_atlas" },
				"west": { "uv": [ 4.875, 3.125, 5, 3.25 ], "texture": "#mp5_atlas" },
				"east": { "uv": [ 5, 3.25, 4.875, 3.375 ], "texture": "#mp5_atlas" }
			}
		},
		{
			"__comment": "Voxels",
			"from": [ 8.5, 7.25, 7.75 ],
			"to": [ 8.75, 7.5, 8.25 ],
			"faces": {
				"down": { "uv": [ 3.75, 5, 3.875, 5.25 ], "texture": "#mp5_atlas" },
				"up": { "uv": [ 3.625, 2.5, 3.75, 2.25 ], "texture": "#mp5_atlas" },
				"north": { "uv": [ 5, 9.375, 4.875, 9.5 ], "texture": "#mp5_atlas" },
				"south": { "uv": [ 4.875, 9.5, 5, 9.625 ], "texture": "#mp5_atlas" },
				"west": { "uv": [ 3.625, 2.125, 3.875, 2.25 ], "texture": "#mp5_atlas" },
				"east": { "uv": [ 3.875, 2, 3.625, 2.125 ], "texture": "#mp5_atlas" }
			}
		},
		{
			"__comment": "Voxels",
			"from": [ 8.5, 7.75, 7.75 ],
			"to": [ 9.75, 8, 8.25 ],
			"faces": {
				"down": { "uv": [ 0.375, 6.125, 1, 6.375 ], "texture": "#mp5_atlas" },
				"north": { "uv": [ 14.375, 10.75, 13.75, 10.875 ], "texture": "#mp5_atlas" },
				"south": { "uv": [ 14.375, 10.875, 15, 11 ], "texture": "#mp5_atlas" },
				"west": { "uv": [ 3.625, 1.875, 3.875, 2 ], "texture": "#mp5_atlas" },
				"east": { "uv": [ 3.875, 1.75, 3.625, 1.875 ], "texture": "#mp5_atlas" }
			}
		},
		{
			"__comment": "Voxels",
			"from": [ 9.5, 7.25, 7.75 ],
			"to": [ 10, 7.75, 8.25 ],
			"faces": {
				"down": { "uv": [ 3.375, 1.375, 3.625, 1.625 ], "texture": "#mp5_atlas" },
				"up": { "uv": [ 3.375, 1.375, 3.625, 1.125 ], "texture": "#mp5_atlas" },
				"north": { "uv": [ 3.875, 8.375, 3.625, 8.625 ], "texture": "#mp5_atlas" },
				"south": { "uv": [ 3.625, 8.125, 3.875, 8.375 ], "texture": "#mp5_atlas" },
				"west": { "uv": [ 15.75, 14.25, 16, 14.5 ], "texture": "#mp5_atlas" },
				"east": { "uv": [ 16, 13.625, 15.75, 13.875 ], "texture": "#mp5_atlas" }
			}
		},
		{
			"__comment": "Voxels",
			"from": [ 9.5, 7.75, 7.5 ],
			"to": [ 10.5, 8, 7.75 ],
			"faces": {
				"down": { "uv": [ 2.25, 4.875, 2.75, 5 ], "texture": "#mp5_atlas" },
				"north": { "uv": [ 2.75, 4.25, 2.25, 4.375 ], "texture": "#mp5_atlas" },
				"south": { "uv": [ 15.5, 12, 16, 12.125 ], "texture": "#mp5_atlas" },
				"west": { "uv": [ 4.75, 0.125, 4.875, 0.25 ], "texture": "#mp5_atlas" },
				"east": { "uv": [ 4.75, 0.125, 4.625, 0.25 ], "texture": "#mp5_atlas" }
			}
		},
		{
			"__comment": "Voxels",
			"from": [ 9.5, 7.75, 8.25 ],
			"to": [ 10.5, 8, 8.5 ],
			"faces": {
				"down": { "uv": [ 12.25, 10.375, 12.75, 10.5 ], "texture": "#mp5_atlas" },
				"north": { "uv": [ 13.75, 10.375, 13.25, 10.5 ], "texture": "#mp5_atlas" },
				"south": { "uv": [ 13.75, 10.375, 14.25, 10.5 ], "texture": "#mp5_atlas" },
				"west": { "uv": [ 4.75, 0.75, 4.875, 0.875 ], "texture": "#mp5_atlas" },
				"east": { "uv": [ 4.75, 0.75, 4.625, 0.875 ], "texture": "#mp5_atlas" }
			}
		},
		{
			"__comment": "Voxels",
			"from": [ 9.5, 8.25, 7.25 ],
			"to": [ 10, 8.5, 7.5 ],
			"faces": {
				"down": { "uv": [ 3.625, 1.625, 3.875, 1.75 ], "texture": "#mp5_atlas" },
				"north": { "uv": [ 3.875, 1.375, 3.625, 1.5 ], "texture": "#mp5_atlas" },
				"east": { "uv": [ 4.75, 1.875, 4.625, 2 ], "texture": "#mp5_atlas" }
			}
		},
		{
			"__comment": "Voxels",
			"from": [ 9.5, 8.25, 8.5 ],
			"to": [ 10, 8.5, 8.75 ],
			"faces": {
				"down": { "uv": [ 3.625, 1.125, 3.875, 1.25 ], "texture": "#mp5_atlas" },
				"south": { "uv": [ 3.625, 0.75, 3.875, 0.875 ], "texture": "#mp5_atlas" },
				"east": { "uv": [ 2.75, 8.375, 2.625, 8.5 ], "texture": "#mp5_atlas" }
			}
		},
		{
			"__comment": "Voxels",
			"from": [ 9.5, 9.25, 7.75 ],
			"to": [ 17, 9.5, 8.25 ],
			"faces": {
				"down": { "uv": [ 9, 14, 12.75, 14.25 ], "texture": "#mp5_atlas" },
				"up": { "uv": [ 5.25, 14.25, 9, 14 ], "texture": "#mp5_atlas" },
				"east": { "uv": [ 3.875, 0.5, 3.625, 0.625 ], "texture": "#mp5_atlas" }
			}
		},
		{
			"__comment": "Voxels",
			"from": [ 9.75, 6.5, 7.75 ],
			"to": [ 10.25, 7, 8.25 ],
			"faces": {
				"down": { "uv": [ 2.75, 1.5, 3, 1.75 ], "texture": "#mp5_atlas" },
				"up": { "uv": [ 3, 1.75, 3.25, 1.5 ], "texture": "#mp5_atlas" },
				"north": { "uv": [ 3, 0.75, 2.75, 1 ], "texture": "#mp5_atlas" },
				"south": { "uv": [ 3, 0.75, 3.25, 1 ], "texture": "#mp5_atlas" },
				"west": { "uv": [ 2.75, 0.5, 3, 0.75 ], "texture": "#mp5_atlas" },
				"east": { "uv": [ 3.25, 0.5, 3, 0.75 ], "texture": "#mp5_atlas" }
			}
		},
		{
			"__comment": "Voxels",
			"from": [ 9.75, 7, 7.5 ],
			"to": [ 10.75, 7.25, 7.75 ],
			"faces": {
				"down": { "uv": [ 14.25, 10.25, 14.75, 10.375 ], "texture": "#mp5_atlas" },
				"up": { "uv": [ 14.75, 10.375, 15.25, 10.25 ], "texture": "#mp5_atlas" },
				"north": { "uv": [ 12.5, 10, 12, 10.125 ], "texture": "#mp5_atlas" },
				"south": { "uv": [ 12.5, 10, 13, 10.125 ], "texture": "#mp5_atlas" },
				"west": { "uv": [ 4.875, 0.875, 5, 1 ], "texture": "#mp5_atlas" },
				"east": { "uv": [ 5, 1, 4.875, 1.125 ], "texture": "#mp5_atlas" }
			}
		},
		{
			"__comment": "Voxels",
			"from": [ 9.75, 7, 7.75 ],
			"to": [ 10, 7.25, 8.5 ],
			"faces": {
				"down": { "uv": [ 3.625, 6.75, 3.75, 7.125 ], "texture": "#mp5_atlas" },
				"up": { "uv": [ 3.75, 6.75, 3.875, 6.375 ], "texture": "#mp5_atlas" },
				"south": { "uv": [ 3.875, 0, 4, 0.125 ], "texture": "#mp5_atlas" },
				"west": { "uv": [ 3.875, 7.5, 4.25, 7.625 ], "texture": "#mp5_atlas" },
				"east": { "uv": [ 4.25, 7.375, 3.875, 7.5 ], "texture": "#mp5_atlas" }
			}
		},
		{
			"__comment": "Voxels",
			"from": [ 9.75, 7.25, 7.5 ],
			"to": [ 10.5, 7.75, 7.75 ],
			"faces": {
				"north": { "uv": [ 3.125, 3.75, 2.75, 4 ], "texture": "#mp5_atlas" },
				"south": { "uv": [ 2.75, 3.5, 3.125, 3.75 ], "texture": "#mp5_atlas" },
				"west": { "uv": [ 3.75, 0.25, 3.875, 0.5 ], "texture": "#mp5_atlas" },
				"east": { "uv": [ 3.75, 0, 3.625, 0.25 ], "texture": "#mp5_atlas" }
			}
		},
		{
			"__comment": "Voxels",
			"from": [ 9.75, 7.25, 8.25 ],
			"to": [ 10.5, 7.75, 8.5 ],
			"faces": {
				"down": { "uv": [ 3.875, 6.75, 4.25, 6.875 ], "texture": "#mp5_atlas" },
				"north": { "uv": [ 3.125, 3.25, 2.75, 3.5 ], "texture": "#mp5_atlas" },
				"south": { "uv": [ 2.75, 3, 3.125, 3.25 ], "texture": "#mp5_atlas" },
				"west": { "uv": [ 3.75, 0, 3.875, 0.25 ], "texture": "#mp5_atlas" },
				"east": { "uv": [ 4, 1.125, 3.875, 1.375 ], "texture": "#mp5_atlas" }
			}
		},
		{
			"__comment": "Voxels",
			"from": [ 10, 5.75, 7.75 ],
			"to": [ 10.5, 6.25, 8.25 ],
			"faces": {
				"down": { "uv": [ 3, 4.375, 3.25, 4.625 ], "texture": "#mp5_atlas" },
				"up": { "uv": [ 2.5, 1.875, 2.75, 1.625 ], "texture": "#mp5_atlas" },
				"north": { "uv": [ 3.25, 1, 3, 1.25 ], "texture": "#mp5_atlas" },
				"south": { "uv": [ 2.75, 1, 3, 1.25 ], "texture": "#mp5_atlas" },
				"west": { "uv": [ 3.375, 2.875, 3.625, 3.125 ], "texture": "#mp5_atlas" },
				"east": { "uv": [ 3.625, 3.125, 3.375, 3.375 ], "texture": "#mp5_atlas" }
			}
		},
		{
			"__comment": "Voxels",
			"from": [ 10, 6.25, 7.5 ],
			"to": [ 11, 6.75, 7.75 ],
			"faces": {
				"down": { "uv": [ 14.75, 10.375, 15.25, 10.5 ], "texture": "#mp5_atlas" },
				"up": { "uv": [ 14.25, 10.5, 14.75, 10.375 ], "texture": "#mp5_atlas" },
				"north": { "uv": [ 1.75, 1, 1.25, 1.25 ], "texture": "#mp5_atlas" },
				"south": { "uv": [ 1.25, 0.5, 1.75, 0.75 ], "texture": "#mp5_atlas" },
				"west": { "uv": [ 3.875, 0.875, 4, 1.125 ], "texture": "#mp5_atlas" },
				"east": { "uv": [ 4.125, 0.875, 4, 1.125 ], "texture": "#mp5_atlas" }
			}
		},
		{
			"__comment": "Voxels",
			"from": [ 10, 6.25, 7.75 ],
			"to": [ 10.25, 6.5, 8.5 ],
			"faces": {
				"down": { "uv": [ 3.625, 6.375, 3.75, 6.75 ], "texture": "#mp5_atlas" },
				"up": { "uv": [ 3.75, 7.125, 3.875, 6.75 ], "texture": "#mp5_atlas" },
				"south": { "uv": [ 4.75, 0.875, 4.875, 1 ], "texture": "#mp5_atlas" },
				"west": { "uv": [ 3.875, 1.625, 4.25, 1.75 ], "texture": "#mp5_atlas" },
				"east": { "uv": [ 4.25, 1.75, 3.875, 1.875 ], "texture": "#mp5_atlas" }
			}
		},
		{
			"__comment": "Voxels",
			"from": [ 10, 6.5, 8.25 ],
			"to": [ 11, 6.75, 8.5 ],
			"faces": {
				"down": { "uv": [ 13.375, 10.5, 13.875, 10.625 ], "texture": "#mp5_atlas" },
				"up": { "uv": [ 12.875, 10.625, 13.375, 10.5 ], "texture": "#mp5_atlas" },
				"north": { "uv": [ 14.5, 10, 14, 10.125 ], "texture": "#mp5_atlas" },
				"south": { "uv": [ 13.5, 10, 14, 10.125 ], "texture": "#mp5_atlas" },
				"west": { "uv": [ 4.875, 9.25, 5, 9.375 ], "texture": "#mp5_atlas" },
				"east": { "uv": [ 5, 9.125, 4.875, 9.25 ], "texture": "#mp5_atlas" }
			}
		},
		{
			"__comment": "Voxels",
			"from": [ 10, 6.75, 7.5 ],
			"to": [ 10.75, 7, 7.75 ],
			"faces": {
				"north": { "uv": [ 4.25, 8.125, 3.875, 8.25 ], "texture": "#mp5_atlas" },
				"south": { "uv": [ 3.875, 8.25, 4.25, 8.375 ], "texture": "#mp5_atlas" },
				"west": { "uv": [ 4.875, 2.5, 5, 2.625 ], "texture": "#mp5_atlas" },
				"east": { "uv": [ 5, 2.375, 4.875, 2.5 ], "texture": "#mp5_atlas" }
			}
		},
		{
			"__comment": "Voxels",
			"from": [ 10, 6.75, 8.25 ],
			"to": [ 10.75, 7.25, 8.5 ],
			"faces": {
				"up": { "uv": [ 3.875, 9.125, 4.25, 9 ], "texture": "#mp5_atlas" },
				"north": { "uv": [ 2.75, 6.75, 2.375, 7 ], "texture": "#mp5_atlas" },
				"south": { "uv": [ 0.25, 0.125, 0.625, 0.375 ], "texture": "#mp5_atlas" },
				"west": { "uv": [ 4.125, 0.875, 4.25, 1.125 ], "texture": "#mp5_atlas" },
				"east": { "uv": [ 4.375, 0.875, 4.25, 1.125 ], "texture": "#mp5_atlas" }
			}
		},
		{
			"__comment": "Voxels",
			"from": [ 10, 9, 7.75 ],
			"to": [ 17, 9.25, 8.25 ],
			"faces": {
				"down": { "uv": [ 0, 13.625, 3.5, 13.875 ], "texture": "#mp5_atlas" },
				"north": { "uv": [ 16, 11.625, 12.5, 11.75 ], "texture": "#mp5_atlas" },
				"south": { "uv": [ 12.5, 11.5, 16, 11.625 ], "texture": "#mp5_atlas" },
				"west": { "uv": [ 3.875, 0.75, 4.125, 0.875 ], "texture": "#mp5_atlas" },
				"east": { "uv": [ 4.375, 0.75, 4.125, 0.875 ], "texture": "#mp5_atlas" }
			}
		},
		{
			"__comment": "Voxels",
			"from": [ 10, 10.25, 7.5 ],
			"to": [ 10.75, 10.5, 7.75 ],
			"faces": {
				"up": { "uv": [ 3.875, 7.375, 4.25, 7.25 ], "texture": "#mp5_atlas" },
				"north": { "uv": [ 4.25, 7.625, 3.875, 7.75 ], "texture": "#mp5_atlas" },
				"west": { "uv": [ 3.25, 0, 3.375, 0.125 ], "texture": "#mp5_atlas" },
				"east": { "uv": [ 4.375, 8.375, 4.25, 8.5 ], "texture": "#mp5_atlas" }
			}
		},
		{
			"__comment": "Voxels",
			"from": [ 10, 10.25, 8.25 ],
			"to": [ 10.75, 10.5, 8.5 ],
			"faces": {
				"up": { "uv": [ 3.875, 2.625, 4.25, 2.5 ], "texture": "#mp5_atlas" },
				"south": { "uv": [ 3.875, 6, 4.25, 6.125 ], "texture": "#mp5_atlas" },
				"west": { "uv": [ 4.25, 6.75, 4.375, 6.875 ], "texture": "#mp5_atlas" },
				"east": { "uv": [ 4.375, 6.5, 4.25, 6.625 ], "texture": "#mp5_atlas" }
			}
		},
		{
			"__comment": "Voxels",
			"from": [ 10.25, 5.25, 7.75 ],
			"to": [ 10.75, 5.75, 8.25 ],
			"faces": {
				"down": { "uv": [ 3.625, 7.125, 3.875, 7.375 ], "texture": "#mp5_atlas" },
				"up": { "uv": [ 3.625, 7.625, 3.875, 7.375 ], "texture": "#mp5_atlas" },
				"north": { "uv": [ 3.875, 7.625, 3.625, 7.875 ], "texture": "#mp5_atlas" },
				"south": { "uv": [ 3.625, 7.875, 3.875, 8.125 ], "texture": "#mp5_atlas" },
				"west": { "uv": [ 3.625, 8.625, 3.875, 8.875 ], "texture": "#mp5_atlas" },
				"east": { "uv": [ 3.875, 8.875, 3.625, 9.125 ], "texture": "#mp5_atlas" }
			}
		},
		{
			"__comment": "Voxels",
			"from": [ 10.25, 5.75, 7.5 ],
			"to": [ 11.25, 6, 7.75 ],
			"faces": {
				"down": { "uv": [ 15, 9.625, 15.5, 9.75 ], "texture": "#mp5_atlas" },
				"up": { "uv": [ 14.5, 9.75, 15, 9.625 ], "texture": "#mp5_atlas" },
				"north": { "uv": [ 14.5, 9.625, 14, 9.75 ], "texture": "#mp5_atlas" },
				"south": { "uv": [ 13.5, 9.625, 14, 9.75 ], "texture": "#mp5_atlas" },
				"west": { "uv": [ 4.25, 4.875, 4.375, 5 ], "texture": "#mp5_atlas" },
				"east": { "uv": [ 4.375, 4.75, 4.25, 4.875 ], "texture": "#mp5_atlas" }
			}
		},
		{
			"__comment": "Voxels",
			"from": [ 10.25, 5.75, 8.25 ],
			"to": [ 11.25, 6, 8.5 ],
			"faces": {
				"down": { "uv": [ 13, 9.625, 13.5, 9.75 ], "texture": "#mp5_atlas" },
				"up": { "uv": [ 12.5, 9.75, 13, 9.625 ], "texture": "#mp5_atlas" },
				"north": { "uv": [ 12.5, 9.625, 12, 9.75 ], "texture": "#mp5_atlas" },
				"south": { "uv": [ 15.5, 9.75, 16, 9.875 ], "texture": "#mp5_atlas" },
				"west": { "uv": [ 4.25, 3.625, 4.375, 3.75 ], "texture": "#mp5_atlas" },
				"east": { "uv": [ 4.375, 3.5, 4.25, 3.625 ], "texture": "#mp5_atlas" }
			}
		},
		{
			"__comment": "Voxels",
			"from": [ 10.25, 6, 7.5 ],
			"to": [ 11, 6.25, 7.75 ],
			"faces": {
				"north": { "uv": [ 4.25, 5.375, 3.875, 5.5 ], "texture": "#mp5_atlas" },
				"south": { "uv": [ 3.875, 5.5, 4.25, 5.625 ], "texture": "#mp5_atlas" },
				"west": { "uv": [ 4.25, 2.75, 4.375, 2.875 ], "texture": "#mp5_atlas" },
				"east": { "uv": [ 4.375, 2.625, 4.25, 2.75 ], "texture": "#mp5_atlas" }
			}
		},
		{
			"__comment": "Voxels",
			"from": [ 10.25, 6, 8.25 ],
			"to": [ 11, 6.5, 8.5 ],
			"faces": {
				"north": { "uv": [ 3.125, 8, 2.75, 8.25 ], "texture": "#mp5_atlas" },
				"south": { "uv": [ 2.75, 7.75, 3.125, 8 ], "texture": "#mp5_atlas" },
				"west": { "uv": [ 3.875, 0.5, 4, 0.75 ], "texture": "#mp5_atlas" },
				"east": { "uv": [ 4.125, 0.5, 4, 0.75 ], "texture": "#mp5_atlas" }
			}
		},
		{
			"__comment": "Voxels",
			"from": [ 10.25, 7.5, 7.75 ],
			"to": [ 10.75, 7.75, 8.25 ],
			"faces": {
				"down": { "uv": [ 3.625, 9.125, 3.875, 9.375 ], "texture": "#mp5_atlas" },
				"up": { "uv": [ 3.625, 9.625, 3.875, 9.375 ], "texture": "#mp5_atlas" },
				"north": { "uv": [ 4.375, 0.625, 4.125, 0.75 ], "texture": "#mp5_atlas" },
				"south": { "uv": [ 4.125, 0.5, 4.375, 0.625 ], "texture": "#mp5_atlas" },
				"west": { "uv": [ 3.875, 0.375, 4.125, 0.5 ], "texture": "#mp5_atlas" },
				"east": { "uv": [ 4.375, 0.375, 4.125, 0.5 ], "texture": "#mp5_atlas" }
			}
		},
		{
			"__comment": "Voxels",
			"from": [ 10.25, 7.75, 7.75 ],
			"to": [ 10.5, 8.25, 8.25 ],
			"faces": {
				"north": { "uv": [ 4.25, 0.125, 4.125, 0.375 ], "texture": "#mp5_atlas" },
				"south": { "uv": [ 4.25, 0.125, 4.375, 0.375 ], "texture": "#mp5_atlas" },
				"west": { "uv": [ 3.375, 0.125, 3.625, 0.375 ], "texture": "#mp5_atlas" },
				"east": { "uv": [ 3.625, 0.375, 3.375, 0.625 ], "texture": "#mp5_atlas" }
			}
		},
		{
			"__comment": "Voxels",
			"from": [ 10.5, 4.75, 7.75 ],
			"to": [ 12, 5, 8.25 ],
			"faces": {
				"down": { "uv": [ 2, 3.125, 2.75, 3.375 ], "texture": "#mp5_atlas" },
				"up": { "uv": [ 1.125, 3, 1.875, 2.75 ], "texture": "#mp5_atlas" },
				"north": { "uv": [ 2.75, 4.125, 2, 4.25 ], "texture": "#mp5_atlas" },
				"south": { "uv": [ 2, 3, 2.75, 3.125 ], "texture": "#mp5_atlas" },
				"west": { "uv": [ 4.125, 0, 4.375, 0.125 ], "texture": "#mp5_atlas" },
				"east": { "uv": [ 4.625, 9.5, 4.375, 9.625 ], "texture": "#mp5_atlas" }
			}
		},
		{
			"__comment": "Voxels",
			"from": [ 10.5, 5, 7.75 ],
			"to": [ 11, 5.25, 8.25 ],
			"faces": {
				"up": { "uv": [ 3.375, 1.125, 3.625, 0.875 ], "texture": "#mp5_atlas" },
				"north": { "uv": [ 4.625, 9.375, 4.375, 9.5 ], "texture": "#mp5_atlas" },
				"south": { "uv": [ 4.375, 9.25, 4.625, 9.375 ], "texture": "#mp5_atlas" },
				"west": { "uv": [ 4.375, 9.125, 4.625, 9.25 ], "texture": "#mp5_atlas" },
				"east": { "uv": [ 4.625, 9, 4.375, 9.125 ], "texture": "#mp5_atlas" }
			}
		},
		{
			"__comment": "Voxels",
			"from": [ 10.5, 5.25, 7.5 ],
			"to": [ 11.5, 5.5, 7.75 ],
			"faces": {
				"down": { "uv": [ 14, 9.75, 14.5, 9.875 ], "texture": "#mp5_atlas" },
				"up": { "uv": [ 13.5, 9.875, 14, 9.75 ], "texture": "#mp5_atlas" },
				"north": { "uv": [ 13.5, 9.75, 13, 9.875 ], "texture": "#mp5_atlas" },
				"south": { "uv": [ 12.5, 9.75, 13, 9.875 ], "texture": "#mp5_atlas" },
				"west": { "uv": [ 4.875, 7.75, 5, 7.875 ], "texture": "#mp5_atlas" },
				"east": { "uv": [ 5, 7.375, 4.875, 7.5 ], "texture": "#mp5_atlas" }
			}
		},
		{
			"__comment": "Voxels",
			"from": [ 10.5, 5.25, 8.25 ],
			"to": [ 11.5, 5.5, 8.5 ],
			"faces": {
				"down": { "uv": [ 12, 9.75, 12.5, 9.875 ], "texture": "#mp5_atlas" },
				"up": { "uv": [ 15.5, 10, 16, 9.875 ], "texture": "#mp5_atlas" },
				"north": { "uv": [ 15.5, 9.875, 15, 10 ], "texture": "#mp5_atlas" },
				"south": { "uv": [ 14.5, 9.875, 15, 10 ], "texture": "#mp5_atlas" },
				"west": { "uv": [ 4.875, 6, 5, 6.125 ], "texture": "#mp5_atlas" },
				"east": { "uv": [ 5, 5.875, 4.875, 6 ], "texture": "#mp5_atlas" }
			}
		},
		{
			"__comment": "Voxels",
			"from": [ 10.5, 5.5, 7.5 ],
			"to": [ 11.25, 5.75, 7.75 ],
			"faces": {
				"north": { "uv": [ 4.25, 5.75, 3.875, 5.875 ], "texture": "#mp5_atlas" },
				"south": { "uv": [ 3.875, 5.625, 4.25, 5.75 ], "texture": "#mp5_atlas" },
				"west": { "uv": [ 4.875, 5, 5, 5.125 ], "texture": "#mp5_atlas" },
				"east": { "uv": [ 5, 4.625, 4.875, 4.75 ], "texture": "#mp5_atlas" }
			}
		},
		{
			"__comment": "Voxels",
			"from": [ 10.5, 5.5, 8.25 ],
			"to": [ 11.25, 5.75, 8.5 ],
			"faces": {
				"north": { "uv": [ 4.25, 3, 3.875, 3.125 ], "texture": "#mp5_atlas" },
				"south": { "uv": [ 3.875, 2.625, 4.25, 2.75 ], "texture": "#mp5_atlas" },
				"west": { "uv": [ 4.875, 3.75, 5, 3.875 ], "texture": "#mp5_atlas" },
				"east": { "uv": [ 5, 3.625, 4.875, 3.75 ], "texture": "#mp5_atlas" }
			}
		},
		{
			"__comment": "Voxels",
			"from": [ 10.5, 6.75, 7.75 ],
			"to": [ 11, 7, 8.25 ],
			"faces": {
				"down": { "uv": [ 3.375, 4.375, 3.625, 4.625 ], "texture": "#mp5_atlas" },
				"up": { "uv": [ 3.375, 4.875, 3.625, 4.625 ], "texture": "#mp5_atlas" },
				"north": { "uv": [ 4.625, 8.875, 4.375, 9 ], "texture": "#mp5_atlas" },
				"south": { "uv": [ 4.375, 8.75, 4.625, 8.875 ], "texture": "#mp5_atlas" },
				"west": { "uv": [ 4.375, 8.625, 4.625, 8.75 ], "texture": "#mp5_atlas" },
				"east": { "uv": [ 4.625, 8.5, 4.375, 8.625 ], "texture": "#mp5_atlas" }
			}
		},
		{
			"__comment": "Voxels",
			"from": [ 10.5, 7, 7.75 ],
			"to": [ 10.75, 7.5, 8.25 ],
			"faces": {
				"north": { "uv": [ 4.5, 8, 4.375, 8.25 ], "texture": "#mp5_atlas" },
				"south": { "uv": [ 4.5, 8, 4.625, 8.25 ], "texture": "#mp5_atlas" },
				"west": { "uv": [ 3.375, 4.875, 3.625, 5.125 ], "texture": "#mp5_atlas" },
				"east": { "uv": [ 3.625, 5.125, 3.375, 5.375 ], "texture": "#mp5_atlas" }
			}
		},
		{
			"__comment": "Voxels",
			"from": [ 10.5, 8.75, 7.25 ],
			"to": [ 12.5, 9, 7.5 ],
			"faces": {
				"down": { "uv": [ 1.75, 0.375, 2.75, 0.5 ], "texture": "#mp5_atlas" },
				"north": { "uv": [ 14.5, 12.25, 13.5, 12.375 ], "texture": "#mp5_atlas" },
				"west": { "uv": [ 4.875, 1.25, 5, 1.375 ], "texture": "#mp5_atlas" },
				"east": { "uv": [ 5, 1.125, 4.875, 1.25 ], "texture": "#mp5_atlas" }
			}
		},
		{
			"__comment": "Voxels",
			"from": [ 10.5, 8.75, 8.5 ],
			"to": [ 12.5, 9, 8.75 ],
			"faces": {
				"down": { "uv": [ 1.75, 1.375, 2.75, 1.5 ], "texture": "#mp5_atlas" },
				"south": { "uv": [ 1.75, 0.75, 2.75, 0.875 ], "texture": "#mp5_atlas" },
				"west": { "uv": [ 4.875, 0.5, 5, 0.625 ], "texture": "#mp5_atlas" },
				"east": { "uv": [ 5, 0.375, 4.875, 0.5 ], "texture": "#mp5_atlas" }
			}
		},
		{
			"__comment": "Voxels",
			"from": [ 10.5, 9.25, 7 ],
			"to": [ 11.5, 9.75, 7.25 ],
			"faces": {
				"down": { "uv": [ 12, 9.875, 12.5, 10 ], "texture": "#mp5_atlas" },
				"up": { "uv": [ 13.75, 10.25, 14.25, 10.125 ], "texture": "#mp5_atlas" },
				"north": { "uv": [ 1.75, 0, 1.25, 0.25 ], "texture": "#mp5_atlas" },
				"south": { "uv": [ 1.75, 0.5, 2.25, 0.75 ], "texture": "#mp5_atlas" },
				"west": { "uv": [ 4.375, 7.25, 4.5, 7.5 ], "texture": "#mp5_atlas" },
				"east": { "uv": [ 4.625, 7.25, 4.5, 7.5 ], "texture": "#mp5_atlas" }
			}
		},
		{
			"__comment": "Voxels",
			"from": [ 10.5, 9.25, 8.75 ],
			"to": [ 11.5, 9.75, 9 ],
			"faces": {
				"down": { "uv": [ 14.5, 10, 15, 10.125 ], "texture": "#mp5_atlas" },
				"up": { "uv": [ 13, 10.125, 13.5, 10 ], "texture": "#mp5_atlas" },
				"north": { "uv": [ 2.25, 0, 1.75, 0.25 ], "texture": "#mp5_atlas" },
				"south": { "uv": [ 2.75, 9.125, 3.25, 9.375 ], "texture": "#mp5_atlas" },
				"west": { "uv": [ 4.375, 6.75, 4.5, 7 ], "texture": "#mp5_atlas" },
				"east": { "uv": [ 4.625, 6.75, 4.5, 7 ], "texture": "#mp5_atlas" }
			}
		},
		{
			"__comment": "Voxels",
			"from": [ 10.5, 10, 7.25 ],
			"to": [ 14, 10.25, 7.5 ],
			"faces": {
				"up": { "uv": [ 0.5, 4.375, 2.25, 4.25 ], "texture": "#mp5_atlas" },
				"north": { "uv": [ 2.25, 4.375, 0.5, 4.5 ], "texture": "#mp5_atlas" },
				"west": { "uv": [ 2.625, 2.25, 2.75, 2.375 ], "texture": "#mp5_atlas" },
				"east": { "uv": [ 2.75, 2, 2.625, 2.125 ], "texture": "#mp5_atlas" }
			}
		},
		{
			"__comment": "Voxels",
			"from": [ 10.5, 10, 8.5 ],
			"to": [ 14, 10.25, 8.75 ],
			"faces": {
				"up": { "uv": [ 0.5, 4.875, 2.25, 4.75 ], "texture": "#mp5_atlas" },
				"south": { "uv": [ 0.5, 5, 2.25, 5.125 ], "texture": "#mp5_atlas" },
				"west": { "uv": [ 4.25, 9.125, 4.375, 9.25 ], "texture": "#mp5_atlas" },
				"east": { "uv": [ 4.375, 9, 4.25, 9.125 ], "texture": "#mp5_atlas" }
			}
		},
		{
			"__comment": "Voxels",
			"from": [ 10.75, 4.5, 7.75 ],
			"to": [ 11.75, 4.75, 8.25 ],
			"faces": {
				"down": { "uv": [ 2.25, 0.5, 2.75, 0.75 ], "texture": "#mp5_atlas" },
				"north": { "uv": [ 15.75, 10.125, 15.25, 10.25 ], "texture": "#mp5_atlas" },
				"south": { "uv": [ 14.75, 10.125, 15.25, 10.25 ], "texture": "#mp5_atlas" },
				"west": { "uv": [ 4.375, 5.875, 4.625, 6 ], "texture": "#mp5_atlas" },
				"east": { "uv": [ 4.625, 5.75, 4.375, 5.875 ], "texture": "#mp5_atlas" }
			}
		},
		{
			"__comment": "Voxels",
			"from": [ 10.75, 4.75, 7.5 ],
			"to": [ 11.75, 5.25, 7.75 ],
			"faces": {
				"down": { "uv": [ 14.25, 10.125, 14.75, 10.25 ], "texture": "#mp5_atlas" },
				"up": { "uv": [ 12.25, 10.25, 12.75, 10.125 ], "texture": "#mp5_atlas" },
				"north": { "uv": [ 1.125, 0.125, 0.625, 0.375 ], "texture": "#mp5_atlas" },
				"south": { "uv": [ 2.25, 11.625, 2.75, 11.875 ], "texture": "#mp5_atlas" },
				"west": { "uv": [ 4.5, 6, 4.625, 6.25 ], "texture": "#mp5_atlas" },
				"east": { "uv": [ 4.5, 5.5, 4.375, 5.75 ], "texture": "#mp5_atlas" }
			}
		},
		{
			"__comment": "Voxels",
			"from": [ 10.75, 4.75, 8.25 ],
			"to": [ 11.75, 5.25, 8.5 ],
			"faces": {
				"down": { "uv": [ 12.25, 10.25, 12.75, 10.375 ], "texture": "#mp5_atlas" },
				"up": { "uv": [ 15.25, 10.5, 15.75, 10.375 ], "texture": "#mp5_atlas" },
				"north": { "uv": [ 2.75, 11.875, 2.25, 12.125 ], "texture": "#mp5_atlas" },
				"south": { "uv": [ 1.75, 1, 2.25, 1.25 ], "texture": "#mp5_atlas" },
				"west": { "uv": [ 4.5, 5.5, 4.625, 5.75 ], "texture": "#mp5_atlas" },
				"east": { "uv": [ 4.5, 5.25, 4.375, 5.5 ], "texture": "#mp5_atlas" }
			}
		},
		{
			"__comment": "Voxels",
			"from": [ 10.75, 6, 7.75 ],
			"to": [ 11.25, 6.5, 8.25 ],
			"faces": {
				"down": { "uv": [ 3.375, 2.625, 3.625, 2.875 ], "texture": "#mp5_atlas" },
				"up": { "uv": [ 2.75, 0.5, 3, 0.25 ], "texture": "#mp5_atlas" },
				"north": { "uv": [ 3.25, 0.25, 3, 0.5 ], "texture": "#mp5_atlas" },
				"south": { "uv": [ 2.75, 0, 3, 0.25 ], "texture": "#mp5_atlas" },
				"west": { "uv": [ 3, 0, 3.25, 0.25 ], "texture": "#mp5_atlas" },
				"east": { "uv": [ 3.625, 9.375, 3.375, 9.625 ], "texture": "#mp5_atlas" }
			}
		},
		{
			"__comment": "Voxels",
			"from": [ 10.75, 6.5, 7.75 ],
			"to": [ 11, 6.75, 8.25 ],
			"faces": {
				"west": { "uv": [ 4.375, 4.25, 4.625, 4.375 ], "texture": "#mp5_atlas" },
				"east": { "uv": [ 4.625, 4.125, 4.375, 4.25 ], "texture": "#mp5_atlas" }
			}
		},
		{
			"__comment": "Voxels",
			"from": [ 10.75, 9, 7 ],
			"to": [ 11.5, 9.25, 7.25 ],
			"faces": {
				"down": { "uv": [ 3.875, 1.375, 4.25, 1.5 ], "texture": "#mp5_atlas" },
				"north": { "uv": [ 4.25, 4.625, 3.875, 4.75 ], "texture": "#mp5_atlas" },
				"west": { "uv": [ 4.25, 4.625, 4.375, 4.75 ], "texture": "#mp5_atlas" },
				"east": { "uv": [ 4.375, 4.5, 4.25, 4.625 ], "texture": "#mp5_atlas" }
			}
		},
		{
			"__comment": "Voxels",
			"from": [ 10.75, 9, 8.75 ],
			"to": [ 11.25, 9.25, 9 ],
			"faces": {
				"down": { "uv": [ 4.375, 3.5, 4.625, 3.625 ], "texture": "#mp5_atlas" },
				"south": { "uv": [ 4.375, 3.125, 4.625, 3.25 ], "texture": "#mp5_atlas" },
				"west": { "uv": [ 4.25, 3.875, 4.375, 4 ], "texture": "#mp5_atlas" },
				"east": { "uv": [ 4.375, 3.75, 4.25, 3.875 ], "texture": "#mp5_atlas" }
			}
		},
		{
			"__comment": "Voxels",
			"from": [ 10.75, 9.75, 7 ],
			"to": [ 11.5, 10, 7.25 ],
			"faces": {
				"up": { "uv": [ 3.875, 4.375, 4.25, 4.25 ], "texture": "#mp5_atlas" },
				"north": { "uv": [ 4.25, 4.125, 3.875, 4.25 ], "texture": "#mp5_atlas" },
				"west": { "uv": [ 4.25, 3.125, 4.375, 3.25 ], "texture": "#mp5_atlas" },
				"east": { "uv": [ 5, 0.25, 4.875, 0.375 ], "texture": "#mp5_atlas" }
			}
		},
		{
			"__comment": "Voxels",
			"from": [ 10.75, 9.75, 8.75 ],
			"to": [ 11.5, 10, 9 ],
			"faces": {
				"up": { "uv": [ 3.875, 3.875, 4.25, 3.75 ], "texture": "#mp5_atlas" },
				"south": { "uv": [ 3.875, 3.5, 4.25, 3.625 ], "texture": "#mp5_atlas" },
				"west": { "uv": [ 4.25, 2.375, 4.375, 2.5 ], "texture": "#mp5_atlas" },
				"east": { "uv": [ 4.375, 2.25, 4.25, 2.375 ], "texture": "#mp5_atlas" }
			}
		},
		{
			"__comment": "Voxels",
			"from": [ 10.75, 10, 7 ],
			"to": [ 11.25, 10.25, 7.25 ],
			"faces": {
				"up": { "uv": [ 4.375, 1.875, 4.625, 1.75 ], "texture": "#mp5_atlas" },
				"north": { "uv": [ 4.625, 1.625, 4.375, 1.75 ], "texture": "#mp5_atlas" },
				"west": { "uv": [ 4.25, 1.625, 4.375, 1.75 ], "texture": "#mp5_atlas" },
				"east": { "uv": [ 4.375, 1.5, 4.25, 1.625 ], "texture": "#mp5_atlas" }
			}
		},
		{
			"__comment": "Voxels",
			"from": [ 10.75, 10, 8.75 ],
			"to": [ 11.25, 10.25, 9 ],
			"faces": {
				"up": { "uv": [ 4.375, 1.375, 4.625, 1.25 ], "texture": "#mp5_atlas" },
				"south": { "uv": [ 4.375, 1, 4.625, 1.125 ], "texture": "#mp5_atlas" },
				"west": { "uv": [ 4, 0, 4.125, 0.125 ], "texture": "#mp5_atlas" },
				"east": { "uv": [ 4.75, 2, 4.625, 2.125 ], "texture": "#mp5_atlas" }
			}
		},
		{
			"__comment": "Voxels",
			"from": [ 11, 4.25, 7.75 ],
			"to": [ 11.25, 4.5, 8.25 ],
			"faces": {
				"down": { "uv": [ 4.5, 3.75, 4.625, 4 ], "texture": "#mp5_atlas" },
				"north": { "uv": [ 4.875, 1.875, 4.75, 2 ], "texture": "#mp5_atlas" },
				"south": { "uv": [ 4.625, 1.75, 4.75, 1.875 ], "texture": "#mp5_atlas" },
				"west": { "uv": [ 4.375, 0.625, 4.625, 0.75 ], "texture": "#mp5_atlas" },
				"east": { "uv": [ 4.625, 0.5, 4.375, 0.625 ], "texture": "#mp5_atlas" }
			}
		},
		{
			"__comment": "Voxels",
			"from": [ 11, 4.5, 7.5 ],
			"to": [ 11.25, 4.75, 7.75 ],
			"faces": {
				"down": { "uv": [ 4.75, 1.625, 4.875, 1.75 ], "texture": "#mp5_atlas" },
				"north": { "uv": [ 4.875, 1.5, 4.75, 1.625 ], "texture": "#mp5_atlas" },
				"west": { "uv": [ 4.75, 1.375, 4.875, 1.5 ], "texture": "#mp5_atlas" },
				"east": { "uv": [ 4.75, 1.25, 4.625, 1.375 ], "texture": "#mp5_atlas" }
			}
		},
		{
			"__comment": "Voxels",
			"from": [ 11, 4.5, 8.25 ],
			"to": [ 11.25, 4.75, 8.5 ],
			"faces": {
				"down": { "uv": [ 4.75, 1.25, 4.875, 1.375 ], "texture": "#mp5_atlas" },
				"south": { "uv": [ 4.625, 1, 4.75, 1.125 ], "texture": "#mp5_atlas" },
				"west": { "uv": [ 4.75, 1, 4.875, 1.125 ], "texture": "#mp5_atlas" },
				"east": { "uv": [ 4.75, 0.875, 4.625, 1 ], "texture": "#mp5_atlas" }
			}
		},
		{
			"__comment": "Voxels",
			"from": [ 11, 5.5, 7.75 ],
			"to": [ 11.5, 6, 8.25 ],
			"faces": {
				"down": { "uv": [ 3.375, 9.125, 3.625, 9.375 ], "texture": "#mp5_atlas" },
				"up": { "uv": [ 3.375, 7.375, 3.625, 7.125 ], "texture": "#mp5_atlas" },
				"north": { "uv": [ 3.625, 8.875, 3.375, 9.125 ], "texture": "#mp5_atlas" },
				"south": { "uv": [ 3.375, 8.625, 3.625, 8.875 ], "texture": "#mp5_atlas" },
				"west": { "uv": [ 3.375, 8.375, 3.625, 8.625 ], "texture": "#mp5_atlas" },
				"east": { "uv": [ 3.625, 8.125, 3.375, 8.375 ], "texture": "#mp5_atlas" }
			}
		},
		{
			"__comment": "Voxels",
			"from": [ 11.25, 5, 7.75 ],
			"to": [ 12, 5.25, 8.25 ],
			"faces": {
				"up": { "uv": [ 2.75, 7.5, 3.125, 7.25 ], "texture": "#mp5_atlas" },
				"north": { "uv": [ 4.25, 2.875, 3.875, 3 ], "texture": "#mp5_atlas" },
				"south": { "uv": [ 3.875, 2.75, 4.25, 2.875 ], "texture": "#mp5_atlas" },
				"west": { "uv": [ 4.625, 9.125, 4.875, 9.25 ], "texture": "#mp5_atlas" },
				"east": { "uv": [ 4.875, 9, 4.625, 9.125 ], "texture": "#mp5_atlas" }
			}
		},
		{
			"__comment": "Voxels",
			"from": [ 11.25, 5.25, 7.75 ],
			"to": [ 11.75, 5.5, 8.25 ],
			"faces": {
				"up": { "uv": [ 3.375, 7.875, 3.625, 7.625 ], "texture": "#mp5_atlas" },
				"north": { "uv": [ 4.875, 8.625, 4.625, 8.75 ], "texture": "#mp5_atlas" },
				"south": { "uv": [ 4.625, 8.5, 4.875, 8.625 ], "texture": "#mp5_atlas" },
				"west": { "uv": [ 4.625, 8.375, 4.875, 8.5 ], "texture": "#mp5_atlas" },
				"east": { "uv": [ 4.875, 8.25, 4.625, 8.375 ], "texture": "#mp5_atlas" }
			}
		},
		{
			"__comment": "Voxels",
			"from": [ 11.75, 10.25, 7.5 ],
			"to": [ 14.25, 10.5, 7.75 ],
			"faces": {
				"up": { "uv": [ 1.125, 2.25, 2.375, 2.125 ], "texture": "#mp5_atlas" },
				"north": { "uv": [ 2.5, 1.5, 1.25, 1.625 ], "texture": "#mp5_atlas" },
				"west": { "uv": [ 4.875, 8.625, 5, 8.75 ], "texture": "#mp5_atlas" },
				"east": { "uv": [ 5, 8.5, 4.875, 8.625 ], "texture": "#mp5_atlas" }
			}
		},
		{
			"__comment": "Voxels",
			"from": [ 12.25, 8.5, 7.75 ],
			"to": [ 12.5, 8.75, 8.25 ],
			"faces": {
				"down": { "uv": [ 4.625, 7.75, 4.75, 8 ], "texture": "#mp5_atlas" },
				"north": { "uv": [ 5, 8.125, 4.875, 8.25 ], "texture": "#mp5_atlas" },
				"south": { "uv": [ 4.875, 8, 5, 8.125 ], "texture": "#mp5_atlas" },
				"east": { "uv": [ 4.875, 7.5, 4.625, 7.625 ], "texture": "#mp5_atlas" }
			}
		},
		{
			"__comment": "Voxels",
			"from": [ 13.5, 10.5, 7.25 ],
			"to": [ 13.75, 11, 7.5 ],
			"faces": {
				"down": { "uv": [ 4.875, 7.625, 5, 7.75 ], "texture": "#mp5_atlas" },
				"up": { "uv": [ 4.875, 7.625, 5, 7.5 ], "texture": "#mp5_atlas" },
				"north": { "uv": [ 4.75, 7.25, 4.625, 7.5 ], "texture": "#mp5_atlas" },
				"south": { "uv": [ 4.75, 7.25, 4.875, 7.5 ], "texture": "#mp5_atlas" },
				"west": { "uv": [ 4.625, 7, 4.75, 7.25 ], "texture": "#mp5_atlas" },
				"east": { "uv": [ 4.875, 7, 4.75, 7.25 ], "texture": "#mp5_atlas" }
			}
		},
		{
			"__comment": "Voxels",
			"from": [ 13.5, 10.5, 7.5 ],
			"to": [ 13.75, 10.75, 7.75 ],
			"faces": {
				"up": { "uv": [ 4.875, 6.875, 5, 6.75 ], "texture": "#mp5_atlas" },
				"west": { "uv": [ 4.875, 6.375, 5, 6.5 ], "texture": "#mp5_atlas" },
				"east": { "uv": [ 5, 6.25, 4.875, 6.375 ], "texture": "#mp5_atlas" }
			}
		},
		{
			"__comment": "Voxels",
			"from": [ 14.75, 10.25, 7.5 ],
			"to": [ 15.25, 10.5, 7.75 ],
			"faces": {
				"up": { "uv": [ 4.625, 6.875, 4.875, 6.75 ], "texture": "#mp5_atlas" },
				"north": { "uv": [ 4.875, 6.625, 4.625, 6.75 ], "texture": "#mp5_atlas" },
				"west": { "uv": [ 4.875, 5.625, 5, 5.75 ], "texture": "#mp5_atlas" },
				"east": { "uv": [ 5, 5.5, 4.875, 5.625 ], "texture": "#mp5_atlas" }
			}
		},
		{
			"__comment": "Voxels",
			"from": [ 14.75, 10.25, 8.25 ],
			"to": [ 15.25, 10.5, 8.5 ],
			"faces": {
				"up": { "uv": [ 4.625, 6.375, 4.875, 6.25 ], "texture": "#mp5_atlas" },
				"south": { "uv": [ 4.625, 6, 4.875, 6.125 ], "texture": "#mp5_atlas" },
				"west": { "uv": [ 4.875, 4.875, 5, 5 ], "texture": "#mp5_atlas" },
				"east": { "uv": [ 5, 4.75, 4.875, 4.875 ], "texture": "#mp5_atlas" }
			}
		},
		{
			"__comment": "Voxels",
			"from": [ 14.75, 10.75, 7.5 ],
			"to": [ 15.25, 11.5, 7.75 ],
			"faces": {
				"down": { "uv": [ 4.625, 5.875, 4.875, 6 ], "texture": "#mp5_atlas" },
				"up": { "uv": [ 4.625, 5.875, 4.875, 5.75 ], "texture": "#mp5_atlas" },
				"north": { "uv": [ 0.25, 0, 0, 0.375 ], "texture": "#mp5_atlas" },
				"south": { "uv": [ 2.75, 5.875, 3, 6.25 ], "texture": "#mp5_atlas" },
				"west": { "uv": [ 3.625, 6, 3.75, 6.375 ], "texture": "#mp5_atlas" },
				"east": { "uv": [ 3.875, 6, 3.75, 6.375 ], "texture": "#mp5_atlas" }
			}
		},
		{
			"__comment": "Voxels",
			"from": [ 14.75, 10.75, 7.75 ],
			"to": [ 15.5, 11, 8.25 ],
			"faces": {
				"up": { "uv": [ 2.75, 4.875, 3.125, 4.625 ], "texture": "#mp5_atlas" },
				"north": { "uv": [ 4.25, 2.125, 3.875, 2.25 ], "texture": "#mp5_atlas" },
				"south": { "uv": [ 3.875, 2, 4.25, 2.125 ], "texture": "#mp5_atlas" },
				"west": { "uv": [ 4.625, 4.875, 4.875, 5 ], "texture": "#mp5_atlas" },
				"east": { "uv": [ 4.875, 4.75, 4.625, 4.875 ], "texture": "#mp5_atlas" }
			}
		},
		{
			"__comment": "Voxels",
			"from": [ 14.75, 10.75, 8.25 ],
			"to": [ 15.25, 11.5, 8.5 ],
			"faces": {
				"down": { "uv": [ 4.625, 4.625, 4.875, 4.75 ], "texture": "#mp5_atlas" },
				"up": { "uv": [ 4.625, 4.625, 4.875, 4.5 ], "texture": "#mp5_atlas" },
				"north": { "uv": [ 3.25, 5.875, 3, 6.25 ], "texture": "#mp5_atlas" },
				"south": { "uv": [ 2.75, 4.25, 3, 4.625 ], "texture": "#mp5_atlas" },
				"west": { "uv": [ 3.625, 5.625, 3.75, 6 ], "texture": "#mp5_atlas" },
				"east": { "uv": [ 3.875, 5.625, 3.75, 6 ], "texture": "#mp5_atlas" }
			}
		},
		{
			"__comment": "Voxels",
			"from": [ 14.75, 11.5, 7.75 ],
			"to": [ 15.25, 11.75, 8.25 ],
			"faces": {
				"down": { "uv": [ 3.375, 6.625, 3.625, 6.875 ], "texture": "#mp5_atlas" },
				"up": { "uv": [ 3.375, 6.625, 3.625, 6.375 ], "texture": "#mp5_atlas" },
				"north": { "uv": [ 4.875, 3.875, 4.625, 4 ], "texture": "#mp5_atlas" },
				"south": { "uv": [ 4.625, 3.75, 4.875, 3.875 ], "texture": "#mp5_atlas" },
				"west": { "uv": [ 4.625, 3.625, 4.875, 3.75 ], "texture": "#mp5_atlas" },
				"east": { "uv": [ 4.875, 3.5, 4.625, 3.625 ], "texture": "#mp5_atlas" }
			}
		},
		{
			"__comment": "Voxels",
			"from": [ 15.25, 9.75, 7.75 ],
			"to": [ 15.5, 10.25, 8.25 ],
			"faces": {
				"north": { "uv": [ 4.75, 3, 4.625, 3.25 ], "texture": "#mp5_atlas" },
				"south": { "uv": [ 4.75, 3, 4.875, 3.25 ], "texture": "#mp5_atlas" },
				"west": { "uv": [ 3.375, 6.125, 3.625, 6.375 ], "texture": "#mp5_atlas" },
				"east": { "uv": [ 3.625, 5.875, 3.375, 6.125 ], "texture": "#mp5_atlas" }
			}
		},
		{
			"__comment": "Voxels",
			"from": [ 15.75, 9.5, 7.75 ],
			"to": [ 17, 9.75, 8.25 ],
			"faces": {
				"up": { "uv": [ 1.875, 2.75, 2.5, 2.5 ], "texture": "#mp5_atlas" },
				"north": { "uv": [ 14.375, 10.625, 13.75, 10.75 ], "texture": "#mp5_atlas" },
				"south": { "uv": [ 2.125, 7.375, 2.75, 7.5 ], "texture": "#mp5_atlas" },
				"east": { "uv": [ 4.625, 2.5, 4.375, 2.625 ], "texture": "#mp5_atlas" }
			}
		}
	],
	"display": {
		"thirdperson_righthand": {
			"rotation":  [ 0, 90, 0 ]
		},
		"firstperson_righthand": {
			"rotation":  [ 0, 90, 0 ],
			"translation":  [ -2.781, 2.5, 0.6956 ]
		},
		"gui": {
			"rotation":  [ 0, 0, 41 ],
			"translation":  [ 0.6956, 0, 0 ],
			"scale":  [ 1.2, 1.2, 1.2 ]
		},
		"head": {
			"rotation":  [ 90, 0, 0 ],
			"translation":  [ 0, -45.91, 0 ],
			"scale":  [ 2, 2, 2 ]
		}
	}
}