{
   "providers":[
      {
         "file":"efm/gui/stash.png",
         "ascent":18,
         "type":"bitmap",
         "chars":[
            "光"
         ],
         "height":256
      },
      {
         "file":"efm/gui/pilgrim.png",
         "ascent":25,
         "type":"bitmap",
         "chars":[
            "湙"
         ],
         "height":75
      },
      {
         "file":"efm/gui/take.png",
         "ascent":-125,
         "type":"bitmap",
         "chars":[
            "鄝"
         ],
         "height":25
      },
      {
         "file":"gui/space_split.png",
         "ascent":-32768,
         "type":"bitmap",
         "chars":[
            "ꈂ"
         ],
         "size":[10,10],
         "height":-10
      }
   ]
}


